****************************************
Report : timing
	-path_type full
	-delay_type min
	-slack_lesser_than 0.00
	-max_paths 300
	-sort_by slack
Design : sync_fifo
Version: W-2024.09-SP5-5
Date   : Mon Sep 28 17:01:40 2026
****************************************


  Startpoint: fifo_mem_reg_5__21_
               (rising edge-triggered flip-flop clocked by clk)
  Endpoint: fifo_mem_reg_5__21_
               (rising edge-triggered flip-flop clocked by clk)
  Path Group: clk
  Path Type: min

  Point                                                   Incr       Path
  ------------------------------------------------------------------------------
  clock clk (rise edge)                                   0.00       0.00
  clock network delay (ideal)                             0.00       0.00
  fifo_mem_reg_5__21_/CLK (DFFHQNx1_ASAP7_75t_R)          0.00       0.00 r
  fifo_mem_reg_5__21_/QN (DFFHQNx1_ASAP7_75t_R)          48.37      48.37 r
  U537/Y (AOI22xp33_ASAP7_75t_R)                         12.41      60.79 f
  fifo_mem_reg_5__21_/D (DFFHQNx1_ASAP7_75t_R)            0.00      60.79 f
  data arrival time                                                 60.79

  clock clk (rise edge)                                   0.00       0.00
  clock network delay (ideal)                             0.00       0.00
  fifo_mem_reg_5__21_/CLK (DFFHQNx1_ASAP7_75t_R)                     0.00 r
  clock reconvergence pessimism                           0.00       0.00
  clock uncertainty                                     100.00     100.00
  library hold time                                      13.32     113.32
  data required time                                               113.32
  ------------------------------------------------------------------------------
  data required time                                               113.32
  data arrival time                                                -60.79
  ------------------------------------------------------------------------------
  slack (VIOLATED)                                                 -52.54


  Startpoint: fifo_mem_reg_5__20_
               (rising edge-triggered flip-flop clocked by clk)
  Endpoint: fifo_mem_reg_5__20_
               (rising edge-triggered flip-flop clocked by clk)
  Path Group: clk
  Path Type: min

  Point                                                   Incr       Path
  ------------------------------------------------------------------------------
  clock clk (rise edge)                                   0.00       0.00
  clock network delay (ideal)                             0.00       0.00
  fifo_mem_reg_5__20_/CLK (DFFHQNx1_ASAP7_75t_R)          0.00       0.00 r
  fifo_mem_reg_5__20_/QN (DFFHQNx1_ASAP7_75t_R)          48.37      48.37 r
  U536/Y (AOI22xp33_ASAP7_75t_R)                         12.41      60.79 f
  fifo_mem_reg_5__20_/D (DFFHQNx1_ASAP7_75t_R)            0.00      60.79 f
  data arrival time                                                 60.79

  clock clk (rise edge)                                   0.00       0.00
  clock network delay (ideal)                             0.00       0.00
  fifo_mem_reg_5__20_/CLK (DFFHQNx1_ASAP7_75t_R)                     0.00 r
  clock reconvergence pessimism                           0.00       0.00
  clock uncertainty                                     100.00     100.00
  library hold time                                      13.32     113.32
  data required time                                               113.32
  ------------------------------------------------------------------------------
  data required time                                               113.32
  data arrival time                                                -60.79
  ------------------------------------------------------------------------------
  slack (VIOLATED)                                                 -52.54


  Startpoint: fifo_mem_reg_5__19_
               (rising edge-triggered flip-flop clocked by clk)
  Endpoint: fifo_mem_reg_5__19_
               (rising edge-triggered flip-flop clocked by clk)
  Path Group: clk
  Path Type: min

  Point                                                   Incr       Path
  ------------------------------------------------------------------------------
  clock clk (rise edge)                                   0.00       0.00
  clock network delay (ideal)                             0.00       0.00
  fifo_mem_reg_5__19_/CLK (DFFHQNx1_ASAP7_75t_R)          0.00       0.00 r
  fifo_mem_reg_5__19_/QN (DFFHQNx1_ASAP7_75t_R)          48.37      48.37 r
  U535/Y (AOI22xp33_ASAP7_75t_R)                         12.41      60.79 f
  fifo_mem_reg_5__19_/D (DFFHQNx1_ASAP7_75t_R)            0.00      60.79 f
  data arrival time                                                 60.79

  clock clk (rise edge)                                   0.00       0.00
  clock network delay (ideal)                             0.00       0.00
  fifo_mem_reg_5__19_/CLK (DFFHQNx1_ASAP7_75t_R)                     0.00 r
  clock reconvergence pessimism                           0.00       0.00
  clock uncertainty                                     100.00     100.00
  library hold time                                      13.32     113.32
  data required time                                               113.32
  ------------------------------------------------------------------------------
  data required time                                               113.32
  data arrival time                                                -60.79
  ------------------------------------------------------------------------------
  slack (VIOLATED)                                                 -52.54


  Startpoint: fifo_mem_reg_5__18_
               (rising edge-triggered flip-flop clocked by clk)
  Endpoint: fifo_mem_reg_5__18_
               (rising edge-triggered flip-flop clocked by clk)
  Path Group: clk
  Path Type: min

  Point                                                   Incr       Path
  ------------------------------------------------------------------------------
  clock clk (rise edge)                                   0.00       0.00
  clock network delay (ideal)                             0.00       0.00
  fifo_mem_reg_5__18_/CLK (DFFHQNx1_ASAP7_75t_R)          0.00       0.00 r
  fifo_mem_reg_5__18_/QN (DFFHQNx1_ASAP7_75t_R)          48.37      48.37 r
  U534/Y (AOI22xp33_ASAP7_75t_R)                         12.41      60.79 f
  fifo_mem_reg_5__18_/D (DFFHQNx1_ASAP7_75t_R)            0.00      60.79 f
  data arrival time                                                 60.79

  clock clk (rise edge)                                   0.00       0.00
  clock network delay (ideal)                             0.00       0.00
  fifo_mem_reg_5__18_/CLK (DFFHQNx1_ASAP7_75t_R)                     0.00 r
  clock reconvergence pessimism                           0.00       0.00
  clock uncertainty                                     100.00     100.00
  library hold time                                      13.32     113.32
  data required time                                               113.32
  ------------------------------------------------------------------------------
  data required time                                               113.32
  data arrival time                                                -60.79
  ------------------------------------------------------------------------------
  slack (VIOLATED)                                                 -52.54


  Startpoint: fifo_mem_reg_5__17_
               (rising edge-triggered flip-flop clocked by clk)
  Endpoint: fifo_mem_reg_5__17_
               (rising edge-triggered flip-flop clocked by clk)
  Path Group: clk
  Path Type: min

  Point                                                   Incr       Path
  ------------------------------------------------------------------------------
  clock clk (rise edge)                                   0.00       0.00
  clock network delay (ideal)                             0.00       0.00
  fifo_mem_reg_5__17_/CLK (DFFHQNx1_ASAP7_75t_R)          0.00       0.00 r
  fifo_mem_reg_5__17_/QN (DFFHQNx1_ASAP7_75t_R)          48.37      48.37 r
  U533/Y (AOI22xp33_ASAP7_75t_R)                         12.41      60.79 f
  fifo_mem_reg_5__17_/D (DFFHQNx1_ASAP7_75t_R)            0.00      60.79 f
  data arrival time                                                 60.79

  clock clk (rise edge)                                   0.00       0.00
  clock network delay (ideal)                             0.00       0.00
  fifo_mem_reg_5__17_/CLK (DFFHQNx1_ASAP7_75t_R)                     0.00 r
  clock reconvergence pessimism                           0.00       0.00
  clock uncertainty                                     100.00     100.00
  library hold time                                      13.32     113.32
  data required time                                               113.32
  ------------------------------------------------------------------------------
  data required time                                               113.32
  data arrival time                                                -60.79
  ------------------------------------------------------------------------------
  slack (VIOLATED)                                                 -52.54


  Startpoint: fifo_mem_reg_5__16_
               (rising edge-triggered flip-flop clocked by clk)
  Endpoint: fifo_mem_reg_5__16_
               (rising edge-triggered flip-flop clocked by clk)
  Path Group: clk
  Path Type: min

  Point                                                   Incr       Path
  ------------------------------------------------------------------------------
  clock clk (rise edge)                                   0.00       0.00
  clock network delay (ideal)                             0.00       0.00
  fifo_mem_reg_5__16_/CLK (DFFHQNx1_ASAP7_75t_R)          0.00       0.00 r
  fifo_mem_reg_5__16_/QN (DFFHQNx1_ASAP7_75t_R)          48.37      48.37 r
  U532/Y (AOI22xp33_ASAP7_75t_R)                         12.41      60.79 f
  fifo_mem_reg_5__16_/D (DFFHQNx1_ASAP7_75t_R)            0.00      60.79 f
  data arrival time                                                 60.79

  clock clk (rise edge)                                   0.00       0.00
  clock network delay (ideal)                             0.00       0.00
  fifo_mem_reg_5__16_/CLK (DFFHQNx1_ASAP7_75t_R)                     0.00 r
  clock reconvergence pessimism                           0.00       0.00
  clock uncertainty                                     100.00     100.00
  library hold time                                      13.32     113.32
  data required time                                               113.32
  ------------------------------------------------------------------------------
  data required time                                               113.32
  data arrival time                                                -60.79
  ------------------------------------------------------------------------------
  slack (VIOLATED)                                                 -52.54


  Startpoint: fifo_mem_reg_5__15_
               (rising edge-triggered flip-flop clocked by clk)
  Endpoint: fifo_mem_reg_5__15_
               (rising edge-triggered flip-flop clocked by clk)
  Path Group: clk
  Path Type: min

  Point                                                   Incr       Path
  ------------------------------------------------------------------------------
  clock clk (rise edge)                                   0.00       0.00
  clock network delay (ideal)                             0.00       0.00
  fifo_mem_reg_5__15_/CLK (DFFHQNx1_ASAP7_75t_R)          0.00       0.00 r
  fifo_mem_reg_5__15_/QN (DFFHQNx1_ASAP7_75t_R)          48.37      48.37 r
  U531/Y (AOI22xp33_ASAP7_75t_R)                         12.41      60.79 f
  fifo_mem_reg_5__15_/D (DFFHQNx1_ASAP7_75t_R)            0.00      60.79 f
  data arrival time                                                 60.79

  clock clk (rise edge)                                   0.00       0.00
  clock network delay (ideal)                             0.00       0.00
  fifo_mem_reg_5__15_/CLK (DFFHQNx1_ASAP7_75t_R)                     0.00 r
  clock reconvergence pessimism                           0.00       0.00
  clock uncertainty                                     100.00     100.00
  library hold time                                      13.32     113.32
  data required time                                               113.32
  ------------------------------------------------------------------------------
  data required time                                               113.32
  data arrival time                                                -60.79
  ------------------------------------------------------------------------------
  slack (VIOLATED)                                                 -52.54


  Startpoint: fifo_mem_reg_5__14_
               (rising edge-triggered flip-flop clocked by clk)
  Endpoint: fifo_mem_reg_5__14_
               (rising edge-triggered flip-flop clocked by clk)
  Path Group: clk
  Path Type: min

  Point                                                   Incr       Path
  ------------------------------------------------------------------------------
  clock clk (rise edge)                                   0.00       0.00
  clock network delay (ideal)                             0.00       0.00
  fifo_mem_reg_5__14_/CLK (DFFHQNx1_ASAP7_75t_R)          0.00       0.00 r
  fifo_mem_reg_5__14_/QN (DFFHQNx1_ASAP7_75t_R)          48.37      48.37 r
  U530/Y (AOI22xp33_ASAP7_75t_R)                         12.41      60.79 f
  fifo_mem_reg_5__14_/D (DFFHQNx1_ASAP7_75t_R)            0.00      60.79 f
  data arrival time                                                 60.79

  clock clk (rise edge)                                   0.00       0.00
  clock network delay (ideal)                             0.00       0.00
  fifo_mem_reg_5__14_/CLK (DFFHQNx1_ASAP7_75t_R)                     0.00 r
  clock reconvergence pessimism                           0.00       0.00
  clock uncertainty                                     100.00     100.00
  library hold time                                      13.32     113.32
  data required time                                               113.32
  ------------------------------------------------------------------------------
  data required time                                               113.32
  data arrival time                                                -60.79
  ------------------------------------------------------------------------------
  slack (VIOLATED)                                                 -52.54


  Startpoint: fifo_mem_reg_5__13_
               (rising edge-triggered flip-flop clocked by clk)
  Endpoint: fifo_mem_reg_5__13_
               (rising edge-triggered flip-flop clocked by clk)
  Path Group: clk
  Path Type: min

  Point                                                   Incr       Path
  ------------------------------------------------------------------------------
  clock clk (rise edge)                                   0.00       0.00
  clock network delay (ideal)                             0.00       0.00
  fifo_mem_reg_5__13_/CLK (DFFHQNx1_ASAP7_75t_R)          0.00       0.00 r
  fifo_mem_reg_5__13_/QN (DFFHQNx1_ASAP7_75t_R)          48.37      48.37 r
  U529/Y (AOI22xp33_ASAP7_75t_R)                         12.41      60.79 f
  fifo_mem_reg_5__13_/D (DFFHQNx1_ASAP7_75t_R)            0.00      60.79 f
  data arrival time                                                 60.79

  clock clk (rise edge)                                   0.00       0.00
  clock network delay (ideal)                             0.00       0.00
  fifo_mem_reg_5__13_/CLK (DFFHQNx1_ASAP7_75t_R)                     0.00 r
  clock reconvergence pessimism                           0.00       0.00
  clock uncertainty                                     100.00     100.00
  library hold time                                      13.32     113.32
  data required time                                               113.32
  ------------------------------------------------------------------------------
  data required time                                               113.32
  data arrival time                                                -60.79
  ------------------------------------------------------------------------------
  slack (VIOLATED)                                                 -52.54


  Startpoint: fifo_mem_reg_5__12_
               (rising edge-triggered flip-flop clocked by clk)
  Endpoint: fifo_mem_reg_5__12_
               (rising edge-triggered flip-flop clocked by clk)
  Path Group: clk
  Path Type: min

  Point                                                   Incr       Path
  ------------------------------------------------------------------------------
  clock clk (rise edge)                                   0.00       0.00
  clock network delay (ideal)                             0.00       0.00
  fifo_mem_reg_5__12_/CLK (DFFHQNx1_ASAP7_75t_R)          0.00       0.00 r
  fifo_mem_reg_5__12_/QN (DFFHQNx1_ASAP7_75t_R)          48.37      48.37 r
  U528/Y (AOI22xp33_ASAP7_75t_R)                         12.41      60.79 f
  fifo_mem_reg_5__12_/D (DFFHQNx1_ASAP7_75t_R)            0.00      60.79 f
  data arrival time                                                 60.79

  clock clk (rise edge)                                   0.00       0.00
  clock network delay (ideal)                             0.00       0.00
  fifo_mem_reg_5__12_/CLK (DFFHQNx1_ASAP7_75t_R)                     0.00 r
  clock reconvergence pessimism                           0.00       0.00
  clock uncertainty                                     100.00     100.00
  library hold time                                      13.32     113.32
  data required time                                               113.32
  ------------------------------------------------------------------------------
  data required time                                               113.32
  data arrival time                                                -60.79
  ------------------------------------------------------------------------------
  slack (VIOLATED)                                                 -52.54


  Startpoint: fifo_mem_reg_5__11_
               (rising edge-triggered flip-flop clocked by clk)
  Endpoint: fifo_mem_reg_5__11_
               (rising edge-triggered flip-flop clocked by clk)
  Path Group: clk
  Path Type: min

  Point                                                   Incr       Path
  ------------------------------------------------------------------------------
  clock clk (rise edge)                                   0.00       0.00
  clock network delay (ideal)                             0.00       0.00
  fifo_mem_reg_5__11_/CLK (DFFHQNx1_ASAP7_75t_R)          0.00       0.00 r
  fifo_mem_reg_5__11_/QN (DFFHQNx1_ASAP7_75t_R)          48.37      48.37 r
  U527/Y (AOI22xp33_ASAP7_75t_R)                         12.41      60.79 f
  fifo_mem_reg_5__11_/D (DFFHQNx1_ASAP7_75t_R)            0.00      60.79 f
  data arrival time                                                 60.79

  clock clk (rise edge)                                   0.00       0.00
  clock network delay (ideal)                             0.00       0.00
  fifo_mem_reg_5__11_/CLK (DFFHQNx1_ASAP7_75t_R)                     0.00 r
  clock reconvergence pessimism                           0.00       0.00
  clock uncertainty                                     100.00     100.00
  library hold time                                      13.32     113.32
  data required time                                               113.32
  ------------------------------------------------------------------------------
  data required time                                               113.32
  data arrival time                                                -60.79
  ------------------------------------------------------------------------------
  slack (VIOLATED)                                                 -52.54


  Startpoint: fifo_mem_reg_5__10_
               (rising edge-triggered flip-flop clocked by clk)
  Endpoint: fifo_mem_reg_5__10_
               (rising edge-triggered flip-flop clocked by clk)
  Path Group: clk
  Path Type: min

  Point                                                   Incr       Path
  ------------------------------------------------------------------------------
  clock clk (rise edge)                                   0.00       0.00
  clock network delay (ideal)                             0.00       0.00
  fifo_mem_reg_5__10_/CLK (DFFHQNx1_ASAP7_75t_R)          0.00       0.00 r
  fifo_mem_reg_5__10_/QN (DFFHQNx1_ASAP7_75t_R)          48.37      48.37 r
  U497/Y (AOI22xp33_ASAP7_75t_R)                         12.41      60.79 f
  fifo_mem_reg_5__10_/D (DFFHQNx1_ASAP7_75t_R)            0.00      60.79 f
  data arrival time                                                 60.79

  clock clk (rise edge)                                   0.00       0.00
  clock network delay (ideal)                             0.00       0.00
  fifo_mem_reg_5__10_/CLK (DFFHQNx1_ASAP7_75t_R)                     0.00 r
  clock reconvergence pessimism                           0.00       0.00
  clock uncertainty                                     100.00     100.00
  library hold time                                      13.32     113.32
  data required time                                               113.32
  ------------------------------------------------------------------------------
  data required time                                               113.32
  data arrival time                                                -60.79
  ------------------------------------------------------------------------------
  slack (VIOLATED)                                                 -52.54


  Startpoint: fifo_mem_reg_5__9_
               (rising edge-triggered flip-flop clocked by clk)
  Endpoint: fifo_mem_reg_5__9_
               (rising edge-triggered flip-flop clocked by clk)
  Path Group: clk
  Path Type: min

  Point                                                   Incr       Path
  ------------------------------------------------------------------------------
  clock clk (rise edge)                                   0.00       0.00
  clock network delay (ideal)                             0.00       0.00
  fifo_mem_reg_5__9_/CLK (DFFHQNx1_ASAP7_75t_R)           0.00       0.00 r
  fifo_mem_reg_5__9_/QN (DFFHQNx1_ASAP7_75t_R)           48.37      48.37 r
  U498/Y (AOI22xp33_ASAP7_75t_R)                         12.41      60.79 f
  fifo_mem_reg_5__9_/D (DFFHQNx1_ASAP7_75t_R)             0.00      60.79 f
  data arrival time                                                 60.79

  clock clk (rise edge)                                   0.00       0.00
  clock network delay (ideal)                             0.00       0.00
  fifo_mem_reg_5__9_/CLK (DFFHQNx1_ASAP7_75t_R)                      0.00 r
  clock reconvergence pessimism                           0.00       0.00
  clock uncertainty                                     100.00     100.00
  library hold time                                      13.32     113.32
  data required time                                               113.32
  ------------------------------------------------------------------------------
  data required time                                               113.32
  data arrival time                                                -60.79
  ------------------------------------------------------------------------------
  slack (VIOLATED)                                                 -52.54


  Startpoint: fifo_mem_reg_5__8_
               (rising edge-triggered flip-flop clocked by clk)
  Endpoint: fifo_mem_reg_5__8_
               (rising edge-triggered flip-flop clocked by clk)
  Path Group: clk
  Path Type: min

  Point                                                   Incr       Path
  ------------------------------------------------------------------------------
  clock clk (rise edge)                                   0.00       0.00
  clock network delay (ideal)                             0.00       0.00
  fifo_mem_reg_5__8_/CLK (DFFHQNx1_ASAP7_75t_R)           0.00       0.00 r
  fifo_mem_reg_5__8_/QN (DFFHQNx1_ASAP7_75t_R)           48.37      48.37 r
  U499/Y (AOI22xp33_ASAP7_75t_R)                         12.41      60.79 f
  fifo_mem_reg_5__8_/D (DFFHQNx1_ASAP7_75t_R)             0.00      60.79 f
  data arrival time                                                 60.79

  clock clk (rise edge)                                   0.00       0.00
  clock network delay (ideal)                             0.00       0.00
  fifo_mem_reg_5__8_/CLK (DFFHQNx1_ASAP7_75t_R)                      0.00 r
  clock reconvergence pessimism                           0.00       0.00
  clock uncertainty                                     100.00     100.00
  library hold time                                      13.32     113.32
  data required time                                               113.32
  ------------------------------------------------------------------------------
  data required time                                               113.32
  data arrival time                                                -60.79
  ------------------------------------------------------------------------------
  slack (VIOLATED)                                                 -52.54


  Startpoint: fifo_mem_reg_5__7_
               (rising edge-triggered flip-flop clocked by clk)
  Endpoint: fifo_mem_reg_5__7_
               (rising edge-triggered flip-flop clocked by clk)
  Path Group: clk
  Path Type: min

  Point                                                   Incr       Path
  ------------------------------------------------------------------------------
  clock clk (rise edge)                                   0.00       0.00
  clock network delay (ideal)                             0.00       0.00
  fifo_mem_reg_5__7_/CLK (DFFHQNx1_ASAP7_75t_R)           0.00       0.00 r
  fifo_mem_reg_5__7_/QN (DFFHQNx1_ASAP7_75t_R)           48.37      48.37 r
  U500/Y (AOI22xp33_ASAP7_75t_R)                         12.41      60.79 f
  fifo_mem_reg_5__7_/D (DFFHQNx1_ASAP7_75t_R)             0.00      60.79 f
  data arrival time                                                 60.79

  clock clk (rise edge)                                   0.00       0.00
  clock network delay (ideal)                             0.00       0.00
  fifo_mem_reg_5__7_/CLK (DFFHQNx1_ASAP7_75t_R)                      0.00 r
  clock reconvergence pessimism                           0.00       0.00
  clock uncertainty                                     100.00     100.00
  library hold time                                      13.32     113.32
  data required time                                               113.32
  ------------------------------------------------------------------------------
  data required time                                               113.32
  data arrival time                                                -60.79
  ------------------------------------------------------------------------------
  slack (VIOLATED)                                                 -52.54


  Startpoint: fifo_mem_reg_5__6_
               (rising edge-triggered flip-flop clocked by clk)
  Endpoint: fifo_mem_reg_5__6_
               (rising edge-triggered flip-flop clocked by clk)
  Path Group: clk
  Path Type: min

  Point                                                   Incr       Path
  ------------------------------------------------------------------------------
  clock clk (rise edge)                                   0.00       0.00
  clock network delay (ideal)                             0.00       0.00
  fifo_mem_reg_5__6_/CLK (DFFHQNx1_ASAP7_75t_R)           0.00       0.00 r
  fifo_mem_reg_5__6_/QN (DFFHQNx1_ASAP7_75t_R)           48.37      48.37 r
  U501/Y (AOI22xp33_ASAP7_75t_R)                         12.41      60.79 f
  fifo_mem_reg_5__6_/D (DFFHQNx1_ASAP7_75t_R)             0.00      60.79 f
  data arrival time                                                 60.79

  clock clk (rise edge)                                   0.00       0.00
  clock network delay (ideal)                             0.00       0.00
  fifo_mem_reg_5__6_/CLK (DFFHQNx1_ASAP7_75t_R)                      0.00 r
  clock reconvergence pessimism                           0.00       0.00
  clock uncertainty                                     100.00     100.00
  library hold time                                      13.32     113.32
  data required time                                               113.32
  ------------------------------------------------------------------------------
  data required time                                               113.32
  data arrival time                                                -60.79
  ------------------------------------------------------------------------------
  slack (VIOLATED)                                                 -52.54


  Startpoint: fifo_mem_reg_5__5_
               (rising edge-triggered flip-flop clocked by clk)
  Endpoint: fifo_mem_reg_5__5_
               (rising edge-triggered flip-flop clocked by clk)
  Path Group: clk
  Path Type: min

  Point                                                   Incr       Path
  ------------------------------------------------------------------------------
  clock clk (rise edge)                                   0.00       0.00
  clock network delay (ideal)                             0.00       0.00
  fifo_mem_reg_5__5_/CLK (DFFHQNx1_ASAP7_75t_R)           0.00       0.00 r
  fifo_mem_reg_5__5_/QN (DFFHQNx1_ASAP7_75t_R)           48.37      48.37 r
  U502/Y (AOI22xp33_ASAP7_75t_R)                         12.41      60.79 f
  fifo_mem_reg_5__5_/D (DFFHQNx1_ASAP7_75t_R)             0.00      60.79 f
  data arrival time                                                 60.79

  clock clk (rise edge)                                   0.00       0.00
  clock network delay (ideal)                             0.00       0.00
  fifo_mem_reg_5__5_/CLK (DFFHQNx1_ASAP7_75t_R)                      0.00 r
  clock reconvergence pessimism                           0.00       0.00
  clock uncertainty                                     100.00     100.00
  library hold time                                      13.32     113.32
  data required time                                               113.32
  ------------------------------------------------------------------------------
  data required time                                               113.32
  data arrival time                                                -60.79
  ------------------------------------------------------------------------------
  slack (VIOLATED)                                                 -52.54


  Startpoint: fifo_mem_reg_5__4_
               (rising edge-triggered flip-flop clocked by clk)
  Endpoint: fifo_mem_reg_5__4_
               (rising edge-triggered flip-flop clocked by clk)
  Path Group: clk
  Path Type: min

  Point                                                   Incr       Path
  ------------------------------------------------------------------------------
  clock clk (rise edge)                                   0.00       0.00
  clock network delay (ideal)                             0.00       0.00
  fifo_mem_reg_5__4_/CLK (DFFHQNx1_ASAP7_75t_R)           0.00       0.00 r
  fifo_mem_reg_5__4_/QN (DFFHQNx1_ASAP7_75t_R)           48.37      48.37 r
  U503/Y (AOI22xp33_ASAP7_75t_R)                         12.41      60.79 f
  fifo_mem_reg_5__4_/D (DFFHQNx1_ASAP7_75t_R)             0.00      60.79 f
  data arrival time                                                 60.79

  clock clk (rise edge)                                   0.00       0.00
  clock network delay (ideal)                             0.00       0.00
  fifo_mem_reg_5__4_/CLK (DFFHQNx1_ASAP7_75t_R)                      0.00 r
  clock reconvergence pessimism                           0.00       0.00
  clock uncertainty                                     100.00     100.00
  library hold time                                      13.32     113.32
  data required time                                               113.32
  ------------------------------------------------------------------------------
  data required time                                               113.32
  data arrival time                                                -60.79
  ------------------------------------------------------------------------------
  slack (VIOLATED)                                                 -52.54


  Startpoint: fifo_mem_reg_5__3_
               (rising edge-triggered flip-flop clocked by clk)
  Endpoint: fifo_mem_reg_5__3_
               (rising edge-triggered flip-flop clocked by clk)
  Path Group: clk
  Path Type: min

  Point                                                   Incr       Path
  ------------------------------------------------------------------------------
  clock clk (rise edge)                                   0.00       0.00
  clock network delay (ideal)                             0.00       0.00
  fifo_mem_reg_5__3_/CLK (DFFHQNx1_ASAP7_75t_R)           0.00       0.00 r
  fifo_mem_reg_5__3_/QN (DFFHQNx1_ASAP7_75t_R)           48.37      48.37 r
  U512/Y (AOI22xp33_ASAP7_75t_R)                         12.41      60.79 f
  fifo_mem_reg_5__3_/D (DFFHQNx1_ASAP7_75t_R)             0.00      60.79 f
  data arrival time                                                 60.79

  clock clk (rise edge)                                   0.00       0.00
  clock network delay (ideal)                             0.00       0.00
  fifo_mem_reg_5__3_/CLK (DFFHQNx1_ASAP7_75t_R)                      0.00 r
  clock reconvergence pessimism                           0.00       0.00
  clock uncertainty                                     100.00     100.00
  library hold time                                      13.32     113.32
  data required time                                               113.32
  ------------------------------------------------------------------------------
  data required time                                               113.32
  data arrival time                                                -60.79
  ------------------------------------------------------------------------------
  slack (VIOLATED)                                                 -52.54


  Startpoint: fifo_mem_reg_5__2_
               (rising edge-triggered flip-flop clocked by clk)
  Endpoint: fifo_mem_reg_5__2_
               (rising edge-triggered flip-flop clocked by clk)
  Path Group: clk
  Path Type: min

  Point                                                   Incr       Path
  ------------------------------------------------------------------------------
  clock clk (rise edge)                                   0.00       0.00
  clock network delay (ideal)                             0.00       0.00
  fifo_mem_reg_5__2_/CLK (DFFHQNx1_ASAP7_75t_R)           0.00       0.00 r
  fifo_mem_reg_5__2_/QN (DFFHQNx1_ASAP7_75t_R)           48.37      48.37 r
  U505/Y (AOI22xp33_ASAP7_75t_R)                         12.41      60.79 f
  fifo_mem_reg_5__2_/D (DFFHQNx1_ASAP7_75t_R)             0.00      60.79 f
  data arrival time                                                 60.79

  clock clk (rise edge)                                   0.00       0.00
  clock network delay (ideal)                             0.00       0.00
  fifo_mem_reg_5__2_/CLK (DFFHQNx1_ASAP7_75t_R)                      0.00 r
  clock reconvergence pessimism                           0.00       0.00
  clock uncertainty                                     100.00     100.00
  library hold time                                      13.32     113.32
  data required time                                               113.32
  ------------------------------------------------------------------------------
  data required time                                               113.32
  data arrival time                                                -60.79
  ------------------------------------------------------------------------------
  slack (VIOLATED)                                                 -52.54


  Startpoint: fifo_mem_reg_5__1_
               (rising edge-triggered flip-flop clocked by clk)
  Endpoint: fifo_mem_reg_5__1_
               (rising edge-triggered flip-flop clocked by clk)
  Path Group: clk
  Path Type: min

  Point                                                   Incr       Path
  ------------------------------------------------------------------------------
  clock clk (rise edge)                                   0.00       0.00
  clock network delay (ideal)                             0.00       0.00
  fifo_mem_reg_5__1_/CLK (DFFHQNx1_ASAP7_75t_R)           0.00       0.00 r
  fifo_mem_reg_5__1_/QN (DFFHQNx1_ASAP7_75t_R)           48.37      48.37 r
  U506/Y (AOI22xp33_ASAP7_75t_R)                         12.41      60.79 f
  fifo_mem_reg_5__1_/D (DFFHQNx1_ASAP7_75t_R)             0.00      60.79 f
  data arrival time                                                 60.79

  clock clk (rise edge)                                   0.00       0.00
  clock network delay (ideal)                             0.00       0.00
  fifo_mem_reg_5__1_/CLK (DFFHQNx1_ASAP7_75t_R)                      0.00 r
  clock reconvergence pessimism                           0.00       0.00
  clock uncertainty                                     100.00     100.00
  library hold time                                      13.32     113.32
  data required time                                               113.32
  ------------------------------------------------------------------------------
  data required time                                               113.32
  data arrival time                                                -60.79
  ------------------------------------------------------------------------------
  slack (VIOLATED)                                                 -52.54


  Startpoint: fifo_mem_reg_5__0_
               (rising edge-triggered flip-flop clocked by clk)
  Endpoint: fifo_mem_reg_5__0_
               (rising edge-triggered flip-flop clocked by clk)
  Path Group: clk
  Path Type: min

  Point                                                   Incr       Path
  ------------------------------------------------------------------------------
  clock clk (rise edge)                                   0.00       0.00
  clock network delay (ideal)                             0.00       0.00
  fifo_mem_reg_5__0_/CLK (DFFHQNx1_ASAP7_75t_R)           0.00       0.00 r
  fifo_mem_reg_5__0_/QN (DFFHQNx1_ASAP7_75t_R)           48.37      48.37 r
  U507/Y (AOI22xp33_ASAP7_75t_R)                         12.41      60.79 f
  fifo_mem_reg_5__0_/D (DFFHQNx1_ASAP7_75t_R)             0.00      60.79 f
  data arrival time                                                 60.79

  clock clk (rise edge)                                   0.00       0.00
  clock network delay (ideal)                             0.00       0.00
  fifo_mem_reg_5__0_/CLK (DFFHQNx1_ASAP7_75t_R)                      0.00 r
  clock reconvergence pessimism                           0.00       0.00
  clock uncertainty                                     100.00     100.00
  library hold time                                      13.32     113.32
  data required time                                               113.32
  ------------------------------------------------------------------------------
  data required time                                               113.32
  data arrival time                                                -60.79
  ------------------------------------------------------------------------------
  slack (VIOLATED)                                                 -52.54


  Startpoint: fifo_mem_reg_2__21_
               (rising edge-triggered flip-flop clocked by clk)
  Endpoint: fifo_mem_reg_2__21_
               (rising edge-triggered flip-flop clocked by clk)
  Path Group: clk
  Path Type: min

  Point                                                   Incr       Path
  ------------------------------------------------------------------------------
  clock clk (rise edge)                                   0.00       0.00
  clock network delay (ideal)                             0.00       0.00
  fifo_mem_reg_2__21_/CLK (DFFHQNx1_ASAP7_75t_R)          0.00       0.00 r
  fifo_mem_reg_2__21_/QN (DFFHQNx1_ASAP7_75t_R)          48.37      48.37 r
  U601/Y (AOI22xp33_ASAP7_75t_R)                         12.41      60.79 f
  fifo_mem_reg_2__21_/D (DFFHQNx1_ASAP7_75t_R)            0.00      60.79 f
  data arrival time                                                 60.79

  clock clk (rise edge)                                   0.00       0.00
  clock network delay (ideal)                             0.00       0.00
  fifo_mem_reg_2__21_/CLK (DFFHQNx1_ASAP7_75t_R)                     0.00 r
  clock reconvergence pessimism                           0.00       0.00
  clock uncertainty                                     100.00     100.00
  library hold time                                      13.32     113.32
  data required time                                               113.32
  ------------------------------------------------------------------------------
  data required time                                               113.32
  data arrival time                                                -60.79
  ------------------------------------------------------------------------------
  slack (VIOLATED)                                                 -52.54


  Startpoint: fifo_mem_reg_2__20_
               (rising edge-triggered flip-flop clocked by clk)
  Endpoint: fifo_mem_reg_2__20_
               (rising edge-triggered flip-flop clocked by clk)
  Path Group: clk
  Path Type: min

  Point                                                   Incr       Path
  ------------------------------------------------------------------------------
  clock clk (rise edge)                                   0.00       0.00
  clock network delay (ideal)                             0.00       0.00
  fifo_mem_reg_2__20_/CLK (DFFHQNx1_ASAP7_75t_R)          0.00       0.00 r
  fifo_mem_reg_2__20_/QN (DFFHQNx1_ASAP7_75t_R)          48.37      48.37 r
  U631/Y (AOI22xp33_ASAP7_75t_R)                         12.41      60.79 f
  fifo_mem_reg_2__20_/D (DFFHQNx1_ASAP7_75t_R)            0.00      60.79 f
  data arrival time                                                 60.79

  clock clk (rise edge)                                   0.00       0.00
  clock network delay (ideal)                             0.00       0.00
  fifo_mem_reg_2__20_/CLK (DFFHQNx1_ASAP7_75t_R)                     0.00 r
  clock reconvergence pessimism                           0.00       0.00
  clock uncertainty                                     100.00     100.00
  library hold time                                      13.32     113.32
  data required time                                               113.32
  ------------------------------------------------------------------------------
  data required time                                               113.32
  data arrival time                                                -60.79
  ------------------------------------------------------------------------------
  slack (VIOLATED)                                                 -52.54


  Startpoint: fifo_mem_reg_2__19_
               (rising edge-triggered flip-flop clocked by clk)
  Endpoint: fifo_mem_reg_2__19_
               (rising edge-triggered flip-flop clocked by clk)
  Path Group: clk
  Path Type: min

  Point                                                   Incr       Path
  ------------------------------------------------------------------------------
  clock clk (rise edge)                                   0.00       0.00
  clock network delay (ideal)                             0.00       0.00
  fifo_mem_reg_2__19_/CLK (DFFHQNx1_ASAP7_75t_R)          0.00       0.00 r
  fifo_mem_reg_2__19_/QN (DFFHQNx1_ASAP7_75t_R)          48.37      48.37 r
  U599/Y (AOI22xp33_ASAP7_75t_R)                         12.41      60.79 f
  fifo_mem_reg_2__19_/D (DFFHQNx1_ASAP7_75t_R)            0.00      60.79 f
  data arrival time                                                 60.79

  clock clk (rise edge)                                   0.00       0.00
  clock network delay (ideal)                             0.00       0.00
  fifo_mem_reg_2__19_/CLK (DFFHQNx1_ASAP7_75t_R)                     0.00 r
  clock reconvergence pessimism                           0.00       0.00
  clock uncertainty                                     100.00     100.00
  library hold time                                      13.32     113.32
  data required time                                               113.32
  ------------------------------------------------------------------------------
  data required time                                               113.32
  data arrival time                                                -60.79
  ------------------------------------------------------------------------------
  slack (VIOLATED)                                                 -52.54


  Startpoint: fifo_mem_reg_2__18_
               (rising edge-triggered flip-flop clocked by clk)
  Endpoint: fifo_mem_reg_2__18_
               (rising edge-triggered flip-flop clocked by clk)
  Path Group: clk
  Path Type: min

  Point                                                   Incr       Path
  ------------------------------------------------------------------------------
  clock clk (rise edge)                                   0.00       0.00
  clock network delay (ideal)                             0.00       0.00
  fifo_mem_reg_2__18_/CLK (DFFHQNx1_ASAP7_75t_R)          0.00       0.00 r
  fifo_mem_reg_2__18_/QN (DFFHQNx1_ASAP7_75t_R)          48.37      48.37 r
  U598/Y (AOI22xp33_ASAP7_75t_R)                         12.41      60.79 f
  fifo_mem_reg_2__18_/D (DFFHQNx1_ASAP7_75t_R)            0.00      60.79 f
  data arrival time                                                 60.79

  clock clk (rise edge)                                   0.00       0.00
  clock network delay (ideal)                             0.00       0.00
  fifo_mem_reg_2__18_/CLK (DFFHQNx1_ASAP7_75t_R)                     0.00 r
  clock reconvergence pessimism                           0.00       0.00
  clock uncertainty                                     100.00     100.00
  library hold time                                      13.32     113.32
  data required time                                               113.32
  ------------------------------------------------------------------------------
  data required time                                               113.32
  data arrival time                                                -60.79
  ------------------------------------------------------------------------------
  slack (VIOLATED)                                                 -52.54


  Startpoint: fifo_mem_reg_2__17_
               (rising edge-triggered flip-flop clocked by clk)
  Endpoint: fifo_mem_reg_2__17_
               (rising edge-triggered flip-flop clocked by clk)
  Path Group: clk
  Path Type: min

  Point                                                   Incr       Path
  ------------------------------------------------------------------------------
  clock clk (rise edge)                                   0.00       0.00
  clock network delay (ideal)                             0.00       0.00
  fifo_mem_reg_2__17_/CLK (DFFHQNx1_ASAP7_75t_R)          0.00       0.00 r
  fifo_mem_reg_2__17_/QN (DFFHQNx1_ASAP7_75t_R)          48.37      48.37 r
  U597/Y (AOI22xp33_ASAP7_75t_R)                         12.41      60.79 f
  fifo_mem_reg_2__17_/D (DFFHQNx1_ASAP7_75t_R)            0.00      60.79 f
  data arrival time                                                 60.79

  clock clk (rise edge)                                   0.00       0.00
  clock network delay (ideal)                             0.00       0.00
  fifo_mem_reg_2__17_/CLK (DFFHQNx1_ASAP7_75t_R)                     0.00 r
  clock reconvergence pessimism                           0.00       0.00
  clock uncertainty                                     100.00     100.00
  library hold time                                      13.32     113.32
  data required time                                               113.32
  ------------------------------------------------------------------------------
  data required time                                               113.32
  data arrival time                                                -60.79
  ------------------------------------------------------------------------------
  slack (VIOLATED)                                                 -52.54


  Startpoint: fifo_mem_reg_2__16_
               (rising edge-triggered flip-flop clocked by clk)
  Endpoint: fifo_mem_reg_2__16_
               (rising edge-triggered flip-flop clocked by clk)
  Path Group: clk
  Path Type: min

  Point                                                   Incr       Path
  ------------------------------------------------------------------------------
  clock clk (rise edge)                                   0.00       0.00
  clock network delay (ideal)                             0.00       0.00
  fifo_mem_reg_2__16_/CLK (DFFHQNx1_ASAP7_75t_R)          0.00       0.00 r
  fifo_mem_reg_2__16_/QN (DFFHQNx1_ASAP7_75t_R)          48.37      48.37 r
  U596/Y (AOI22xp33_ASAP7_75t_R)                         12.41      60.79 f
  fifo_mem_reg_2__16_/D (DFFHQNx1_ASAP7_75t_R)            0.00      60.79 f
  data arrival time                                                 60.79

  clock clk (rise edge)                                   0.00       0.00
  clock network delay (ideal)                             0.00       0.00
  fifo_mem_reg_2__16_/CLK (DFFHQNx1_ASAP7_75t_R)                     0.00 r
  clock reconvergence pessimism                           0.00       0.00
  clock uncertainty                                     100.00     100.00
  library hold time                                      13.32     113.32
  data required time                                               113.32
  ------------------------------------------------------------------------------
  data required time                                               113.32
  data arrival time                                                -60.79
  ------------------------------------------------------------------------------
  slack (VIOLATED)                                                 -52.54


  Startpoint: fifo_mem_reg_2__15_
               (rising edge-triggered flip-flop clocked by clk)
  Endpoint: fifo_mem_reg_2__15_
               (rising edge-triggered flip-flop clocked by clk)
  Path Group: clk
  Path Type: min

  Point                                                   Incr       Path
  ------------------------------------------------------------------------------
  clock clk (rise edge)                                   0.00       0.00
  clock network delay (ideal)                             0.00       0.00
  fifo_mem_reg_2__15_/CLK (DFFHQNx1_ASAP7_75t_R)          0.00       0.00 r
  fifo_mem_reg_2__15_/QN (DFFHQNx1_ASAP7_75t_R)          48.37      48.37 r
  U595/Y (AOI22xp33_ASAP7_75t_R)                         12.41      60.79 f
  fifo_mem_reg_2__15_/D (DFFHQNx1_ASAP7_75t_R)            0.00      60.79 f
  data arrival time                                                 60.79

  clock clk (rise edge)                                   0.00       0.00
  clock network delay (ideal)                             0.00       0.00
  fifo_mem_reg_2__15_/CLK (DFFHQNx1_ASAP7_75t_R)                     0.00 r
  clock reconvergence pessimism                           0.00       0.00
  clock uncertainty                                     100.00     100.00
  library hold time                                      13.32     113.32
  data required time                                               113.32
  ------------------------------------------------------------------------------
  data required time                                               113.32
  data arrival time                                                -60.79
  ------------------------------------------------------------------------------
  slack (VIOLATED)                                                 -52.54


  Startpoint: fifo_mem_reg_2__14_
               (rising edge-triggered flip-flop clocked by clk)
  Endpoint: fifo_mem_reg_2__14_
               (rising edge-triggered flip-flop clocked by clk)
  Path Group: clk
  Path Type: min

  Point                                                   Incr       Path
  ------------------------------------------------------------------------------
  clock clk (rise edge)                                   0.00       0.00
  clock network delay (ideal)                             0.00       0.00
  fifo_mem_reg_2__14_/CLK (DFFHQNx1_ASAP7_75t_R)          0.00       0.00 r
  fifo_mem_reg_2__14_/QN (DFFHQNx1_ASAP7_75t_R)          48.37      48.37 r
  U611/Y (AOI22xp33_ASAP7_75t_R)                         12.41      60.79 f
  fifo_mem_reg_2__14_/D (DFFHQNx1_ASAP7_75t_R)            0.00      60.79 f
  data arrival time                                                 60.79

  clock clk (rise edge)                                   0.00       0.00
  clock network delay (ideal)                             0.00       0.00
  fifo_mem_reg_2__14_/CLK (DFFHQNx1_ASAP7_75t_R)                     0.00 r
  clock reconvergence pessimism                           0.00       0.00
  clock uncertainty                                     100.00     100.00
  library hold time                                      13.32     113.32
  data required time                                               113.32
  ------------------------------------------------------------------------------
  data required time                                               113.32
  data arrival time                                                -60.79
  ------------------------------------------------------------------------------
  slack (VIOLATED)                                                 -52.54


  Startpoint: fifo_mem_reg_2__13_
               (rising edge-triggered flip-flop clocked by clk)
  Endpoint: fifo_mem_reg_2__13_
               (rising edge-triggered flip-flop clocked by clk)
  Path Group: clk
  Path Type: min

  Point                                                   Incr       Path
  ------------------------------------------------------------------------------
  clock clk (rise edge)                                   0.00       0.00
  clock network delay (ideal)                             0.00       0.00
  fifo_mem_reg_2__13_/CLK (DFFHQNx1_ASAP7_75t_R)          0.00       0.00 r
  fifo_mem_reg_2__13_/QN (DFFHQNx1_ASAP7_75t_R)          48.37      48.37 r
  U610/Y (AOI22xp33_ASAP7_75t_R)                         12.41      60.79 f
  fifo_mem_reg_2__13_/D (DFFHQNx1_ASAP7_75t_R)            0.00      60.79 f
  data arrival time                                                 60.79

  clock clk (rise edge)                                   0.00       0.00
  clock network delay (ideal)                             0.00       0.00
  fifo_mem_reg_2__13_/CLK (DFFHQNx1_ASAP7_75t_R)                     0.00 r
  clock reconvergence pessimism                           0.00       0.00
  clock uncertainty                                     100.00     100.00
  library hold time                                      13.32     113.32
  data required time                                               113.32
  ------------------------------------------------------------------------------
  data required time                                               113.32
  data arrival time                                                -60.79
  ------------------------------------------------------------------------------
  slack (VIOLATED)                                                 -52.54


  Startpoint: fifo_mem_reg_2__12_
               (rising edge-triggered flip-flop clocked by clk)
  Endpoint: fifo_mem_reg_2__12_
               (rising edge-triggered flip-flop clocked by clk)
  Path Group: clk
  Path Type: min

  Point                                                   Incr       Path
  ------------------------------------------------------------------------------
  clock clk (rise edge)                                   0.00       0.00
  clock network delay (ideal)                             0.00       0.00
  fifo_mem_reg_2__12_/CLK (DFFHQNx1_ASAP7_75t_R)          0.00       0.00 r
  fifo_mem_reg_2__12_/QN (DFFHQNx1_ASAP7_75t_R)          48.37      48.37 r
  U609/Y (AOI22xp33_ASAP7_75t_R)                         12.41      60.79 f
  fifo_mem_reg_2__12_/D (DFFHQNx1_ASAP7_75t_R)            0.00      60.79 f
  data arrival time                                                 60.79

  clock clk (rise edge)                                   0.00       0.00
  clock network delay (ideal)                             0.00       0.00
  fifo_mem_reg_2__12_/CLK (DFFHQNx1_ASAP7_75t_R)                     0.00 r
  clock reconvergence pessimism                           0.00       0.00
  clock uncertainty                                     100.00     100.00
  library hold time                                      13.32     113.32
  data required time                                               113.32
  ------------------------------------------------------------------------------
  data required time                                               113.32
  data arrival time                                                -60.79
  ------------------------------------------------------------------------------
  slack (VIOLATED)                                                 -52.54


  Startpoint: fifo_mem_reg_2__11_
               (rising edge-triggered flip-flop clocked by clk)
  Endpoint: fifo_mem_reg_2__11_
               (rising edge-triggered flip-flop clocked by clk)
  Path Group: clk
  Path Type: min

  Point                                                   Incr       Path
  ------------------------------------------------------------------------------
  clock clk (rise edge)                                   0.00       0.00
  clock network delay (ideal)                             0.00       0.00
  fifo_mem_reg_2__11_/CLK (DFFHQNx1_ASAP7_75t_R)          0.00       0.00 r
  fifo_mem_reg_2__11_/QN (DFFHQNx1_ASAP7_75t_R)          48.37      48.37 r
  U608/Y (AOI22xp33_ASAP7_75t_R)                         12.41      60.79 f
  fifo_mem_reg_2__11_/D (DFFHQNx1_ASAP7_75t_R)            0.00      60.79 f
  data arrival time                                                 60.79

  clock clk (rise edge)                                   0.00       0.00
  clock network delay (ideal)                             0.00       0.00
  fifo_mem_reg_2__11_/CLK (DFFHQNx1_ASAP7_75t_R)                     0.00 r
  clock reconvergence pessimism                           0.00       0.00
  clock uncertainty                                     100.00     100.00
  library hold time                                      13.32     113.32
  data required time                                               113.32
  ------------------------------------------------------------------------------
  data required time                                               113.32
  data arrival time                                                -60.79
  ------------------------------------------------------------------------------
  slack (VIOLATED)                                                 -52.54


  Startpoint: fifo_mem_reg_2__10_
               (rising edge-triggered flip-flop clocked by clk)
  Endpoint: fifo_mem_reg_2__10_
               (rising edge-triggered flip-flop clocked by clk)
  Path Group: clk
  Path Type: min

  Point                                                   Incr       Path
  ------------------------------------------------------------------------------
  clock clk (rise edge)                                   0.00       0.00
  clock network delay (ideal)                             0.00       0.00
  fifo_mem_reg_2__10_/CLK (DFFHQNx1_ASAP7_75t_R)          0.00       0.00 r
  fifo_mem_reg_2__10_/QN (DFFHQNx1_ASAP7_75t_R)          48.37      48.37 r
  U578/Y (AOI22xp33_ASAP7_75t_R)                         12.41      60.79 f
  fifo_mem_reg_2__10_/D (DFFHQNx1_ASAP7_75t_R)            0.00      60.79 f
  data arrival time                                                 60.79

  clock clk (rise edge)                                   0.00       0.00
  clock network delay (ideal)                             0.00       0.00
  fifo_mem_reg_2__10_/CLK (DFFHQNx1_ASAP7_75t_R)                     0.00 r
  clock reconvergence pessimism                           0.00       0.00
  clock uncertainty                                     100.00     100.00
  library hold time                                      13.32     113.32
  data required time                                               113.32
  ------------------------------------------------------------------------------
  data required time                                               113.32
  data arrival time                                                -60.79
  ------------------------------------------------------------------------------
  slack (VIOLATED)                                                 -52.54


  Startpoint: fifo_mem_reg_2__9_
               (rising edge-triggered flip-flop clocked by clk)
  Endpoint: fifo_mem_reg_2__9_
               (rising edge-triggered flip-flop clocked by clk)
  Path Group: clk
  Path Type: min

  Point                                                   Incr       Path
  ------------------------------------------------------------------------------
  clock clk (rise edge)                                   0.00       0.00
  clock network delay (ideal)                             0.00       0.00
  fifo_mem_reg_2__9_/CLK (DFFHQNx1_ASAP7_75t_R)           0.00       0.00 r
  fifo_mem_reg_2__9_/QN (DFFHQNx1_ASAP7_75t_R)           48.37      48.37 r
  U577/Y (AOI22xp33_ASAP7_75t_R)                         12.41      60.79 f
  fifo_mem_reg_2__9_/D (DFFHQNx1_ASAP7_75t_R)             0.00      60.79 f
  data arrival time                                                 60.79

  clock clk (rise edge)                                   0.00       0.00
  clock network delay (ideal)                             0.00       0.00
  fifo_mem_reg_2__9_/CLK (DFFHQNx1_ASAP7_75t_R)                      0.00 r
  clock reconvergence pessimism                           0.00       0.00
  clock uncertainty                                     100.00     100.00
  library hold time                                      13.32     113.32
  data required time                                               113.32
  ------------------------------------------------------------------------------
  data required time                                               113.32
  data arrival time                                                -60.79
  ------------------------------------------------------------------------------
  slack (VIOLATED)                                                 -52.54


  Startpoint: fifo_mem_reg_2__8_
               (rising edge-triggered flip-flop clocked by clk)
  Endpoint: fifo_mem_reg_2__8_
               (rising edge-triggered flip-flop clocked by clk)
  Path Group: clk
  Path Type: min

  Point                                                   Incr       Path
  ------------------------------------------------------------------------------
  clock clk (rise edge)                                   0.00       0.00
  clock network delay (ideal)                             0.00       0.00
  fifo_mem_reg_2__8_/CLK (DFFHQNx1_ASAP7_75t_R)           0.00       0.00 r
  fifo_mem_reg_2__8_/QN (DFFHQNx1_ASAP7_75t_R)           48.37      48.37 r
  U576/Y (AOI22xp33_ASAP7_75t_R)                         12.41      60.79 f
  fifo_mem_reg_2__8_/D (DFFHQNx1_ASAP7_75t_R)             0.00      60.79 f
  data arrival time                                                 60.79

  clock clk (rise edge)                                   0.00       0.00
  clock network delay (ideal)                             0.00       0.00
  fifo_mem_reg_2__8_/CLK (DFFHQNx1_ASAP7_75t_R)                      0.00 r
  clock reconvergence pessimism                           0.00       0.00
  clock uncertainty                                     100.00     100.00
  library hold time                                      13.32     113.32
  data required time                                               113.32
  ------------------------------------------------------------------------------
  data required time                                               113.32
  data arrival time                                                -60.79
  ------------------------------------------------------------------------------
  slack (VIOLATED)                                                 -52.54


  Startpoint: fifo_mem_reg_2__7_
               (rising edge-triggered flip-flop clocked by clk)
  Endpoint: fifo_mem_reg_2__7_
               (rising edge-triggered flip-flop clocked by clk)
  Path Group: clk
  Path Type: min

  Point                                                   Incr       Path
  ------------------------------------------------------------------------------
  clock clk (rise edge)                                   0.00       0.00
  clock network delay (ideal)                             0.00       0.00
  fifo_mem_reg_2__7_/CLK (DFFHQNx1_ASAP7_75t_R)           0.00       0.00 r
  fifo_mem_reg_2__7_/QN (DFFHQNx1_ASAP7_75t_R)           48.37      48.37 r
  U575/Y (AOI22xp33_ASAP7_75t_R)                         12.41      60.79 f
  fifo_mem_reg_2__7_/D (DFFHQNx1_ASAP7_75t_R)             0.00      60.79 f
  data arrival time                                                 60.79

  clock clk (rise edge)                                   0.00       0.00
  clock network delay (ideal)                             0.00       0.00
  fifo_mem_reg_2__7_/CLK (DFFHQNx1_ASAP7_75t_R)                      0.00 r
  clock reconvergence pessimism                           0.00       0.00
  clock uncertainty                                     100.00     100.00
  library hold time                                      13.32     113.32
  data required time                                               113.32
  ------------------------------------------------------------------------------
  data required time                                               113.32
  data arrival time                                                -60.79
  ------------------------------------------------------------------------------
  slack (VIOLATED)                                                 -52.54


  Startpoint: fifo_mem_reg_2__6_
               (rising edge-triggered flip-flop clocked by clk)
  Endpoint: fifo_mem_reg_2__6_
               (rising edge-triggered flip-flop clocked by clk)
  Path Group: clk
  Path Type: min

  Point                                                   Incr       Path
  ------------------------------------------------------------------------------
  clock clk (rise edge)                                   0.00       0.00
  clock network delay (ideal)                             0.00       0.00
  fifo_mem_reg_2__6_/CLK (DFFHQNx1_ASAP7_75t_R)           0.00       0.00 r
  fifo_mem_reg_2__6_/QN (DFFHQNx1_ASAP7_75t_R)           48.37      48.37 r
  U573/Y (AOI22xp33_ASAP7_75t_R)                         12.41      60.79 f
  fifo_mem_reg_2__6_/D (DFFHQNx1_ASAP7_75t_R)             0.00      60.79 f
  data arrival time                                                 60.79

  clock clk (rise edge)                                   0.00       0.00
  clock network delay (ideal)                             0.00       0.00
  fifo_mem_reg_2__6_/CLK (DFFHQNx1_ASAP7_75t_R)                      0.00 r
  clock reconvergence pessimism                           0.00       0.00
  clock uncertainty                                     100.00     100.00
  library hold time                                      13.32     113.32
  data required time                                               113.32
  ------------------------------------------------------------------------------
  data required time                                               113.32
  data arrival time                                                -60.79
  ------------------------------------------------------------------------------
  slack (VIOLATED)                                                 -52.54


  Startpoint: fifo_mem_reg_2__5_
               (rising edge-triggered flip-flop clocked by clk)
  Endpoint: fifo_mem_reg_2__5_
               (rising edge-triggered flip-flop clocked by clk)
  Path Group: clk
  Path Type: min

  Point                                                   Incr       Path
  ------------------------------------------------------------------------------
  clock clk (rise edge)                                   0.00       0.00
  clock network delay (ideal)                             0.00       0.00
  fifo_mem_reg_2__5_/CLK (DFFHQNx1_ASAP7_75t_R)           0.00       0.00 r
  fifo_mem_reg_2__5_/QN (DFFHQNx1_ASAP7_75t_R)           48.37      48.37 r
  U572/Y (AOI22xp33_ASAP7_75t_R)                         12.41      60.79 f
  fifo_mem_reg_2__5_/D (DFFHQNx1_ASAP7_75t_R)             0.00      60.79 f
  data arrival time                                                 60.79

  clock clk (rise edge)                                   0.00       0.00
  clock network delay (ideal)                             0.00       0.00
  fifo_mem_reg_2__5_/CLK (DFFHQNx1_ASAP7_75t_R)                      0.00 r
  clock reconvergence pessimism                           0.00       0.00
  clock uncertainty                                     100.00     100.00
  library hold time                                      13.32     113.32
  data required time                                               113.32
  ------------------------------------------------------------------------------
  data required time                                               113.32
  data arrival time                                                -60.79
  ------------------------------------------------------------------------------
  slack (VIOLATED)                                                 -52.54


  Startpoint: fifo_mem_reg_2__4_
               (rising edge-triggered flip-flop clocked by clk)
  Endpoint: fifo_mem_reg_2__4_
               (rising edge-triggered flip-flop clocked by clk)
  Path Group: clk
  Path Type: min

  Point                                                   Incr       Path
  ------------------------------------------------------------------------------
  clock clk (rise edge)                                   0.00       0.00
  clock network delay (ideal)                             0.00       0.00
  fifo_mem_reg_2__4_/CLK (DFFHQNx1_ASAP7_75t_R)           0.00       0.00 r
  fifo_mem_reg_2__4_/QN (DFFHQNx1_ASAP7_75t_R)           48.37      48.37 r
  U571/Y (AOI22xp33_ASAP7_75t_R)                         12.41      60.79 f
  fifo_mem_reg_2__4_/D (DFFHQNx1_ASAP7_75t_R)             0.00      60.79 f
  data arrival time                                                 60.79

  clock clk (rise edge)                                   0.00       0.00
  clock network delay (ideal)                             0.00       0.00
  fifo_mem_reg_2__4_/CLK (DFFHQNx1_ASAP7_75t_R)                      0.00 r
  clock reconvergence pessimism                           0.00       0.00
  clock uncertainty                                     100.00     100.00
  library hold time                                      13.32     113.32
  data required time                                               113.32
  ------------------------------------------------------------------------------
  data required time                                               113.32
  data arrival time                                                -60.79
  ------------------------------------------------------------------------------
  slack (VIOLATED)                                                 -52.54


  Startpoint: fifo_mem_reg_2__3_
               (rising edge-triggered flip-flop clocked by clk)
  Endpoint: fifo_mem_reg_2__3_
               (rising edge-triggered flip-flop clocked by clk)
  Path Group: clk
  Path Type: min

  Point                                                   Incr       Path
  ------------------------------------------------------------------------------
  clock clk (rise edge)                                   0.00       0.00
  clock network delay (ideal)                             0.00       0.00
  fifo_mem_reg_2__3_/CLK (DFFHQNx1_ASAP7_75t_R)           0.00       0.00 r
  fifo_mem_reg_2__3_/QN (DFFHQNx1_ASAP7_75t_R)           48.37      48.37 r
  U570/Y (AOI22xp33_ASAP7_75t_R)                         12.41      60.79 f
  fifo_mem_reg_2__3_/D (DFFHQNx1_ASAP7_75t_R)             0.00      60.79 f
  data arrival time                                                 60.79

  clock clk (rise edge)                                   0.00       0.00
  clock network delay (ideal)                             0.00       0.00
  fifo_mem_reg_2__3_/CLK (DFFHQNx1_ASAP7_75t_R)                      0.00 r
  clock reconvergence pessimism                           0.00       0.00
  clock uncertainty                                     100.00     100.00
  library hold time                                      13.32     113.32
  data required time                                               113.32
  ------------------------------------------------------------------------------
  data required time                                               113.32
  data arrival time                                                -60.79
  ------------------------------------------------------------------------------
  slack (VIOLATED)                                                 -52.54


  Startpoint: fifo_mem_reg_2__2_
               (rising edge-triggered flip-flop clocked by clk)
  Endpoint: fifo_mem_reg_2__2_
               (rising edge-triggered flip-flop clocked by clk)
  Path Group: clk
  Path Type: min

  Point                                                   Incr       Path
  ------------------------------------------------------------------------------
  clock clk (rise edge)                                   0.00       0.00
  clock network delay (ideal)                             0.00       0.00
  fifo_mem_reg_2__2_/CLK (DFFHQNx1_ASAP7_75t_R)           0.00       0.00 r
  fifo_mem_reg_2__2_/QN (DFFHQNx1_ASAP7_75t_R)           48.37      48.37 r
  U569/Y (AOI22xp33_ASAP7_75t_R)                         12.41      60.79 f
  fifo_mem_reg_2__2_/D (DFFHQNx1_ASAP7_75t_R)             0.00      60.79 f
  data arrival time                                                 60.79

  clock clk (rise edge)                                   0.00       0.00
  clock network delay (ideal)                             0.00       0.00
  fifo_mem_reg_2__2_/CLK (DFFHQNx1_ASAP7_75t_R)                      0.00 r
  clock reconvergence pessimism                           0.00       0.00
  clock uncertainty                                     100.00     100.00
  library hold time                                      13.32     113.32
  data required time                                               113.32
  ------------------------------------------------------------------------------
  data required time                                               113.32
  data arrival time                                                -60.79
  ------------------------------------------------------------------------------
  slack (VIOLATED)                                                 -52.54


  Startpoint: fifo_mem_reg_2__1_
               (rising edge-triggered flip-flop clocked by clk)
  Endpoint: fifo_mem_reg_2__1_
               (rising edge-triggered flip-flop clocked by clk)
  Path Group: clk
  Path Type: min

  Point                                                   Incr       Path
  ------------------------------------------------------------------------------
  clock clk (rise edge)                                   0.00       0.00
  clock network delay (ideal)                             0.00       0.00
  fifo_mem_reg_2__1_/CLK (DFFHQNx1_ASAP7_75t_R)           0.00       0.00 r
  fifo_mem_reg_2__1_/QN (DFFHQNx1_ASAP7_75t_R)           48.37      48.37 r
  U568/Y (AOI22xp33_ASAP7_75t_R)                         12.41      60.79 f
  fifo_mem_reg_2__1_/D (DFFHQNx1_ASAP7_75t_R)             0.00      60.79 f
  data arrival time                                                 60.79

  clock clk (rise edge)                                   0.00       0.00
  clock network delay (ideal)                             0.00       0.00
  fifo_mem_reg_2__1_/CLK (DFFHQNx1_ASAP7_75t_R)                      0.00 r
  clock reconvergence pessimism                           0.00       0.00
  clock uncertainty                                     100.00     100.00
  library hold time                                      13.32     113.32
  data required time                                               113.32
  ------------------------------------------------------------------------------
  data required time                                               113.32
  data arrival time                                                -60.79
  ------------------------------------------------------------------------------
  slack (VIOLATED)                                                 -52.54


  Startpoint: fifo_mem_reg_2__0_
               (rising edge-triggered flip-flop clocked by clk)
  Endpoint: fifo_mem_reg_2__0_
               (rising edge-triggered flip-flop clocked by clk)
  Path Group: clk
  Path Type: min

  Point                                                   Incr       Path
  ------------------------------------------------------------------------------
  clock clk (rise edge)                                   0.00       0.00
  clock network delay (ideal)                             0.00       0.00
  fifo_mem_reg_2__0_/CLK (DFFHQNx1_ASAP7_75t_R)           0.00       0.00 r
  fifo_mem_reg_2__0_/QN (DFFHQNx1_ASAP7_75t_R)           48.37      48.37 r
  U567/Y (AOI22xp33_ASAP7_75t_R)                         12.41      60.79 f
  fifo_mem_reg_2__0_/D (DFFHQNx1_ASAP7_75t_R)             0.00      60.79 f
  data arrival time                                                 60.79

  clock clk (rise edge)                                   0.00       0.00
  clock network delay (ideal)                             0.00       0.00
  fifo_mem_reg_2__0_/CLK (DFFHQNx1_ASAP7_75t_R)                      0.00 r
  clock reconvergence pessimism                           0.00       0.00
  clock uncertainty                                     100.00     100.00
  library hold time                                      13.32     113.32
  data required time                                               113.32
  ------------------------------------------------------------------------------
  data required time                                               113.32
  data arrival time                                                -60.79
  ------------------------------------------------------------------------------
  slack (VIOLATED)                                                 -52.54


  Startpoint: fifo_mem_reg_6__21_
               (rising edge-triggered flip-flop clocked by clk)
  Endpoint: fifo_mem_reg_6__21_
               (rising edge-triggered flip-flop clocked by clk)
  Path Group: clk
  Path Type: min

  Point                                                   Incr       Path
  ------------------------------------------------------------------------------
  clock clk (rise edge)                                   0.00       0.00
  clock network delay (ideal)                             0.00       0.00
  fifo_mem_reg_6__21_/CLK (DFFHQNx1_ASAP7_75t_R)          0.00       0.00 r
  fifo_mem_reg_6__21_/QN (DFFHQNx1_ASAP7_75t_R)          48.37      48.37 r
  U615/Y (AOI22xp33_ASAP7_75t_R)                         12.41      60.79 f
  fifo_mem_reg_6__21_/D (DFFHQNx1_ASAP7_75t_R)            0.00      60.79 f
  data arrival time                                                 60.79

  clock clk (rise edge)                                   0.00       0.00
  clock network delay (ideal)                             0.00       0.00
  fifo_mem_reg_6__21_/CLK (DFFHQNx1_ASAP7_75t_R)                     0.00 r
  clock reconvergence pessimism                           0.00       0.00
  clock uncertainty                                     100.00     100.00
  library hold time                                      13.32     113.32
  data required time                                               113.32
  ------------------------------------------------------------------------------
  data required time                                               113.32
  data arrival time                                                -60.79
  ------------------------------------------------------------------------------
  slack (VIOLATED)                                                 -52.54


  Startpoint: fifo_mem_reg_6__20_
               (rising edge-triggered flip-flop clocked by clk)
  Endpoint: fifo_mem_reg_6__20_
               (rising edge-triggered flip-flop clocked by clk)
  Path Group: clk
  Path Type: min

  Point                                                   Incr       Path
  ------------------------------------------------------------------------------
  clock clk (rise edge)                                   0.00       0.00
  clock network delay (ideal)                             0.00       0.00
  fifo_mem_reg_6__20_/CLK (DFFHQNx1_ASAP7_75t_R)          0.00       0.00 r
  fifo_mem_reg_6__20_/QN (DFFHQNx1_ASAP7_75t_R)          48.37      48.37 r
  U616/Y (AOI22xp33_ASAP7_75t_R)                         12.41      60.79 f
  fifo_mem_reg_6__20_/D (DFFHQNx1_ASAP7_75t_R)            0.00      60.79 f
  data arrival time                                                 60.79

  clock clk (rise edge)                                   0.00       0.00
  clock network delay (ideal)                             0.00       0.00
  fifo_mem_reg_6__20_/CLK (DFFHQNx1_ASAP7_75t_R)                     0.00 r
  clock reconvergence pessimism                           0.00       0.00
  clock uncertainty                                     100.00     100.00
  library hold time                                      13.32     113.32
  data required time                                               113.32
  ------------------------------------------------------------------------------
  data required time                                               113.32
  data arrival time                                                -60.79
  ------------------------------------------------------------------------------
  slack (VIOLATED)                                                 -52.54


  Startpoint: fifo_mem_reg_6__19_
               (rising edge-triggered flip-flop clocked by clk)
  Endpoint: fifo_mem_reg_6__19_
               (rising edge-triggered flip-flop clocked by clk)
  Path Group: clk
  Path Type: min

  Point                                                   Incr       Path
  ------------------------------------------------------------------------------
  clock clk (rise edge)                                   0.00       0.00
  clock network delay (ideal)                             0.00       0.00
  fifo_mem_reg_6__19_/CLK (DFFHQNx1_ASAP7_75t_R)          0.00       0.00 r
  fifo_mem_reg_6__19_/QN (DFFHQNx1_ASAP7_75t_R)          48.37      48.37 r
  U617/Y (AOI22xp33_ASAP7_75t_R)                         12.41      60.79 f
  fifo_mem_reg_6__19_/D (DFFHQNx1_ASAP7_75t_R)            0.00      60.79 f
  data arrival time                                                 60.79

  clock clk (rise edge)                                   0.00       0.00
  clock network delay (ideal)                             0.00       0.00
  fifo_mem_reg_6__19_/CLK (DFFHQNx1_ASAP7_75t_R)                     0.00 r
  clock reconvergence pessimism                           0.00       0.00
  clock uncertainty                                     100.00     100.00
  library hold time                                      13.32     113.32
  data required time                                               113.32
  ------------------------------------------------------------------------------
  data required time                                               113.32
  data arrival time                                                -60.79
  ------------------------------------------------------------------------------
  slack (VIOLATED)                                                 -52.54


  Startpoint: fifo_mem_reg_6__18_
               (rising edge-triggered flip-flop clocked by clk)
  Endpoint: fifo_mem_reg_6__18_
               (rising edge-triggered flip-flop clocked by clk)
  Path Group: clk
  Path Type: min

  Point                                                   Incr       Path
  ------------------------------------------------------------------------------
  clock clk (rise edge)                                   0.00       0.00
  clock network delay (ideal)                             0.00       0.00
  fifo_mem_reg_6__18_/CLK (DFFHQNx1_ASAP7_75t_R)          0.00       0.00 r
  fifo_mem_reg_6__18_/QN (DFFHQNx1_ASAP7_75t_R)          48.37      48.37 r
  U618/Y (AOI22xp33_ASAP7_75t_R)                         12.41      60.79 f
  fifo_mem_reg_6__18_/D (DFFHQNx1_ASAP7_75t_R)            0.00      60.79 f
  data arrival time                                                 60.79

  clock clk (rise edge)                                   0.00       0.00
  clock network delay (ideal)                             0.00       0.00
  fifo_mem_reg_6__18_/CLK (DFFHQNx1_ASAP7_75t_R)                     0.00 r
  clock reconvergence pessimism                           0.00       0.00
  clock uncertainty                                     100.00     100.00
  library hold time                                      13.32     113.32
  data required time                                               113.32
  ------------------------------------------------------------------------------
  data required time                                               113.32
  data arrival time                                                -60.79
  ------------------------------------------------------------------------------
  slack (VIOLATED)                                                 -52.54


  Startpoint: fifo_mem_reg_6__17_
               (rising edge-triggered flip-flop clocked by clk)
  Endpoint: fifo_mem_reg_6__17_
               (rising edge-triggered flip-flop clocked by clk)
  Path Group: clk
  Path Type: min

  Point                                                   Incr       Path
  ------------------------------------------------------------------------------
  clock clk (rise edge)                                   0.00       0.00
  clock network delay (ideal)                             0.00       0.00
  fifo_mem_reg_6__17_/CLK (DFFHQNx1_ASAP7_75t_R)          0.00       0.00 r
  fifo_mem_reg_6__17_/QN (DFFHQNx1_ASAP7_75t_R)          48.37      48.37 r
  U619/Y (AOI22xp33_ASAP7_75t_R)                         12.41      60.79 f
  fifo_mem_reg_6__17_/D (DFFHQNx1_ASAP7_75t_R)            0.00      60.79 f
  data arrival time                                                 60.79

  clock clk (rise edge)                                   0.00       0.00
  clock network delay (ideal)                             0.00       0.00
  fifo_mem_reg_6__17_/CLK (DFFHQNx1_ASAP7_75t_R)                     0.00 r
  clock reconvergence pessimism                           0.00       0.00
  clock uncertainty                                     100.00     100.00
  library hold time                                      13.32     113.32
  data required time                                               113.32
  ------------------------------------------------------------------------------
  data required time                                               113.32
  data arrival time                                                -60.79
  ------------------------------------------------------------------------------
  slack (VIOLATED)                                                 -52.54


  Startpoint: fifo_mem_reg_6__16_
               (rising edge-triggered flip-flop clocked by clk)
  Endpoint: fifo_mem_reg_6__16_
               (rising edge-triggered flip-flop clocked by clk)
  Path Group: clk
  Path Type: min

  Point                                                   Incr       Path
  ------------------------------------------------------------------------------
  clock clk (rise edge)                                   0.00       0.00
  clock network delay (ideal)                             0.00       0.00
  fifo_mem_reg_6__16_/CLK (DFFHQNx1_ASAP7_75t_R)          0.00       0.00 r
  fifo_mem_reg_6__16_/QN (DFFHQNx1_ASAP7_75t_R)          48.37      48.37 r
  U634/Y (AOI22xp33_ASAP7_75t_R)                         12.41      60.79 f
  fifo_mem_reg_6__16_/D (DFFHQNx1_ASAP7_75t_R)            0.00      60.79 f
  data arrival time                                                 60.79

  clock clk (rise edge)                                   0.00       0.00
  clock network delay (ideal)                             0.00       0.00
  fifo_mem_reg_6__16_/CLK (DFFHQNx1_ASAP7_75t_R)                     0.00 r
  clock reconvergence pessimism                           0.00       0.00
  clock uncertainty                                     100.00     100.00
  library hold time                                      13.32     113.32
  data required time                                               113.32
  ------------------------------------------------------------------------------
  data required time                                               113.32
  data arrival time                                                -60.79
  ------------------------------------------------------------------------------
  slack (VIOLATED)                                                 -52.54


  Startpoint: fifo_mem_reg_6__15_
               (rising edge-triggered flip-flop clocked by clk)
  Endpoint: fifo_mem_reg_6__15_
               (rising edge-triggered flip-flop clocked by clk)
  Path Group: clk
  Path Type: min

  Point                                                   Incr       Path
  ------------------------------------------------------------------------------
  clock clk (rise edge)                                   0.00       0.00
  clock network delay (ideal)                             0.00       0.00
  fifo_mem_reg_6__15_/CLK (DFFHQNx1_ASAP7_75t_R)          0.00       0.00 r
  fifo_mem_reg_6__15_/QN (DFFHQNx1_ASAP7_75t_R)          48.37      48.37 r
  U621/Y (AOI22xp33_ASAP7_75t_R)                         12.41      60.79 f
  fifo_mem_reg_6__15_/D (DFFHQNx1_ASAP7_75t_R)            0.00      60.79 f
  data arrival time                                                 60.79

  clock clk (rise edge)                                   0.00       0.00
  clock network delay (ideal)                             0.00       0.00
  fifo_mem_reg_6__15_/CLK (DFFHQNx1_ASAP7_75t_R)                     0.00 r
  clock reconvergence pessimism                           0.00       0.00
  clock uncertainty                                     100.00     100.00
  library hold time                                      13.32     113.32
  data required time                                               113.32
  ------------------------------------------------------------------------------
  data required time                                               113.32
  data arrival time                                                -60.79
  ------------------------------------------------------------------------------
  slack (VIOLATED)                                                 -52.54


  Startpoint: fifo_mem_reg_6__14_
               (rising edge-triggered flip-flop clocked by clk)
  Endpoint: fifo_mem_reg_6__14_
               (rising edge-triggered flip-flop clocked by clk)
  Path Group: clk
  Path Type: min

  Point                                                   Incr       Path
  ------------------------------------------------------------------------------
  clock clk (rise edge)                                   0.00       0.00
  clock network delay (ideal)                             0.00       0.00
  fifo_mem_reg_6__14_/CLK (DFFHQNx1_ASAP7_75t_R)          0.00       0.00 r
  fifo_mem_reg_6__14_/QN (DFFHQNx1_ASAP7_75t_R)          48.37      48.37 r
  U622/Y (AOI22xp33_ASAP7_75t_R)                         12.41      60.79 f
  fifo_mem_reg_6__14_/D (DFFHQNx1_ASAP7_75t_R)            0.00      60.79 f
  data arrival time                                                 60.79

  clock clk (rise edge)                                   0.00       0.00
  clock network delay (ideal)                             0.00       0.00
  fifo_mem_reg_6__14_/CLK (DFFHQNx1_ASAP7_75t_R)                     0.00 r
  clock reconvergence pessimism                           0.00       0.00
  clock uncertainty                                     100.00     100.00
  library hold time                                      13.32     113.32
  data required time                                               113.32
  ------------------------------------------------------------------------------
  data required time                                               113.32
  data arrival time                                                -60.79
  ------------------------------------------------------------------------------
  slack (VIOLATED)                                                 -52.54


  Startpoint: fifo_mem_reg_6__13_
               (rising edge-triggered flip-flop clocked by clk)
  Endpoint: fifo_mem_reg_6__13_
               (rising edge-triggered flip-flop clocked by clk)
  Path Group: clk
  Path Type: min

  Point                                                   Incr       Path
  ------------------------------------------------------------------------------
  clock clk (rise edge)                                   0.00       0.00
  clock network delay (ideal)                             0.00       0.00
  fifo_mem_reg_6__13_/CLK (DFFHQNx1_ASAP7_75t_R)          0.00       0.00 r
  fifo_mem_reg_6__13_/QN (DFFHQNx1_ASAP7_75t_R)          48.37      48.37 r
  U623/Y (AOI22xp33_ASAP7_75t_R)                         12.41      60.79 f
  fifo_mem_reg_6__13_/D (DFFHQNx1_ASAP7_75t_R)            0.00      60.79 f
  data arrival time                                                 60.79

  clock clk (rise edge)                                   0.00       0.00
  clock network delay (ideal)                             0.00       0.00
  fifo_mem_reg_6__13_/CLK (DFFHQNx1_ASAP7_75t_R)                     0.00 r
  clock reconvergence pessimism                           0.00       0.00
  clock uncertainty                                     100.00     100.00
  library hold time                                      13.32     113.32
  data required time                                               113.32
  ------------------------------------------------------------------------------
  data required time                                               113.32
  data arrival time                                                -60.79
  ------------------------------------------------------------------------------
  slack (VIOLATED)                                                 -52.54


  Startpoint: fifo_mem_reg_6__12_
               (rising edge-triggered flip-flop clocked by clk)
  Endpoint: fifo_mem_reg_6__12_
               (rising edge-triggered flip-flop clocked by clk)
  Path Group: clk
  Path Type: min

  Point                                                   Incr       Path
  ------------------------------------------------------------------------------
  clock clk (rise edge)                                   0.00       0.00
  clock network delay (ideal)                             0.00       0.00
  fifo_mem_reg_6__12_/CLK (DFFHQNx1_ASAP7_75t_R)          0.00       0.00 r
  fifo_mem_reg_6__12_/QN (DFFHQNx1_ASAP7_75t_R)          48.37      48.37 r
  U624/Y (AOI22xp33_ASAP7_75t_R)                         12.41      60.79 f
  fifo_mem_reg_6__12_/D (DFFHQNx1_ASAP7_75t_R)            0.00      60.79 f
  data arrival time                                                 60.79

  clock clk (rise edge)                                   0.00       0.00
  clock network delay (ideal)                             0.00       0.00
  fifo_mem_reg_6__12_/CLK (DFFHQNx1_ASAP7_75t_R)                     0.00 r
  clock reconvergence pessimism                           0.00       0.00
  clock uncertainty                                     100.00     100.00
  library hold time                                      13.32     113.32
  data required time                                               113.32
  ------------------------------------------------------------------------------
  data required time                                               113.32
  data arrival time                                                -60.79
  ------------------------------------------------------------------------------
  slack (VIOLATED)                                                 -52.54


  Startpoint: fifo_mem_reg_6__11_
               (rising edge-triggered flip-flop clocked by clk)
  Endpoint: fifo_mem_reg_6__11_
               (rising edge-triggered flip-flop clocked by clk)
  Path Group: clk
  Path Type: min

  Point                                                   Incr       Path
  ------------------------------------------------------------------------------
  clock clk (rise edge)                                   0.00       0.00
  clock network delay (ideal)                             0.00       0.00
  fifo_mem_reg_6__11_/CLK (DFFHQNx1_ASAP7_75t_R)          0.00       0.00 r
  fifo_mem_reg_6__11_/QN (DFFHQNx1_ASAP7_75t_R)          48.37      48.37 r
  U625/Y (AOI22xp33_ASAP7_75t_R)                         12.41      60.79 f
  fifo_mem_reg_6__11_/D (DFFHQNx1_ASAP7_75t_R)            0.00      60.79 f
  data arrival time                                                 60.79

  clock clk (rise edge)                                   0.00       0.00
  clock network delay (ideal)                             0.00       0.00
  fifo_mem_reg_6__11_/CLK (DFFHQNx1_ASAP7_75t_R)                     0.00 r
  clock reconvergence pessimism                           0.00       0.00
  clock uncertainty                                     100.00     100.00
  library hold time                                      13.32     113.32
  data required time                                               113.32
  ------------------------------------------------------------------------------
  data required time                                               113.32
  data arrival time                                                -60.79
  ------------------------------------------------------------------------------
  slack (VIOLATED)                                                 -52.54


  Startpoint: fifo_mem_reg_6__10_
               (rising edge-triggered flip-flop clocked by clk)
  Endpoint: fifo_mem_reg_6__10_
               (rising edge-triggered flip-flop clocked by clk)
  Path Group: clk
  Path Type: min

  Point                                                   Incr       Path
  ------------------------------------------------------------------------------
  clock clk (rise edge)                                   0.00       0.00
  clock network delay (ideal)                             0.00       0.00
  fifo_mem_reg_6__10_/CLK (DFFHQNx1_ASAP7_75t_R)          0.00       0.00 r
  fifo_mem_reg_6__10_/QN (DFFHQNx1_ASAP7_75t_R)          48.37      48.37 r
  U553/Y (AOI22xp33_ASAP7_75t_R)                         12.41      60.79 f
  fifo_mem_reg_6__10_/D (DFFHQNx1_ASAP7_75t_R)            0.00      60.79 f
  data arrival time                                                 60.79

  clock clk (rise edge)                                   0.00       0.00
  clock network delay (ideal)                             0.00       0.00
  fifo_mem_reg_6__10_/CLK (DFFHQNx1_ASAP7_75t_R)                     0.00 r
  clock reconvergence pessimism                           0.00       0.00
  clock uncertainty                                     100.00     100.00
  library hold time                                      13.32     113.32
  data required time                                               113.32
  ------------------------------------------------------------------------------
  data required time                                               113.32
  data arrival time                                                -60.79
  ------------------------------------------------------------------------------
  slack (VIOLATED)                                                 -52.54


  Startpoint: fifo_mem_reg_6__9_
               (rising edge-triggered flip-flop clocked by clk)
  Endpoint: fifo_mem_reg_6__9_
               (rising edge-triggered flip-flop clocked by clk)
  Path Group: clk
  Path Type: min

  Point                                                   Incr       Path
  ------------------------------------------------------------------------------
  clock clk (rise edge)                                   0.00       0.00
  clock network delay (ideal)                             0.00       0.00
  fifo_mem_reg_6__9_/CLK (DFFHQNx1_ASAP7_75t_R)           0.00       0.00 r
  fifo_mem_reg_6__9_/QN (DFFHQNx1_ASAP7_75t_R)           48.37      48.37 r
  U552/Y (AOI22xp33_ASAP7_75t_R)                         12.41      60.79 f
  fifo_mem_reg_6__9_/D (DFFHQNx1_ASAP7_75t_R)             0.00      60.79 f
  data arrival time                                                 60.79

  clock clk (rise edge)                                   0.00       0.00
  clock network delay (ideal)                             0.00       0.00
  fifo_mem_reg_6__9_/CLK (DFFHQNx1_ASAP7_75t_R)                      0.00 r
  clock reconvergence pessimism                           0.00       0.00
  clock uncertainty                                     100.00     100.00
  library hold time                                      13.32     113.32
  data required time                                               113.32
  ------------------------------------------------------------------------------
  data required time                                               113.32
  data arrival time                                                -60.79
  ------------------------------------------------------------------------------
  slack (VIOLATED)                                                 -52.54


  Startpoint: fifo_mem_reg_6__8_
               (rising edge-triggered flip-flop clocked by clk)
  Endpoint: fifo_mem_reg_6__8_
               (rising edge-triggered flip-flop clocked by clk)
  Path Group: clk
  Path Type: min

  Point                                                   Incr       Path
  ------------------------------------------------------------------------------
  clock clk (rise edge)                                   0.00       0.00
  clock network delay (ideal)                             0.00       0.00
  fifo_mem_reg_6__8_/CLK (DFFHQNx1_ASAP7_75t_R)           0.00       0.00 r
  fifo_mem_reg_6__8_/QN (DFFHQNx1_ASAP7_75t_R)           48.37      48.37 r
  U551/Y (AOI22xp33_ASAP7_75t_R)                         12.41      60.79 f
  fifo_mem_reg_6__8_/D (DFFHQNx1_ASAP7_75t_R)             0.00      60.79 f
  data arrival time                                                 60.79

  clock clk (rise edge)                                   0.00       0.00
  clock network delay (ideal)                             0.00       0.00
  fifo_mem_reg_6__8_/CLK (DFFHQNx1_ASAP7_75t_R)                      0.00 r
  clock reconvergence pessimism                           0.00       0.00
  clock uncertainty                                     100.00     100.00
  library hold time                                      13.32     113.32
  data required time                                               113.32
  ------------------------------------------------------------------------------
  data required time                                               113.32
  data arrival time                                                -60.79
  ------------------------------------------------------------------------------
  slack (VIOLATED)                                                 -52.54


  Startpoint: fifo_mem_reg_6__7_
               (rising edge-triggered flip-flop clocked by clk)
  Endpoint: fifo_mem_reg_6__7_
               (rising edge-triggered flip-flop clocked by clk)
  Path Group: clk
  Path Type: min

  Point                                                   Incr       Path
  ------------------------------------------------------------------------------
  clock clk (rise edge)                                   0.00       0.00
  clock network delay (ideal)                             0.00       0.00
  fifo_mem_reg_6__7_/CLK (DFFHQNx1_ASAP7_75t_R)           0.00       0.00 r
  fifo_mem_reg_6__7_/QN (DFFHQNx1_ASAP7_75t_R)           48.37      48.37 r
  U550/Y (AOI22xp33_ASAP7_75t_R)                         12.41      60.79 f
  fifo_mem_reg_6__7_/D (DFFHQNx1_ASAP7_75t_R)             0.00      60.79 f
  data arrival time                                                 60.79

  clock clk (rise edge)                                   0.00       0.00
  clock network delay (ideal)                             0.00       0.00
  fifo_mem_reg_6__7_/CLK (DFFHQNx1_ASAP7_75t_R)                      0.00 r
  clock reconvergence pessimism                           0.00       0.00
  clock uncertainty                                     100.00     100.00
  library hold time                                      13.32     113.32
  data required time                                               113.32
  ------------------------------------------------------------------------------
  data required time                                               113.32
  data arrival time                                                -60.79
  ------------------------------------------------------------------------------
  slack (VIOLATED)                                                 -52.54


  Startpoint: fifo_mem_reg_6__6_
               (rising edge-triggered flip-flop clocked by clk)
  Endpoint: fifo_mem_reg_6__6_
               (rising edge-triggered flip-flop clocked by clk)
  Path Group: clk
  Path Type: min

  Point                                                   Incr       Path
  ------------------------------------------------------------------------------
  clock clk (rise edge)                                   0.00       0.00
  clock network delay (ideal)                             0.00       0.00
  fifo_mem_reg_6__6_/CLK (DFFHQNx1_ASAP7_75t_R)           0.00       0.00 r
  fifo_mem_reg_6__6_/QN (DFFHQNx1_ASAP7_75t_R)           48.37      48.37 r
  U549/Y (AOI22xp33_ASAP7_75t_R)                         12.41      60.79 f
  fifo_mem_reg_6__6_/D (DFFHQNx1_ASAP7_75t_R)             0.00      60.79 f
  data arrival time                                                 60.79

  clock clk (rise edge)                                   0.00       0.00
  clock network delay (ideal)                             0.00       0.00
  fifo_mem_reg_6__6_/CLK (DFFHQNx1_ASAP7_75t_R)                      0.00 r
  clock reconvergence pessimism                           0.00       0.00
  clock uncertainty                                     100.00     100.00
  library hold time                                      13.32     113.32
  data required time                                               113.32
  ------------------------------------------------------------------------------
  data required time                                               113.32
  data arrival time                                                -60.79
  ------------------------------------------------------------------------------
  slack (VIOLATED)                                                 -52.54


  Startpoint: fifo_mem_reg_6__5_
               (rising edge-triggered flip-flop clocked by clk)
  Endpoint: fifo_mem_reg_6__5_
               (rising edge-triggered flip-flop clocked by clk)
  Path Group: clk
  Path Type: min

  Point                                                   Incr       Path
  ------------------------------------------------------------------------------
  clock clk (rise edge)                                   0.00       0.00
  clock network delay (ideal)                             0.00       0.00
  fifo_mem_reg_6__5_/CLK (DFFHQNx1_ASAP7_75t_R)           0.00       0.00 r
  fifo_mem_reg_6__5_/QN (DFFHQNx1_ASAP7_75t_R)           48.37      48.37 r
  U548/Y (AOI22xp33_ASAP7_75t_R)                         12.41      60.79 f
  fifo_mem_reg_6__5_/D (DFFHQNx1_ASAP7_75t_R)             0.00      60.79 f
  data arrival time                                                 60.79

  clock clk (rise edge)                                   0.00       0.00
  clock network delay (ideal)                             0.00       0.00
  fifo_mem_reg_6__5_/CLK (DFFHQNx1_ASAP7_75t_R)                      0.00 r
  clock reconvergence pessimism                           0.00       0.00
  clock uncertainty                                     100.00     100.00
  library hold time                                      13.32     113.32
  data required time                                               113.32
  ------------------------------------------------------------------------------
  data required time                                               113.32
  data arrival time                                                -60.79
  ------------------------------------------------------------------------------
  slack (VIOLATED)                                                 -52.54


  Startpoint: fifo_mem_reg_6__4_
               (rising edge-triggered flip-flop clocked by clk)
  Endpoint: fifo_mem_reg_6__4_
               (rising edge-triggered flip-flop clocked by clk)
  Path Group: clk
  Path Type: min

  Point                                                   Incr       Path
  ------------------------------------------------------------------------------
  clock clk (rise edge)                                   0.00       0.00
  clock network delay (ideal)                             0.00       0.00
  fifo_mem_reg_6__4_/CLK (DFFHQNx1_ASAP7_75t_R)           0.00       0.00 r
  fifo_mem_reg_6__4_/QN (DFFHQNx1_ASAP7_75t_R)           48.37      48.37 r
  U547/Y (AOI22xp33_ASAP7_75t_R)                         12.41      60.79 f
  fifo_mem_reg_6__4_/D (DFFHQNx1_ASAP7_75t_R)             0.00      60.79 f
  data arrival time                                                 60.79

  clock clk (rise edge)                                   0.00       0.00
  clock network delay (ideal)                             0.00       0.00
  fifo_mem_reg_6__4_/CLK (DFFHQNx1_ASAP7_75t_R)                      0.00 r
  clock reconvergence pessimism                           0.00       0.00
  clock uncertainty                                     100.00     100.00
  library hold time                                      13.32     113.32
  data required time                                               113.32
  ------------------------------------------------------------------------------
  data required time                                               113.32
  data arrival time                                                -60.79
  ------------------------------------------------------------------------------
  slack (VIOLATED)                                                 -52.54


  Startpoint: fifo_mem_reg_6__3_
               (rising edge-triggered flip-flop clocked by clk)
  Endpoint: fifo_mem_reg_6__3_
               (rising edge-triggered flip-flop clocked by clk)
  Path Group: clk
  Path Type: min

  Point                                                   Incr       Path
  ------------------------------------------------------------------------------
  clock clk (rise edge)                                   0.00       0.00
  clock network delay (ideal)                             0.00       0.00
  fifo_mem_reg_6__3_/CLK (DFFHQNx1_ASAP7_75t_R)           0.00       0.00 r
  fifo_mem_reg_6__3_/QN (DFFHQNx1_ASAP7_75t_R)           48.37      48.37 r
  U546/Y (AOI22xp33_ASAP7_75t_R)                         12.41      60.79 f
  fifo_mem_reg_6__3_/D (DFFHQNx1_ASAP7_75t_R)             0.00      60.79 f
  data arrival time                                                 60.79

  clock clk (rise edge)                                   0.00       0.00
  clock network delay (ideal)                             0.00       0.00
  fifo_mem_reg_6__3_/CLK (DFFHQNx1_ASAP7_75t_R)                      0.00 r
  clock reconvergence pessimism                           0.00       0.00
  clock uncertainty                                     100.00     100.00
  library hold time                                      13.32     113.32
  data required time                                               113.32
  ------------------------------------------------------------------------------
  data required time                                               113.32
  data arrival time                                                -60.79
  ------------------------------------------------------------------------------
  slack (VIOLATED)                                                 -52.54


  Startpoint: fifo_mem_reg_6__2_
               (rising edge-triggered flip-flop clocked by clk)
  Endpoint: fifo_mem_reg_6__2_
               (rising edge-triggered flip-flop clocked by clk)
  Path Group: clk
  Path Type: min

  Point                                                   Incr       Path
  ------------------------------------------------------------------------------
  clock clk (rise edge)                                   0.00       0.00
  clock network delay (ideal)                             0.00       0.00
  fifo_mem_reg_6__2_/CLK (DFFHQNx1_ASAP7_75t_R)           0.00       0.00 r
  fifo_mem_reg_6__2_/QN (DFFHQNx1_ASAP7_75t_R)           48.37      48.37 r
  U545/Y (AOI22xp33_ASAP7_75t_R)                         12.41      60.79 f
  fifo_mem_reg_6__2_/D (DFFHQNx1_ASAP7_75t_R)             0.00      60.79 f
  data arrival time                                                 60.79

  clock clk (rise edge)                                   0.00       0.00
  clock network delay (ideal)                             0.00       0.00
  fifo_mem_reg_6__2_/CLK (DFFHQNx1_ASAP7_75t_R)                      0.00 r
  clock reconvergence pessimism                           0.00       0.00
  clock uncertainty                                     100.00     100.00
  library hold time                                      13.32     113.32
  data required time                                               113.32
  ------------------------------------------------------------------------------
  data required time                                               113.32
  data arrival time                                                -60.79
  ------------------------------------------------------------------------------
  slack (VIOLATED)                                                 -52.54


  Startpoint: fifo_mem_reg_6__1_
               (rising edge-triggered flip-flop clocked by clk)
  Endpoint: fifo_mem_reg_6__1_
               (rising edge-triggered flip-flop clocked by clk)
  Path Group: clk
  Path Type: min

  Point                                                   Incr       Path
  ------------------------------------------------------------------------------
  clock clk (rise edge)                                   0.00       0.00
  clock network delay (ideal)                             0.00       0.00
  fifo_mem_reg_6__1_/CLK (DFFHQNx1_ASAP7_75t_R)           0.00       0.00 r
  fifo_mem_reg_6__1_/QN (DFFHQNx1_ASAP7_75t_R)           48.37      48.37 r
  U544/Y (AOI22xp33_ASAP7_75t_R)                         12.41      60.79 f
  fifo_mem_reg_6__1_/D (DFFHQNx1_ASAP7_75t_R)             0.00      60.79 f
  data arrival time                                                 60.79

  clock clk (rise edge)                                   0.00       0.00
  clock network delay (ideal)                             0.00       0.00
  fifo_mem_reg_6__1_/CLK (DFFHQNx1_ASAP7_75t_R)                      0.00 r
  clock reconvergence pessimism                           0.00       0.00
  clock uncertainty                                     100.00     100.00
  library hold time                                      13.32     113.32
  data required time                                               113.32
  ------------------------------------------------------------------------------
  data required time                                               113.32
  data arrival time                                                -60.79
  ------------------------------------------------------------------------------
  slack (VIOLATED)                                                 -52.54


  Startpoint: fifo_mem_reg_6__0_
               (rising edge-triggered flip-flop clocked by clk)
  Endpoint: fifo_mem_reg_6__0_
               (rising edge-triggered flip-flop clocked by clk)
  Path Group: clk
  Path Type: min

  Point                                                   Incr       Path
  ------------------------------------------------------------------------------
  clock clk (rise edge)                                   0.00       0.00
  clock network delay (ideal)                             0.00       0.00
  fifo_mem_reg_6__0_/CLK (DFFHQNx1_ASAP7_75t_R)           0.00       0.00 r
  fifo_mem_reg_6__0_/QN (DFFHQNx1_ASAP7_75t_R)           48.37      48.37 r
  U543/Y (AOI22xp33_ASAP7_75t_R)                         12.41      60.79 f
  fifo_mem_reg_6__0_/D (DFFHQNx1_ASAP7_75t_R)             0.00      60.79 f
  data arrival time                                                 60.79

  clock clk (rise edge)                                   0.00       0.00
  clock network delay (ideal)                             0.00       0.00
  fifo_mem_reg_6__0_/CLK (DFFHQNx1_ASAP7_75t_R)                      0.00 r
  clock reconvergence pessimism                           0.00       0.00
  clock uncertainty                                     100.00     100.00
  library hold time                                      13.32     113.32
  data required time                                               113.32
  ------------------------------------------------------------------------------
  data required time                                               113.32
  data arrival time                                                -60.79
  ------------------------------------------------------------------------------
  slack (VIOLATED)                                                 -52.54


  Startpoint: fifo_mem_reg_7__21_
               (rising edge-triggered flip-flop clocked by clk)
  Endpoint: fifo_mem_reg_7__21_
               (rising edge-triggered flip-flop clocked by clk)
  Path Group: clk
  Path Type: min

  Point                                                   Incr       Path
  ------------------------------------------------------------------------------
  clock clk (rise edge)                                   0.00       0.00
  clock network delay (ideal)                             0.00       0.00
  fifo_mem_reg_7__21_/CLK (DFFHQNx1_ASAP7_75t_R)          0.00       0.00 r
  fifo_mem_reg_7__21_/QN (DFFHQNx1_ASAP7_75t_R)          48.37      48.37 r
  U641/Y (AOI22xp33_ASAP7_75t_R)                         12.41      60.79 f
  fifo_mem_reg_7__21_/D (DFFHQNx1_ASAP7_75t_R)            0.00      60.79 f
  data arrival time                                                 60.79

  clock clk (rise edge)                                   0.00       0.00
  clock network delay (ideal)                             0.00       0.00
  fifo_mem_reg_7__21_/CLK (DFFHQNx1_ASAP7_75t_R)                     0.00 r
  clock reconvergence pessimism                           0.00       0.00
  clock uncertainty                                     100.00     100.00
  library hold time                                      13.32     113.32
  data required time                                               113.32
  ------------------------------------------------------------------------------
  data required time                                               113.32
  data arrival time                                                -60.79
  ------------------------------------------------------------------------------
  slack (VIOLATED)                                                 -52.54


  Startpoint: fifo_mem_reg_7__20_
               (rising edge-triggered flip-flop clocked by clk)
  Endpoint: fifo_mem_reg_7__20_
               (rising edge-triggered flip-flop clocked by clk)
  Path Group: clk
  Path Type: min

  Point                                                   Incr       Path
  ------------------------------------------------------------------------------
  clock clk (rise edge)                                   0.00       0.00
  clock network delay (ideal)                             0.00       0.00
  fifo_mem_reg_7__20_/CLK (DFFHQNx1_ASAP7_75t_R)          0.00       0.00 r
  fifo_mem_reg_7__20_/QN (DFFHQNx1_ASAP7_75t_R)          48.37      48.37 r
  U638/Y (AOI22xp33_ASAP7_75t_R)                         12.41      60.79 f
  fifo_mem_reg_7__20_/D (DFFHQNx1_ASAP7_75t_R)            0.00      60.79 f
  data arrival time                                                 60.79

  clock clk (rise edge)                                   0.00       0.00
  clock network delay (ideal)                             0.00       0.00
  fifo_mem_reg_7__20_/CLK (DFFHQNx1_ASAP7_75t_R)                     0.00 r
  clock reconvergence pessimism                           0.00       0.00
  clock uncertainty                                     100.00     100.00
  library hold time                                      13.32     113.32
  data required time                                               113.32
  ------------------------------------------------------------------------------
  data required time                                               113.32
  data arrival time                                                -60.79
  ------------------------------------------------------------------------------
  slack (VIOLATED)                                                 -52.54


  Startpoint: fifo_mem_reg_7__19_
               (rising edge-triggered flip-flop clocked by clk)
  Endpoint: fifo_mem_reg_7__19_
               (rising edge-triggered flip-flop clocked by clk)
  Path Group: clk
  Path Type: min

  Point                                                   Incr       Path
  ------------------------------------------------------------------------------
  clock clk (rise edge)                                   0.00       0.00
  clock network delay (ideal)                             0.00       0.00
  fifo_mem_reg_7__19_/CLK (DFFHQNx1_ASAP7_75t_R)          0.00       0.00 r
  fifo_mem_reg_7__19_/QN (DFFHQNx1_ASAP7_75t_R)          48.37      48.37 r
  U643/Y (AOI22xp33_ASAP7_75t_R)                         12.41      60.79 f
  fifo_mem_reg_7__19_/D (DFFHQNx1_ASAP7_75t_R)            0.00      60.79 f
  data arrival time                                                 60.79

  clock clk (rise edge)                                   0.00       0.00
  clock network delay (ideal)                             0.00       0.00
  fifo_mem_reg_7__19_/CLK (DFFHQNx1_ASAP7_75t_R)                     0.00 r
  clock reconvergence pessimism                           0.00       0.00
  clock uncertainty                                     100.00     100.00
  library hold time                                      13.32     113.32
  data required time                                               113.32
  ------------------------------------------------------------------------------
  data required time                                               113.32
  data arrival time                                                -60.79
  ------------------------------------------------------------------------------
  slack (VIOLATED)                                                 -52.54


  Startpoint: fifo_mem_reg_7__18_
               (rising edge-triggered flip-flop clocked by clk)
  Endpoint: fifo_mem_reg_7__18_
               (rising edge-triggered flip-flop clocked by clk)
  Path Group: clk
  Path Type: min

  Point                                                   Incr       Path
  ------------------------------------------------------------------------------
  clock clk (rise edge)                                   0.00       0.00
  clock network delay (ideal)                             0.00       0.00
  fifo_mem_reg_7__18_/CLK (DFFHQNx1_ASAP7_75t_R)          0.00       0.00 r
  fifo_mem_reg_7__18_/QN (DFFHQNx1_ASAP7_75t_R)          48.37      48.37 r
  U644/Y (AOI22xp33_ASAP7_75t_R)                         12.41      60.79 f
  fifo_mem_reg_7__18_/D (DFFHQNx1_ASAP7_75t_R)            0.00      60.79 f
  data arrival time                                                 60.79

  clock clk (rise edge)                                   0.00       0.00
  clock network delay (ideal)                             0.00       0.00
  fifo_mem_reg_7__18_/CLK (DFFHQNx1_ASAP7_75t_R)                     0.00 r
  clock reconvergence pessimism                           0.00       0.00
  clock uncertainty                                     100.00     100.00
  library hold time                                      13.32     113.32
  data required time                                               113.32
  ------------------------------------------------------------------------------
  data required time                                               113.32
  data arrival time                                                -60.79
  ------------------------------------------------------------------------------
  slack (VIOLATED)                                                 -52.54


  Startpoint: fifo_mem_reg_7__17_
               (rising edge-triggered flip-flop clocked by clk)
  Endpoint: fifo_mem_reg_7__17_
               (rising edge-triggered flip-flop clocked by clk)
  Path Group: clk
  Path Type: min

  Point                                                   Incr       Path
  ------------------------------------------------------------------------------
  clock clk (rise edge)                                   0.00       0.00
  clock network delay (ideal)                             0.00       0.00
  fifo_mem_reg_7__17_/CLK (DFFHQNx1_ASAP7_75t_R)          0.00       0.00 r
  fifo_mem_reg_7__17_/QN (DFFHQNx1_ASAP7_75t_R)          48.37      48.37 r
  U645/Y (AOI22xp33_ASAP7_75t_R)                         12.41      60.79 f
  fifo_mem_reg_7__17_/D (DFFHQNx1_ASAP7_75t_R)            0.00      60.79 f
  data arrival time                                                 60.79

  clock clk (rise edge)                                   0.00       0.00
  clock network delay (ideal)                             0.00       0.00
  fifo_mem_reg_7__17_/CLK (DFFHQNx1_ASAP7_75t_R)                     0.00 r
  clock reconvergence pessimism                           0.00       0.00
  clock uncertainty                                     100.00     100.00
  library hold time                                      13.32     113.32
  data required time                                               113.32
  ------------------------------------------------------------------------------
  data required time                                               113.32
  data arrival time                                                -60.79
  ------------------------------------------------------------------------------
  slack (VIOLATED)                                                 -52.54


  Startpoint: fifo_mem_reg_7__16_
               (rising edge-triggered flip-flop clocked by clk)
  Endpoint: fifo_mem_reg_7__16_
               (rising edge-triggered flip-flop clocked by clk)
  Path Group: clk
  Path Type: min

  Point                                                   Incr       Path
  ------------------------------------------------------------------------------
  clock clk (rise edge)                                   0.00       0.00
  clock network delay (ideal)                             0.00       0.00
  fifo_mem_reg_7__16_/CLK (DFFHQNx1_ASAP7_75t_R)          0.00       0.00 r
  fifo_mem_reg_7__16_/QN (DFFHQNx1_ASAP7_75t_R)          48.37      48.37 r
  U646/Y (AOI22xp33_ASAP7_75t_R)                         12.41      60.79 f
  fifo_mem_reg_7__16_/D (DFFHQNx1_ASAP7_75t_R)            0.00      60.79 f
  data arrival time                                                 60.79

  clock clk (rise edge)                                   0.00       0.00
  clock network delay (ideal)                             0.00       0.00
  fifo_mem_reg_7__16_/CLK (DFFHQNx1_ASAP7_75t_R)                     0.00 r
  clock reconvergence pessimism                           0.00       0.00
  clock uncertainty                                     100.00     100.00
  library hold time                                      13.32     113.32
  data required time                                               113.32
  ------------------------------------------------------------------------------
  data required time                                               113.32
  data arrival time                                                -60.79
  ------------------------------------------------------------------------------
  slack (VIOLATED)                                                 -52.54


  Startpoint: fifo_mem_reg_7__15_
               (rising edge-triggered flip-flop clocked by clk)
  Endpoint: fifo_mem_reg_7__15_
               (rising edge-triggered flip-flop clocked by clk)
  Path Group: clk
  Path Type: min

  Point                                                   Incr       Path
  ------------------------------------------------------------------------------
  clock clk (rise edge)                                   0.00       0.00
  clock network delay (ideal)                             0.00       0.00
  fifo_mem_reg_7__15_/CLK (DFFHQNx1_ASAP7_75t_R)          0.00       0.00 r
  fifo_mem_reg_7__15_/QN (DFFHQNx1_ASAP7_75t_R)          48.37      48.37 r
  U647/Y (AOI22xp33_ASAP7_75t_R)                         12.41      60.79 f
  fifo_mem_reg_7__15_/D (DFFHQNx1_ASAP7_75t_R)            0.00      60.79 f
  data arrival time                                                 60.79

  clock clk (rise edge)                                   0.00       0.00
  clock network delay (ideal)                             0.00       0.00
  fifo_mem_reg_7__15_/CLK (DFFHQNx1_ASAP7_75t_R)                     0.00 r
  clock reconvergence pessimism                           0.00       0.00
  clock uncertainty                                     100.00     100.00
  library hold time                                      13.32     113.32
  data required time                                               113.32
  ------------------------------------------------------------------------------
  data required time                                               113.32
  data arrival time                                                -60.79
  ------------------------------------------------------------------------------
  slack (VIOLATED)                                                 -52.54


  Startpoint: fifo_mem_reg_7__14_
               (rising edge-triggered flip-flop clocked by clk)
  Endpoint: fifo_mem_reg_7__14_
               (rising edge-triggered flip-flop clocked by clk)
  Path Group: clk
  Path Type: min

  Point                                                   Incr       Path
  ------------------------------------------------------------------------------
  clock clk (rise edge)                                   0.00       0.00
  clock network delay (ideal)                             0.00       0.00
  fifo_mem_reg_7__14_/CLK (DFFHQNx1_ASAP7_75t_R)          0.00       0.00 r
  fifo_mem_reg_7__14_/QN (DFFHQNx1_ASAP7_75t_R)          48.37      48.37 r
  U648/Y (AOI22xp33_ASAP7_75t_R)                         12.41      60.79 f
  fifo_mem_reg_7__14_/D (DFFHQNx1_ASAP7_75t_R)            0.00      60.79 f
  data arrival time                                                 60.79

  clock clk (rise edge)                                   0.00       0.00
  clock network delay (ideal)                             0.00       0.00
  fifo_mem_reg_7__14_/CLK (DFFHQNx1_ASAP7_75t_R)                     0.00 r
  clock reconvergence pessimism                           0.00       0.00
  clock uncertainty                                     100.00     100.00
  library hold time                                      13.32     113.32
  data required time                                               113.32
  ------------------------------------------------------------------------------
  data required time                                               113.32
  data arrival time                                                -60.79
  ------------------------------------------------------------------------------
  slack (VIOLATED)                                                 -52.54


  Startpoint: fifo_mem_reg_7__13_
               (rising edge-triggered flip-flop clocked by clk)
  Endpoint: fifo_mem_reg_7__13_
               (rising edge-triggered flip-flop clocked by clk)
  Path Group: clk
  Path Type: min

  Point                                                   Incr       Path
  ------------------------------------------------------------------------------
  clock clk (rise edge)                                   0.00       0.00
  clock network delay (ideal)                             0.00       0.00
  fifo_mem_reg_7__13_/CLK (DFFHQNx1_ASAP7_75t_R)          0.00       0.00 r
  fifo_mem_reg_7__13_/QN (DFFHQNx1_ASAP7_75t_R)          48.37      48.37 r
  U639/Y (AOI22xp33_ASAP7_75t_R)                         12.41      60.79 f
  fifo_mem_reg_7__13_/D (DFFHQNx1_ASAP7_75t_R)            0.00      60.79 f
  data arrival time                                                 60.79

  clock clk (rise edge)                                   0.00       0.00
  clock network delay (ideal)                             0.00       0.00
  fifo_mem_reg_7__13_/CLK (DFFHQNx1_ASAP7_75t_R)                     0.00 r
  clock reconvergence pessimism                           0.00       0.00
  clock uncertainty                                     100.00     100.00
  library hold time                                      13.32     113.32
  data required time                                               113.32
  ------------------------------------------------------------------------------
  data required time                                               113.32
  data arrival time                                                -60.79
  ------------------------------------------------------------------------------
  slack (VIOLATED)                                                 -52.54


  Startpoint: fifo_mem_reg_7__12_
               (rising edge-triggered flip-flop clocked by clk)
  Endpoint: fifo_mem_reg_7__12_
               (rising edge-triggered flip-flop clocked by clk)
  Path Group: clk
  Path Type: min

  Point                                                   Incr       Path
  ------------------------------------------------------------------------------
  clock clk (rise edge)                                   0.00       0.00
  clock network delay (ideal)                             0.00       0.00
  fifo_mem_reg_7__12_/CLK (DFFHQNx1_ASAP7_75t_R)          0.00       0.00 r
  fifo_mem_reg_7__12_/QN (DFFHQNx1_ASAP7_75t_R)          48.37      48.37 r
  U650/Y (AOI22xp33_ASAP7_75t_R)                         12.41      60.79 f
  fifo_mem_reg_7__12_/D (DFFHQNx1_ASAP7_75t_R)            0.00      60.79 f
  data arrival time                                                 60.79

  clock clk (rise edge)                                   0.00       0.00
  clock network delay (ideal)                             0.00       0.00
  fifo_mem_reg_7__12_/CLK (DFFHQNx1_ASAP7_75t_R)                     0.00 r
  clock reconvergence pessimism                           0.00       0.00
  clock uncertainty                                     100.00     100.00
  library hold time                                      13.32     113.32
  data required time                                               113.32
  ------------------------------------------------------------------------------
  data required time                                               113.32
  data arrival time                                                -60.79
  ------------------------------------------------------------------------------
  slack (VIOLATED)                                                 -52.54


  Startpoint: fifo_mem_reg_7__11_
               (rising edge-triggered flip-flop clocked by clk)
  Endpoint: fifo_mem_reg_7__11_
               (rising edge-triggered flip-flop clocked by clk)
  Path Group: clk
  Path Type: min

  Point                                                   Incr       Path
  ------------------------------------------------------------------------------
  clock clk (rise edge)                                   0.00       0.00
  clock network delay (ideal)                             0.00       0.00
  fifo_mem_reg_7__11_/CLK (DFFHQNx1_ASAP7_75t_R)          0.00       0.00 r
  fifo_mem_reg_7__11_/QN (DFFHQNx1_ASAP7_75t_R)          48.37      48.37 r
  U651/Y (AOI22xp33_ASAP7_75t_R)                         12.41      60.79 f
  fifo_mem_reg_7__11_/D (DFFHQNx1_ASAP7_75t_R)            0.00      60.79 f
  data arrival time                                                 60.79

  clock clk (rise edge)                                   0.00       0.00
  clock network delay (ideal)                             0.00       0.00
  fifo_mem_reg_7__11_/CLK (DFFHQNx1_ASAP7_75t_R)                     0.00 r
  clock reconvergence pessimism                           0.00       0.00
  clock uncertainty                                     100.00     100.00
  library hold time                                      13.32     113.32
  data required time                                               113.32
  ------------------------------------------------------------------------------
  data required time                                               113.32
  data arrival time                                                -60.79
  ------------------------------------------------------------------------------
  slack (VIOLATED)                                                 -52.54


  Startpoint: fifo_mem_reg_7__10_
               (rising edge-triggered flip-flop clocked by clk)
  Endpoint: fifo_mem_reg_7__10_
               (rising edge-triggered flip-flop clocked by clk)
  Path Group: clk
  Path Type: min

  Point                                                   Incr       Path
  ------------------------------------------------------------------------------
  clock clk (rise edge)                                   0.00       0.00
  clock network delay (ideal)                             0.00       0.00
  fifo_mem_reg_7__10_/CLK (DFFHQNx1_ASAP7_75t_R)          0.00       0.00 r
  fifo_mem_reg_7__10_/QN (DFFHQNx1_ASAP7_75t_R)          48.37      48.37 r
  U642/Y (AOI22xp33_ASAP7_75t_R)                         12.41      60.79 f
  fifo_mem_reg_7__10_/D (DFFHQNx1_ASAP7_75t_R)            0.00      60.79 f
  data arrival time                                                 60.79

  clock clk (rise edge)                                   0.00       0.00
  clock network delay (ideal)                             0.00       0.00
  fifo_mem_reg_7__10_/CLK (DFFHQNx1_ASAP7_75t_R)                     0.00 r
  clock reconvergence pessimism                           0.00       0.00
  clock uncertainty                                     100.00     100.00
  library hold time                                      13.32     113.32
  data required time                                               113.32
  ------------------------------------------------------------------------------
  data required time                                               113.32
  data arrival time                                                -60.79
  ------------------------------------------------------------------------------
  slack (VIOLATED)                                                 -52.54


  Startpoint: fifo_mem_reg_7__9_
               (rising edge-triggered flip-flop clocked by clk)
  Endpoint: fifo_mem_reg_7__9_
               (rising edge-triggered flip-flop clocked by clk)
  Path Group: clk
  Path Type: min

  Point                                                   Incr       Path
  ------------------------------------------------------------------------------
  clock clk (rise edge)                                   0.00       0.00
  clock network delay (ideal)                             0.00       0.00
  fifo_mem_reg_7__9_/CLK (DFFHQNx1_ASAP7_75t_R)           0.00       0.00 r
  fifo_mem_reg_7__9_/QN (DFFHQNx1_ASAP7_75t_R)           48.37      48.37 r
  U653/Y (AOI22xp33_ASAP7_75t_R)                         12.41      60.79 f
  fifo_mem_reg_7__9_/D (DFFHQNx1_ASAP7_75t_R)             0.00      60.79 f
  data arrival time                                                 60.79

  clock clk (rise edge)                                   0.00       0.00
  clock network delay (ideal)                             0.00       0.00
  fifo_mem_reg_7__9_/CLK (DFFHQNx1_ASAP7_75t_R)                      0.00 r
  clock reconvergence pessimism                           0.00       0.00
  clock uncertainty                                     100.00     100.00
  library hold time                                      13.32     113.32
  data required time                                               113.32
  ------------------------------------------------------------------------------
  data required time                                               113.32
  data arrival time                                                -60.79
  ------------------------------------------------------------------------------
  slack (VIOLATED)                                                 -52.54


  Startpoint: fifo_mem_reg_7__8_
               (rising edge-triggered flip-flop clocked by clk)
  Endpoint: fifo_mem_reg_7__8_
               (rising edge-triggered flip-flop clocked by clk)
  Path Group: clk
  Path Type: min

  Point                                                   Incr       Path
  ------------------------------------------------------------------------------
  clock clk (rise edge)                                   0.00       0.00
  clock network delay (ideal)                             0.00       0.00
  fifo_mem_reg_7__8_/CLK (DFFHQNx1_ASAP7_75t_R)           0.00       0.00 r
  fifo_mem_reg_7__8_/QN (DFFHQNx1_ASAP7_75t_R)           48.37      48.37 r
  U654/Y (AOI22xp33_ASAP7_75t_R)                         12.41      60.79 f
  fifo_mem_reg_7__8_/D (DFFHQNx1_ASAP7_75t_R)             0.00      60.79 f
  data arrival time                                                 60.79

  clock clk (rise edge)                                   0.00       0.00
  clock network delay (ideal)                             0.00       0.00
  fifo_mem_reg_7__8_/CLK (DFFHQNx1_ASAP7_75t_R)                      0.00 r
  clock reconvergence pessimism                           0.00       0.00
  clock uncertainty                                     100.00     100.00
  library hold time                                      13.32     113.32
  data required time                                               113.32
  ------------------------------------------------------------------------------
  data required time                                               113.32
  data arrival time                                                -60.79
  ------------------------------------------------------------------------------
  slack (VIOLATED)                                                 -52.54


  Startpoint: fifo_mem_reg_7__7_
               (rising edge-triggered flip-flop clocked by clk)
  Endpoint: fifo_mem_reg_7__7_
               (rising edge-triggered flip-flop clocked by clk)
  Path Group: clk
  Path Type: min

  Point                                                   Incr       Path
  ------------------------------------------------------------------------------
  clock clk (rise edge)                                   0.00       0.00
  clock network delay (ideal)                             0.00       0.00
  fifo_mem_reg_7__7_/CLK (DFFHQNx1_ASAP7_75t_R)           0.00       0.00 r
  fifo_mem_reg_7__7_/QN (DFFHQNx1_ASAP7_75t_R)           48.37      48.37 r
  U652/Y (AOI22xp33_ASAP7_75t_R)                         12.41      60.79 f
  fifo_mem_reg_7__7_/D (DFFHQNx1_ASAP7_75t_R)             0.00      60.79 f
  data arrival time                                                 60.79

  clock clk (rise edge)                                   0.00       0.00
  clock network delay (ideal)                             0.00       0.00
  fifo_mem_reg_7__7_/CLK (DFFHQNx1_ASAP7_75t_R)                      0.00 r
  clock reconvergence pessimism                           0.00       0.00
  clock uncertainty                                     100.00     100.00
  library hold time                                      13.32     113.32
  data required time                                               113.32
  ------------------------------------------------------------------------------
  data required time                                               113.32
  data arrival time                                                -60.79
  ------------------------------------------------------------------------------
  slack (VIOLATED)                                                 -52.54


  Startpoint: fifo_mem_reg_7__6_
               (rising edge-triggered flip-flop clocked by clk)
  Endpoint: fifo_mem_reg_7__6_
               (rising edge-triggered flip-flop clocked by clk)
  Path Group: clk
  Path Type: min

  Point                                                   Incr       Path
  ------------------------------------------------------------------------------
  clock clk (rise edge)                                   0.00       0.00
  clock network delay (ideal)                             0.00       0.00
  fifo_mem_reg_7__6_/CLK (DFFHQNx1_ASAP7_75t_R)           0.00       0.00 r
  fifo_mem_reg_7__6_/QN (DFFHQNx1_ASAP7_75t_R)           48.37      48.37 r
  U649/Y (AOI22xp33_ASAP7_75t_R)                         12.41      60.79 f
  fifo_mem_reg_7__6_/D (DFFHQNx1_ASAP7_75t_R)             0.00      60.79 f
  data arrival time                                                 60.79

  clock clk (rise edge)                                   0.00       0.00
  clock network delay (ideal)                             0.00       0.00
  fifo_mem_reg_7__6_/CLK (DFFHQNx1_ASAP7_75t_R)                      0.00 r
  clock reconvergence pessimism                           0.00       0.00
  clock uncertainty                                     100.00     100.00
  library hold time                                      13.32     113.32
  data required time                                               113.32
  ------------------------------------------------------------------------------
  data required time                                               113.32
  data arrival time                                                -60.79
  ------------------------------------------------------------------------------
  slack (VIOLATED)                                                 -52.54


  Startpoint: fifo_mem_reg_7__5_
               (rising edge-triggered flip-flop clocked by clk)
  Endpoint: fifo_mem_reg_7__5_
               (rising edge-triggered flip-flop clocked by clk)
  Path Group: clk
  Path Type: min

  Point                                                   Incr       Path
  ------------------------------------------------------------------------------
  clock clk (rise edge)                                   0.00       0.00
  clock network delay (ideal)                             0.00       0.00
  fifo_mem_reg_7__5_/CLK (DFFHQNx1_ASAP7_75t_R)           0.00       0.00 r
  fifo_mem_reg_7__5_/QN (DFFHQNx1_ASAP7_75t_R)           48.37      48.37 r
  U656/Y (AOI22xp33_ASAP7_75t_R)                         12.41      60.79 f
  fifo_mem_reg_7__5_/D (DFFHQNx1_ASAP7_75t_R)             0.00      60.79 f
  data arrival time                                                 60.79

  clock clk (rise edge)                                   0.00       0.00
  clock network delay (ideal)                             0.00       0.00
  fifo_mem_reg_7__5_/CLK (DFFHQNx1_ASAP7_75t_R)                      0.00 r
  clock reconvergence pessimism                           0.00       0.00
  clock uncertainty                                     100.00     100.00
  library hold time                                      13.32     113.32
  data required time                                               113.32
  ------------------------------------------------------------------------------
  data required time                                               113.32
  data arrival time                                                -60.79
  ------------------------------------------------------------------------------
  slack (VIOLATED)                                                 -52.54


  Startpoint: fifo_mem_reg_7__4_
               (rising edge-triggered flip-flop clocked by clk)
  Endpoint: fifo_mem_reg_7__4_
               (rising edge-triggered flip-flop clocked by clk)
  Path Group: clk
  Path Type: min

  Point                                                   Incr       Path
  ------------------------------------------------------------------------------
  clock clk (rise edge)                                   0.00       0.00
  clock network delay (ideal)                             0.00       0.00
  fifo_mem_reg_7__4_/CLK (DFFHQNx1_ASAP7_75t_R)           0.00       0.00 r
  fifo_mem_reg_7__4_/QN (DFFHQNx1_ASAP7_75t_R)           48.37      48.37 r
  U655/Y (AOI22xp33_ASAP7_75t_R)                         12.41      60.79 f
  fifo_mem_reg_7__4_/D (DFFHQNx1_ASAP7_75t_R)             0.00      60.79 f
  data arrival time                                                 60.79

  clock clk (rise edge)                                   0.00       0.00
  clock network delay (ideal)                             0.00       0.00
  fifo_mem_reg_7__4_/CLK (DFFHQNx1_ASAP7_75t_R)                      0.00 r
  clock reconvergence pessimism                           0.00       0.00
  clock uncertainty                                     100.00     100.00
  library hold time                                      13.32     113.32
  data required time                                               113.32
  ------------------------------------------------------------------------------
  data required time                                               113.32
  data arrival time                                                -60.79
  ------------------------------------------------------------------------------
  slack (VIOLATED)                                                 -52.54


  Startpoint: fifo_mem_reg_7__3_
               (rising edge-triggered flip-flop clocked by clk)
  Endpoint: fifo_mem_reg_7__3_
               (rising edge-triggered flip-flop clocked by clk)
  Path Group: clk
  Path Type: min

  Point                                                   Incr       Path
  ------------------------------------------------------------------------------
  clock clk (rise edge)                                   0.00       0.00
  clock network delay (ideal)                             0.00       0.00
  fifo_mem_reg_7__3_/CLK (DFFHQNx1_ASAP7_75t_R)           0.00       0.00 r
  fifo_mem_reg_7__3_/QN (DFFHQNx1_ASAP7_75t_R)           48.37      48.37 r
  U637/Y (AOI22xp33_ASAP7_75t_R)                         12.41      60.79 f
  fifo_mem_reg_7__3_/D (DFFHQNx1_ASAP7_75t_R)             0.00      60.79 f
  data arrival time                                                 60.79

  clock clk (rise edge)                                   0.00       0.00
  clock network delay (ideal)                             0.00       0.00
  fifo_mem_reg_7__3_/CLK (DFFHQNx1_ASAP7_75t_R)                      0.00 r
  clock reconvergence pessimism                           0.00       0.00
  clock uncertainty                                     100.00     100.00
  library hold time                                      13.32     113.32
  data required time                                               113.32
  ------------------------------------------------------------------------------
  data required time                                               113.32
  data arrival time                                                -60.79
  ------------------------------------------------------------------------------
  slack (VIOLATED)                                                 -52.54


  Startpoint: fifo_mem_reg_7__2_
               (rising edge-triggered flip-flop clocked by clk)
  Endpoint: fifo_mem_reg_7__2_
               (rising edge-triggered flip-flop clocked by clk)
  Path Group: clk
  Path Type: min

  Point                                                   Incr       Path
  ------------------------------------------------------------------------------
  clock clk (rise edge)                                   0.00       0.00
  clock network delay (ideal)                             0.00       0.00
  fifo_mem_reg_7__2_/CLK (DFFHQNx1_ASAP7_75t_R)           0.00       0.00 r
  fifo_mem_reg_7__2_/QN (DFFHQNx1_ASAP7_75t_R)           48.37      48.37 r
  U487/Y (AOI22xp33_ASAP7_75t_R)                         12.41      60.79 f
  fifo_mem_reg_7__2_/D (DFFHQNx1_ASAP7_75t_R)             0.00      60.79 f
  data arrival time                                                 60.79

  clock clk (rise edge)                                   0.00       0.00
  clock network delay (ideal)                             0.00       0.00
  fifo_mem_reg_7__2_/CLK (DFFHQNx1_ASAP7_75t_R)                      0.00 r
  clock reconvergence pessimism                           0.00       0.00
  clock uncertainty                                     100.00     100.00
  library hold time                                      13.32     113.32
  data required time                                               113.32
  ------------------------------------------------------------------------------
  data required time                                               113.32
  data arrival time                                                -60.79
  ------------------------------------------------------------------------------
  slack (VIOLATED)                                                 -52.54


  Startpoint: fifo_mem_reg_7__1_
               (rising edge-triggered flip-flop clocked by clk)
  Endpoint: fifo_mem_reg_7__1_
               (rising edge-triggered flip-flop clocked by clk)
  Path Group: clk
  Path Type: min

  Point                                                   Incr       Path
  ------------------------------------------------------------------------------
  clock clk (rise edge)                                   0.00       0.00
  clock network delay (ideal)                             0.00       0.00
  fifo_mem_reg_7__1_/CLK (DFFHQNx1_ASAP7_75t_R)           0.00       0.00 r
  fifo_mem_reg_7__1_/QN (DFFHQNx1_ASAP7_75t_R)           48.37      48.37 r
  U486/Y (AOI22xp33_ASAP7_75t_R)                         12.41      60.79 f
  fifo_mem_reg_7__1_/D (DFFHQNx1_ASAP7_75t_R)             0.00      60.79 f
  data arrival time                                                 60.79

  clock clk (rise edge)                                   0.00       0.00
  clock network delay (ideal)                             0.00       0.00
  fifo_mem_reg_7__1_/CLK (DFFHQNx1_ASAP7_75t_R)                      0.00 r
  clock reconvergence pessimism                           0.00       0.00
  clock uncertainty                                     100.00     100.00
  library hold time                                      13.32     113.32
  data required time                                               113.32
  ------------------------------------------------------------------------------
  data required time                                               113.32
  data arrival time                                                -60.79
  ------------------------------------------------------------------------------
  slack (VIOLATED)                                                 -52.54


  Startpoint: fifo_mem_reg_7__0_
               (rising edge-triggered flip-flop clocked by clk)
  Endpoint: fifo_mem_reg_7__0_
               (rising edge-triggered flip-flop clocked by clk)
  Path Group: clk
  Path Type: min

  Point                                                   Incr       Path
  ------------------------------------------------------------------------------
  clock clk (rise edge)                                   0.00       0.00
  clock network delay (ideal)                             0.00       0.00
  fifo_mem_reg_7__0_/CLK (DFFHQNx1_ASAP7_75t_R)           0.00       0.00 r
  fifo_mem_reg_7__0_/QN (DFFHQNx1_ASAP7_75t_R)           48.37      48.37 r
  U488/Y (AOI22xp33_ASAP7_75t_R)                         12.41      60.79 f
  fifo_mem_reg_7__0_/D (DFFHQNx1_ASAP7_75t_R)             0.00      60.79 f
  data arrival time                                                 60.79

  clock clk (rise edge)                                   0.00       0.00
  clock network delay (ideal)                             0.00       0.00
  fifo_mem_reg_7__0_/CLK (DFFHQNx1_ASAP7_75t_R)                      0.00 r
  clock reconvergence pessimism                           0.00       0.00
  clock uncertainty                                     100.00     100.00
  library hold time                                      13.32     113.32
  data required time                                               113.32
  ------------------------------------------------------------------------------
  data required time                                               113.32
  data arrival time                                                -60.79
  ------------------------------------------------------------------------------
  slack (VIOLATED)                                                 -52.54


  Startpoint: fifo_mem_reg_1__21_
               (rising edge-triggered flip-flop clocked by clk)
  Endpoint: fifo_mem_reg_1__21_
               (rising edge-triggered flip-flop clocked by clk)
  Path Group: clk
  Path Type: min

  Point                                                   Incr       Path
  ------------------------------------------------------------------------------
  clock clk (rise edge)                                   0.00       0.00
  clock network delay (ideal)                             0.00       0.00
  fifo_mem_reg_1__21_/CLK (DFFHQNx1_ASAP7_75t_R)          0.00       0.00 r
  fifo_mem_reg_1__21_/QN (DFFHQNx1_ASAP7_75t_R)          48.61      48.61 r
  U515/Y (AOI22xp33_ASAP7_75t_R)                         12.48      61.09 f
  fifo_mem_reg_1__21_/D (DFFHQNx1_ASAP7_75t_R)            0.00      61.09 f
  data arrival time                                                 61.09

  clock clk (rise edge)                                   0.00       0.00
  clock network delay (ideal)                             0.00       0.00
  fifo_mem_reg_1__21_/CLK (DFFHQNx1_ASAP7_75t_R)                     0.00 r
  clock reconvergence pessimism                           0.00       0.00
  clock uncertainty                                     100.00     100.00
  library hold time                                      13.31     113.31
  data required time                                               113.31
  ------------------------------------------------------------------------------
  data required time                                               113.31
  data arrival time                                                -61.09
  ------------------------------------------------------------------------------
  slack (VIOLATED)                                                 -52.22


  Startpoint: fifo_mem_reg_1__20_
               (rising edge-triggered flip-flop clocked by clk)
  Endpoint: fifo_mem_reg_1__20_
               (rising edge-triggered flip-flop clocked by clk)
  Path Group: clk
  Path Type: min

  Point                                                   Incr       Path
  ------------------------------------------------------------------------------
  clock clk (rise edge)                                   0.00       0.00
  clock network delay (ideal)                             0.00       0.00
  fifo_mem_reg_1__20_/CLK (DFFHQNx1_ASAP7_75t_R)          0.00       0.00 r
  fifo_mem_reg_1__20_/QN (DFFHQNx1_ASAP7_75t_R)          48.61      48.61 r
  U516/Y (AOI22xp33_ASAP7_75t_R)                         12.48      61.09 f
  fifo_mem_reg_1__20_/D (DFFHQNx1_ASAP7_75t_R)            0.00      61.09 f
  data arrival time                                                 61.09

  clock clk (rise edge)                                   0.00       0.00
  clock network delay (ideal)                             0.00       0.00
  fifo_mem_reg_1__20_/CLK (DFFHQNx1_ASAP7_75t_R)                     0.00 r
  clock reconvergence pessimism                           0.00       0.00
  clock uncertainty                                     100.00     100.00
  library hold time                                      13.31     113.31
  data required time                                               113.31
  ------------------------------------------------------------------------------
  data required time                                               113.31
  data arrival time                                                -61.09
  ------------------------------------------------------------------------------
  slack (VIOLATED)                                                 -52.22


  Startpoint: fifo_mem_reg_1__19_
               (rising edge-triggered flip-flop clocked by clk)
  Endpoint: fifo_mem_reg_1__19_
               (rising edge-triggered flip-flop clocked by clk)
  Path Group: clk
  Path Type: min

  Point                                                   Incr       Path
  ------------------------------------------------------------------------------
  clock clk (rise edge)                                   0.00       0.00
  clock network delay (ideal)                             0.00       0.00
  fifo_mem_reg_1__19_/CLK (DFFHQNx1_ASAP7_75t_R)          0.00       0.00 r
  fifo_mem_reg_1__19_/QN (DFFHQNx1_ASAP7_75t_R)          48.61      48.61 r
  U519/Y (AOI22xp33_ASAP7_75t_R)                         12.48      61.09 f
  fifo_mem_reg_1__19_/D (DFFHQNx1_ASAP7_75t_R)            0.00      61.09 f
  data arrival time                                                 61.09

  clock clk (rise edge)                                   0.00       0.00
  clock network delay (ideal)                             0.00       0.00
  fifo_mem_reg_1__19_/CLK (DFFHQNx1_ASAP7_75t_R)                     0.00 r
  clock reconvergence pessimism                           0.00       0.00
  clock uncertainty                                     100.00     100.00
  library hold time                                      13.31     113.31
  data required time                                               113.31
  ------------------------------------------------------------------------------
  data required time                                               113.31
  data arrival time                                                -61.09
  ------------------------------------------------------------------------------
  slack (VIOLATED)                                                 -52.22


  Startpoint: fifo_mem_reg_1__18_
               (rising edge-triggered flip-flop clocked by clk)
  Endpoint: fifo_mem_reg_1__18_
               (rising edge-triggered flip-flop clocked by clk)
  Path Group: clk
  Path Type: min

  Point                                                   Incr       Path
  ------------------------------------------------------------------------------
  clock clk (rise edge)                                   0.00       0.00
  clock network delay (ideal)                             0.00       0.00
  fifo_mem_reg_1__18_/CLK (DFFHQNx1_ASAP7_75t_R)          0.00       0.00 r
  fifo_mem_reg_1__18_/QN (DFFHQNx1_ASAP7_75t_R)          48.61      48.61 r
  U520/Y (AOI22xp33_ASAP7_75t_R)                         12.48      61.09 f
  fifo_mem_reg_1__18_/D (DFFHQNx1_ASAP7_75t_R)            0.00      61.09 f
  data arrival time                                                 61.09

  clock clk (rise edge)                                   0.00       0.00
  clock network delay (ideal)                             0.00       0.00
  fifo_mem_reg_1__18_/CLK (DFFHQNx1_ASAP7_75t_R)                     0.00 r
  clock reconvergence pessimism                           0.00       0.00
  clock uncertainty                                     100.00     100.00
  library hold time                                      13.31     113.31
  data required time                                               113.31
  ------------------------------------------------------------------------------
  data required time                                               113.31
  data arrival time                                                -61.09
  ------------------------------------------------------------------------------
  slack (VIOLATED)                                                 -52.22


  Startpoint: fifo_mem_reg_1__17_
               (rising edge-triggered flip-flop clocked by clk)
  Endpoint: fifo_mem_reg_1__17_
               (rising edge-triggered flip-flop clocked by clk)
  Path Group: clk
  Path Type: min

  Point                                                   Incr       Path
  ------------------------------------------------------------------------------
  clock clk (rise edge)                                   0.00       0.00
  clock network delay (ideal)                             0.00       0.00
  fifo_mem_reg_1__17_/CLK (DFFHQNx1_ASAP7_75t_R)          0.00       0.00 r
  fifo_mem_reg_1__17_/QN (DFFHQNx1_ASAP7_75t_R)          48.61      48.61 r
  U521/Y (AOI22xp33_ASAP7_75t_R)                         12.48      61.09 f
  fifo_mem_reg_1__17_/D (DFFHQNx1_ASAP7_75t_R)            0.00      61.09 f
  data arrival time                                                 61.09

  clock clk (rise edge)                                   0.00       0.00
  clock network delay (ideal)                             0.00       0.00
  fifo_mem_reg_1__17_/CLK (DFFHQNx1_ASAP7_75t_R)                     0.00 r
  clock reconvergence pessimism                           0.00       0.00
  clock uncertainty                                     100.00     100.00
  library hold time                                      13.31     113.31
  data required time                                               113.31
  ------------------------------------------------------------------------------
  data required time                                               113.31
  data arrival time                                                -61.09
  ------------------------------------------------------------------------------
  slack (VIOLATED)                                                 -52.22


  Startpoint: fifo_mem_reg_1__16_
               (rising edge-triggered flip-flop clocked by clk)
  Endpoint: fifo_mem_reg_1__16_
               (rising edge-triggered flip-flop clocked by clk)
  Path Group: clk
  Path Type: min

  Point                                                   Incr       Path
  ------------------------------------------------------------------------------
  clock clk (rise edge)                                   0.00       0.00
  clock network delay (ideal)                             0.00       0.00
  fifo_mem_reg_1__16_/CLK (DFFHQNx1_ASAP7_75t_R)          0.00       0.00 r
  fifo_mem_reg_1__16_/QN (DFFHQNx1_ASAP7_75t_R)          48.61      48.61 r
  U522/Y (AOI22xp33_ASAP7_75t_R)                         12.48      61.09 f
  fifo_mem_reg_1__16_/D (DFFHQNx1_ASAP7_75t_R)            0.00      61.09 f
  data arrival time                                                 61.09

  clock clk (rise edge)                                   0.00       0.00
  clock network delay (ideal)                             0.00       0.00
  fifo_mem_reg_1__16_/CLK (DFFHQNx1_ASAP7_75t_R)                     0.00 r
  clock reconvergence pessimism                           0.00       0.00
  clock uncertainty                                     100.00     100.00
  library hold time                                      13.31     113.31
  data required time                                               113.31
  ------------------------------------------------------------------------------
  data required time                                               113.31
  data arrival time                                                -61.09
  ------------------------------------------------------------------------------
  slack (VIOLATED)                                                 -52.22


  Startpoint: fifo_mem_reg_1__15_
               (rising edge-triggered flip-flop clocked by clk)
  Endpoint: fifo_mem_reg_1__15_
               (rising edge-triggered flip-flop clocked by clk)
  Path Group: clk
  Path Type: min

  Point                                                   Incr       Path
  ------------------------------------------------------------------------------
  clock clk (rise edge)                                   0.00       0.00
  clock network delay (ideal)                             0.00       0.00
  fifo_mem_reg_1__15_/CLK (DFFHQNx1_ASAP7_75t_R)          0.00       0.00 r
  fifo_mem_reg_1__15_/QN (DFFHQNx1_ASAP7_75t_R)          48.61      48.61 r
  U513/Y (AOI22xp33_ASAP7_75t_R)                         12.48      61.09 f
  fifo_mem_reg_1__15_/D (DFFHQNx1_ASAP7_75t_R)            0.00      61.09 f
  data arrival time                                                 61.09

  clock clk (rise edge)                                   0.00       0.00
  clock network delay (ideal)                             0.00       0.00
  fifo_mem_reg_1__15_/CLK (DFFHQNx1_ASAP7_75t_R)                     0.00 r
  clock reconvergence pessimism                           0.00       0.00
  clock uncertainty                                     100.00     100.00
  library hold time                                      13.31     113.31
  data required time                                               113.31
  ------------------------------------------------------------------------------
  data required time                                               113.31
  data arrival time                                                -61.09
  ------------------------------------------------------------------------------
  slack (VIOLATED)                                                 -52.22


  Startpoint: fifo_mem_reg_1__14_
               (rising edge-triggered flip-flop clocked by clk)
  Endpoint: fifo_mem_reg_1__14_
               (rising edge-triggered flip-flop clocked by clk)
  Path Group: clk
  Path Type: min

  Point                                                   Incr       Path
  ------------------------------------------------------------------------------
  clock clk (rise edge)                                   0.00       0.00
  clock network delay (ideal)                             0.00       0.00
  fifo_mem_reg_1__14_/CLK (DFFHQNx1_ASAP7_75t_R)          0.00       0.00 r
  fifo_mem_reg_1__14_/QN (DFFHQNx1_ASAP7_75t_R)          48.61      48.61 r
  U523/Y (AOI22xp33_ASAP7_75t_R)                         12.48      61.09 f
  fifo_mem_reg_1__14_/D (DFFHQNx1_ASAP7_75t_R)            0.00      61.09 f
  data arrival time                                                 61.09

  clock clk (rise edge)                                   0.00       0.00
  clock network delay (ideal)                             0.00       0.00
  fifo_mem_reg_1__14_/CLK (DFFHQNx1_ASAP7_75t_R)                     0.00 r
  clock reconvergence pessimism                           0.00       0.00
  clock uncertainty                                     100.00     100.00
  library hold time                                      13.31     113.31
  data required time                                               113.31
  ------------------------------------------------------------------------------
  data required time                                               113.31
  data arrival time                                                -61.09
  ------------------------------------------------------------------------------
  slack (VIOLATED)                                                 -52.22


  Startpoint: fifo_mem_reg_1__13_
               (rising edge-triggered flip-flop clocked by clk)
  Endpoint: fifo_mem_reg_1__13_
               (rising edge-triggered flip-flop clocked by clk)
  Path Group: clk
  Path Type: min

  Point                                                   Incr       Path
  ------------------------------------------------------------------------------
  clock clk (rise edge)                                   0.00       0.00
  clock network delay (ideal)                             0.00       0.00
  fifo_mem_reg_1__13_/CLK (DFFHQNx1_ASAP7_75t_R)          0.00       0.00 r
  fifo_mem_reg_1__13_/QN (DFFHQNx1_ASAP7_75t_R)          48.61      48.61 r
  U524/Y (AOI22xp33_ASAP7_75t_R)                         12.48      61.09 f
  fifo_mem_reg_1__13_/D (DFFHQNx1_ASAP7_75t_R)            0.00      61.09 f
  data arrival time                                                 61.09

  clock clk (rise edge)                                   0.00       0.00
  clock network delay (ideal)                             0.00       0.00
  fifo_mem_reg_1__13_/CLK (DFFHQNx1_ASAP7_75t_R)                     0.00 r
  clock reconvergence pessimism                           0.00       0.00
  clock uncertainty                                     100.00     100.00
  library hold time                                      13.31     113.31
  data required time                                               113.31
  ------------------------------------------------------------------------------
  data required time                                               113.31
  data arrival time                                                -61.09
  ------------------------------------------------------------------------------
  slack (VIOLATED)                                                 -52.22


  Startpoint: fifo_mem_reg_1__12_
               (rising edge-triggered flip-flop clocked by clk)
  Endpoint: fifo_mem_reg_1__12_
               (rising edge-triggered flip-flop clocked by clk)
  Path Group: clk
  Path Type: min

  Point                                                   Incr       Path
  ------------------------------------------------------------------------------
  clock clk (rise edge)                                   0.00       0.00
  clock network delay (ideal)                             0.00       0.00
  fifo_mem_reg_1__12_/CLK (DFFHQNx1_ASAP7_75t_R)          0.00       0.00 r
  fifo_mem_reg_1__12_/QN (DFFHQNx1_ASAP7_75t_R)          48.61      48.61 r
  U525/Y (AOI22xp33_ASAP7_75t_R)                         12.48      61.09 f
  fifo_mem_reg_1__12_/D (DFFHQNx1_ASAP7_75t_R)            0.00      61.09 f
  data arrival time                                                 61.09

  clock clk (rise edge)                                   0.00       0.00
  clock network delay (ideal)                             0.00       0.00
  fifo_mem_reg_1__12_/CLK (DFFHQNx1_ASAP7_75t_R)                     0.00 r
  clock reconvergence pessimism                           0.00       0.00
  clock uncertainty                                     100.00     100.00
  library hold time                                      13.31     113.31
  data required time                                               113.31
  ------------------------------------------------------------------------------
  data required time                                               113.31
  data arrival time                                                -61.09
  ------------------------------------------------------------------------------
  slack (VIOLATED)                                                 -52.22


  Startpoint: fifo_mem_reg_1__11_
               (rising edge-triggered flip-flop clocked by clk)
  Endpoint: fifo_mem_reg_1__11_
               (rising edge-triggered flip-flop clocked by clk)
  Path Group: clk
  Path Type: min

  Point                                                   Incr       Path
  ------------------------------------------------------------------------------
  clock clk (rise edge)                                   0.00       0.00
  clock network delay (ideal)                             0.00       0.00
  fifo_mem_reg_1__11_/CLK (DFFHQNx1_ASAP7_75t_R)          0.00       0.00 r
  fifo_mem_reg_1__11_/QN (DFFHQNx1_ASAP7_75t_R)          48.61      48.61 r
  U526/Y (AOI22xp33_ASAP7_75t_R)                         12.48      61.09 f
  fifo_mem_reg_1__11_/D (DFFHQNx1_ASAP7_75t_R)            0.00      61.09 f
  data arrival time                                                 61.09

  clock clk (rise edge)                                   0.00       0.00
  clock network delay (ideal)                             0.00       0.00
  fifo_mem_reg_1__11_/CLK (DFFHQNx1_ASAP7_75t_R)                     0.00 r
  clock reconvergence pessimism                           0.00       0.00
  clock uncertainty                                     100.00     100.00
  library hold time                                      13.31     113.31
  data required time                                               113.31
  ------------------------------------------------------------------------------
  data required time                                               113.31
  data arrival time                                                -61.09
  ------------------------------------------------------------------------------
  slack (VIOLATED)                                                 -52.22


  Startpoint: fifo_mem_reg_1__10_
               (rising edge-triggered flip-flop clocked by clk)
  Endpoint: fifo_mem_reg_1__10_
               (rising edge-triggered flip-flop clocked by clk)
  Path Group: clk
  Path Type: min

  Point                                                   Incr       Path
  ------------------------------------------------------------------------------
  clock clk (rise edge)                                   0.00       0.00
  clock network delay (ideal)                             0.00       0.00
  fifo_mem_reg_1__10_/CLK (DFFHQNx1_ASAP7_75t_R)          0.00       0.00 r
  fifo_mem_reg_1__10_/QN (DFFHQNx1_ASAP7_75t_R)          48.61      48.61 r
  U511/Y (AOI22xp33_ASAP7_75t_R)                         12.48      61.09 f
  fifo_mem_reg_1__10_/D (DFFHQNx1_ASAP7_75t_R)            0.00      61.09 f
  data arrival time                                                 61.09

  clock clk (rise edge)                                   0.00       0.00
  clock network delay (ideal)                             0.00       0.00
  fifo_mem_reg_1__10_/CLK (DFFHQNx1_ASAP7_75t_R)                     0.00 r
  clock reconvergence pessimism                           0.00       0.00
  clock uncertainty                                     100.00     100.00
  library hold time                                      13.31     113.31
  data required time                                               113.31
  ------------------------------------------------------------------------------
  data required time                                               113.31
  data arrival time                                                -61.09
  ------------------------------------------------------------------------------
  slack (VIOLATED)                                                 -52.22


  Startpoint: fifo_mem_reg_1__9_
               (rising edge-triggered flip-flop clocked by clk)
  Endpoint: fifo_mem_reg_1__9_
               (rising edge-triggered flip-flop clocked by clk)
  Path Group: clk
  Path Type: min

  Point                                                   Incr       Path
  ------------------------------------------------------------------------------
  clock clk (rise edge)                                   0.00       0.00
  clock network delay (ideal)                             0.00       0.00
  fifo_mem_reg_1__9_/CLK (DFFHQNx1_ASAP7_75t_R)           0.00       0.00 r
  fifo_mem_reg_1__9_/QN (DFFHQNx1_ASAP7_75t_R)           48.61      48.61 r
  U510/Y (AOI22xp33_ASAP7_75t_R)                         12.48      61.09 f
  fifo_mem_reg_1__9_/D (DFFHQNx1_ASAP7_75t_R)             0.00      61.09 f
  data arrival time                                                 61.09

  clock clk (rise edge)                                   0.00       0.00
  clock network delay (ideal)                             0.00       0.00
  fifo_mem_reg_1__9_/CLK (DFFHQNx1_ASAP7_75t_R)                      0.00 r
  clock reconvergence pessimism                           0.00       0.00
  clock uncertainty                                     100.00     100.00
  library hold time                                      13.31     113.31
  data required time                                               113.31
  ------------------------------------------------------------------------------
  data required time                                               113.31
  data arrival time                                                -61.09
  ------------------------------------------------------------------------------
  slack (VIOLATED)                                                 -52.22


  Startpoint: fifo_mem_reg_1__8_
               (rising edge-triggered flip-flop clocked by clk)
  Endpoint: fifo_mem_reg_1__8_
               (rising edge-triggered flip-flop clocked by clk)
  Path Group: clk
  Path Type: min

  Point                                                   Incr       Path
  ------------------------------------------------------------------------------
  clock clk (rise edge)                                   0.00       0.00
  clock network delay (ideal)                             0.00       0.00
  fifo_mem_reg_1__8_/CLK (DFFHQNx1_ASAP7_75t_R)           0.00       0.00 r
  fifo_mem_reg_1__8_/QN (DFFHQNx1_ASAP7_75t_R)           48.61      48.61 r
  U509/Y (AOI22xp33_ASAP7_75t_R)                         12.48      61.09 f
  fifo_mem_reg_1__8_/D (DFFHQNx1_ASAP7_75t_R)             0.00      61.09 f
  data arrival time                                                 61.09

  clock clk (rise edge)                                   0.00       0.00
  clock network delay (ideal)                             0.00       0.00
  fifo_mem_reg_1__8_/CLK (DFFHQNx1_ASAP7_75t_R)                      0.00 r
  clock reconvergence pessimism                           0.00       0.00
  clock uncertainty                                     100.00     100.00
  library hold time                                      13.31     113.31
  data required time                                               113.31
  ------------------------------------------------------------------------------
  data required time                                               113.31
  data arrival time                                                -61.09
  ------------------------------------------------------------------------------
  slack (VIOLATED)                                                 -52.22


  Startpoint: fifo_mem_reg_1__7_
               (rising edge-triggered flip-flop clocked by clk)
  Endpoint: fifo_mem_reg_1__7_
               (rising edge-triggered flip-flop clocked by clk)
  Path Group: clk
  Path Type: min

  Point                                                   Incr       Path
  ------------------------------------------------------------------------------
  clock clk (rise edge)                                   0.00       0.00
  clock network delay (ideal)                             0.00       0.00
  fifo_mem_reg_1__7_/CLK (DFFHQNx1_ASAP7_75t_R)           0.00       0.00 r
  fifo_mem_reg_1__7_/QN (DFFHQNx1_ASAP7_75t_R)           48.61      48.61 r
  U508/Y (AOI22xp33_ASAP7_75t_R)                         12.48      61.09 f
  fifo_mem_reg_1__7_/D (DFFHQNx1_ASAP7_75t_R)             0.00      61.09 f
  data arrival time                                                 61.09

  clock clk (rise edge)                                   0.00       0.00
  clock network delay (ideal)                             0.00       0.00
  fifo_mem_reg_1__7_/CLK (DFFHQNx1_ASAP7_75t_R)                      0.00 r
  clock reconvergence pessimism                           0.00       0.00
  clock uncertainty                                     100.00     100.00
  library hold time                                      13.31     113.31
  data required time                                               113.31
  ------------------------------------------------------------------------------
  data required time                                               113.31
  data arrival time                                                -61.09
  ------------------------------------------------------------------------------
  slack (VIOLATED)                                                 -52.22


  Startpoint: fifo_mem_reg_1__6_
               (rising edge-triggered flip-flop clocked by clk)
  Endpoint: fifo_mem_reg_1__6_
               (rising edge-triggered flip-flop clocked by clk)
  Path Group: clk
  Path Type: min

  Point                                                   Incr       Path
  ------------------------------------------------------------------------------
  clock clk (rise edge)                                   0.00       0.00
  clock network delay (ideal)                             0.00       0.00
  fifo_mem_reg_1__6_/CLK (DFFHQNx1_ASAP7_75t_R)           0.00       0.00 r
  fifo_mem_reg_1__6_/QN (DFFHQNx1_ASAP7_75t_R)           48.61      48.61 r
  U491/Y (AOI22xp33_ASAP7_75t_R)                         12.48      61.09 f
  fifo_mem_reg_1__6_/D (DFFHQNx1_ASAP7_75t_R)             0.00      61.09 f
  data arrival time                                                 61.09

  clock clk (rise edge)                                   0.00       0.00
  clock network delay (ideal)                             0.00       0.00
  fifo_mem_reg_1__6_/CLK (DFFHQNx1_ASAP7_75t_R)                      0.00 r
  clock reconvergence pessimism                           0.00       0.00
  clock uncertainty                                     100.00     100.00
  library hold time                                      13.31     113.31
  data required time                                               113.31
  ------------------------------------------------------------------------------
  data required time                                               113.31
  data arrival time                                                -61.09
  ------------------------------------------------------------------------------
  slack (VIOLATED)                                                 -52.22


  Startpoint: fifo_mem_reg_1__5_
               (rising edge-triggered flip-flop clocked by clk)
  Endpoint: fifo_mem_reg_1__5_
               (rising edge-triggered flip-flop clocked by clk)
  Path Group: clk
  Path Type: min

  Point                                                   Incr       Path
  ------------------------------------------------------------------------------
  clock clk (rise edge)                                   0.00       0.00
  clock network delay (ideal)                             0.00       0.00
  fifo_mem_reg_1__5_/CLK (DFFHQNx1_ASAP7_75t_R)           0.00       0.00 r
  fifo_mem_reg_1__5_/QN (DFFHQNx1_ASAP7_75t_R)           48.61      48.61 r
  U504/Y (AOI22xp33_ASAP7_75t_R)                         12.48      61.09 f
  fifo_mem_reg_1__5_/D (DFFHQNx1_ASAP7_75t_R)             0.00      61.09 f
  data arrival time                                                 61.09

  clock clk (rise edge)                                   0.00       0.00
  clock network delay (ideal)                             0.00       0.00
  fifo_mem_reg_1__5_/CLK (DFFHQNx1_ASAP7_75t_R)                      0.00 r
  clock reconvergence pessimism                           0.00       0.00
  clock uncertainty                                     100.00     100.00
  library hold time                                      13.31     113.31
  data required time                                               113.31
  ------------------------------------------------------------------------------
  data required time                                               113.31
  data arrival time                                                -61.09
  ------------------------------------------------------------------------------
  slack (VIOLATED)                                                 -52.22


  Startpoint: fifo_mem_reg_1__4_
               (rising edge-triggered flip-flop clocked by clk)
  Endpoint: fifo_mem_reg_1__4_
               (rising edge-triggered flip-flop clocked by clk)
  Path Group: clk
  Path Type: min

  Point                                                   Incr       Path
  ------------------------------------------------------------------------------
  clock clk (rise edge)                                   0.00       0.00
  clock network delay (ideal)                             0.00       0.00
  fifo_mem_reg_1__4_/CLK (DFFHQNx1_ASAP7_75t_R)           0.00       0.00 r
  fifo_mem_reg_1__4_/QN (DFFHQNx1_ASAP7_75t_R)           48.61      48.61 r
  U495/Y (AOI22xp33_ASAP7_75t_R)                         12.48      61.09 f
  fifo_mem_reg_1__4_/D (DFFHQNx1_ASAP7_75t_R)             0.00      61.09 f
  data arrival time                                                 61.09

  clock clk (rise edge)                                   0.00       0.00
  clock network delay (ideal)                             0.00       0.00
  fifo_mem_reg_1__4_/CLK (DFFHQNx1_ASAP7_75t_R)                      0.00 r
  clock reconvergence pessimism                           0.00       0.00
  clock uncertainty                                     100.00     100.00
  library hold time                                      13.31     113.31
  data required time                                               113.31
  ------------------------------------------------------------------------------
  data required time                                               113.31
  data arrival time                                                -61.09
  ------------------------------------------------------------------------------
  slack (VIOLATED)                                                 -52.22


  Startpoint: fifo_mem_reg_1__3_
               (rising edge-triggered flip-flop clocked by clk)
  Endpoint: fifo_mem_reg_1__3_
               (rising edge-triggered flip-flop clocked by clk)
  Path Group: clk
  Path Type: min

  Point                                                   Incr       Path
  ------------------------------------------------------------------------------
  clock clk (rise edge)                                   0.00       0.00
  clock network delay (ideal)                             0.00       0.00
  fifo_mem_reg_1__3_/CLK (DFFHQNx1_ASAP7_75t_R)           0.00       0.00 r
  fifo_mem_reg_1__3_/QN (DFFHQNx1_ASAP7_75t_R)           48.61      48.61 r
  U494/Y (AOI22xp33_ASAP7_75t_R)                         12.48      61.09 f
  fifo_mem_reg_1__3_/D (DFFHQNx1_ASAP7_75t_R)             0.00      61.09 f
  data arrival time                                                 61.09

  clock clk (rise edge)                                   0.00       0.00
  clock network delay (ideal)                             0.00       0.00
  fifo_mem_reg_1__3_/CLK (DFFHQNx1_ASAP7_75t_R)                      0.00 r
  clock reconvergence pessimism                           0.00       0.00
  clock uncertainty                                     100.00     100.00
  library hold time                                      13.31     113.31
  data required time                                               113.31
  ------------------------------------------------------------------------------
  data required time                                               113.31
  data arrival time                                                -61.09
  ------------------------------------------------------------------------------
  slack (VIOLATED)                                                 -52.22


  Startpoint: fifo_mem_reg_1__2_
               (rising edge-triggered flip-flop clocked by clk)
  Endpoint: fifo_mem_reg_1__2_
               (rising edge-triggered flip-flop clocked by clk)
  Path Group: clk
  Path Type: min

  Point                                                   Incr       Path
  ------------------------------------------------------------------------------
  clock clk (rise edge)                                   0.00       0.00
  clock network delay (ideal)                             0.00       0.00
  fifo_mem_reg_1__2_/CLK (DFFHQNx1_ASAP7_75t_R)           0.00       0.00 r
  fifo_mem_reg_1__2_/QN (DFFHQNx1_ASAP7_75t_R)           48.61      48.61 r
  U496/Y (AOI22xp33_ASAP7_75t_R)                         12.48      61.09 f
  fifo_mem_reg_1__2_/D (DFFHQNx1_ASAP7_75t_R)             0.00      61.09 f
  data arrival time                                                 61.09

  clock clk (rise edge)                                   0.00       0.00
  clock network delay (ideal)                             0.00       0.00
  fifo_mem_reg_1__2_/CLK (DFFHQNx1_ASAP7_75t_R)                      0.00 r
  clock reconvergence pessimism                           0.00       0.00
  clock uncertainty                                     100.00     100.00
  library hold time                                      13.31     113.31
  data required time                                               113.31
  ------------------------------------------------------------------------------
  data required time                                               113.31
  data arrival time                                                -61.09
  ------------------------------------------------------------------------------
  slack (VIOLATED)                                                 -52.22


  Startpoint: fifo_mem_reg_1__1_
               (rising edge-triggered flip-flop clocked by clk)
  Endpoint: fifo_mem_reg_1__1_
               (rising edge-triggered flip-flop clocked by clk)
  Path Group: clk
  Path Type: min

  Point                                                   Incr       Path
  ------------------------------------------------------------------------------
  clock clk (rise edge)                                   0.00       0.00
  clock network delay (ideal)                             0.00       0.00
  fifo_mem_reg_1__1_/CLK (DFFHQNx1_ASAP7_75t_R)           0.00       0.00 r
  fifo_mem_reg_1__1_/QN (DFFHQNx1_ASAP7_75t_R)           48.61      48.61 r
  U493/Y (AOI22xp33_ASAP7_75t_R)                         12.48      61.09 f
  fifo_mem_reg_1__1_/D (DFFHQNx1_ASAP7_75t_R)             0.00      61.09 f
  data arrival time                                                 61.09

  clock clk (rise edge)                                   0.00       0.00
  clock network delay (ideal)                             0.00       0.00
  fifo_mem_reg_1__1_/CLK (DFFHQNx1_ASAP7_75t_R)                      0.00 r
  clock reconvergence pessimism                           0.00       0.00
  clock uncertainty                                     100.00     100.00
  library hold time                                      13.31     113.31
  data required time                                               113.31
  ------------------------------------------------------------------------------
  data required time                                               113.31
  data arrival time                                                -61.09
  ------------------------------------------------------------------------------
  slack (VIOLATED)                                                 -52.22


  Startpoint: fifo_mem_reg_1__0_
               (rising edge-triggered flip-flop clocked by clk)
  Endpoint: fifo_mem_reg_1__0_
               (rising edge-triggered flip-flop clocked by clk)
  Path Group: clk
  Path Type: min

  Point                                                   Incr       Path
  ------------------------------------------------------------------------------
  clock clk (rise edge)                                   0.00       0.00
  clock network delay (ideal)                             0.00       0.00
  fifo_mem_reg_1__0_/CLK (DFFHQNx1_ASAP7_75t_R)           0.00       0.00 r
  fifo_mem_reg_1__0_/QN (DFFHQNx1_ASAP7_75t_R)           48.61      48.61 r
  U492/Y (AOI22xp33_ASAP7_75t_R)                         12.48      61.09 f
  fifo_mem_reg_1__0_/D (DFFHQNx1_ASAP7_75t_R)             0.00      61.09 f
  data arrival time                                                 61.09

  clock clk (rise edge)                                   0.00       0.00
  clock network delay (ideal)                             0.00       0.00
  fifo_mem_reg_1__0_/CLK (DFFHQNx1_ASAP7_75t_R)                      0.00 r
  clock reconvergence pessimism                           0.00       0.00
  clock uncertainty                                     100.00     100.00
  library hold time                                      13.31     113.31
  data required time                                               113.31
  ------------------------------------------------------------------------------
  data required time                                               113.31
  data arrival time                                                -61.09
  ------------------------------------------------------------------------------
  slack (VIOLATED)                                                 -52.22


  Startpoint: fifo_mem_reg_0__21_
               (rising edge-triggered flip-flop clocked by clk)
  Endpoint: fifo_mem_reg_0__21_
               (rising edge-triggered flip-flop clocked by clk)
  Path Group: clk
  Path Type: min

  Point                                                   Incr       Path
  ------------------------------------------------------------------------------
  clock clk (rise edge)                                   0.00       0.00
  clock network delay (ideal)                             0.00       0.00
  fifo_mem_reg_0__21_/CLK (DFFHQNx1_ASAP7_75t_R)          0.00       0.00 r
  fifo_mem_reg_0__21_/QN (DFFHQNx1_ASAP7_75t_R)          48.61      48.61 r
  U613/Y (AOI22xp33_ASAP7_75t_R)                         12.48      61.09 f
  fifo_mem_reg_0__21_/D (DFFHQNx1_ASAP7_75t_R)            0.00      61.09 f
  data arrival time                                                 61.09

  clock clk (rise edge)                                   0.00       0.00
  clock network delay (ideal)                             0.00       0.00
  fifo_mem_reg_0__21_/CLK (DFFHQNx1_ASAP7_75t_R)                     0.00 r
  clock reconvergence pessimism                           0.00       0.00
  clock uncertainty                                     100.00     100.00
  library hold time                                      13.31     113.31
  data required time                                               113.31
  ------------------------------------------------------------------------------
  data required time                                               113.31
  data arrival time                                                -61.09
  ------------------------------------------------------------------------------
  slack (VIOLATED)                                                 -52.22


  Startpoint: fifo_mem_reg_0__20_
               (rising edge-triggered flip-flop clocked by clk)
  Endpoint: fifo_mem_reg_0__20_
               (rising edge-triggered flip-flop clocked by clk)
  Path Group: clk
  Path Type: min

  Point                                                   Incr       Path
  ------------------------------------------------------------------------------
  clock clk (rise edge)                                   0.00       0.00
  clock network delay (ideal)                             0.00       0.00
  fifo_mem_reg_0__20_/CLK (DFFHQNx1_ASAP7_75t_R)          0.00       0.00 r
  fifo_mem_reg_0__20_/QN (DFFHQNx1_ASAP7_75t_R)          48.61      48.61 r
  U626/Y (AOI22xp33_ASAP7_75t_R)                         12.48      61.09 f
  fifo_mem_reg_0__20_/D (DFFHQNx1_ASAP7_75t_R)            0.00      61.09 f
  data arrival time                                                 61.09

  clock clk (rise edge)                                   0.00       0.00
  clock network delay (ideal)                             0.00       0.00
  fifo_mem_reg_0__20_/CLK (DFFHQNx1_ASAP7_75t_R)                     0.00 r
  clock reconvergence pessimism                           0.00       0.00
  clock uncertainty                                     100.00     100.00
  library hold time                                      13.31     113.31
  data required time                                               113.31
  ------------------------------------------------------------------------------
  data required time                                               113.31
  data arrival time                                                -61.09
  ------------------------------------------------------------------------------
  slack (VIOLATED)                                                 -52.22


  Startpoint: fifo_mem_reg_0__19_
               (rising edge-triggered flip-flop clocked by clk)
  Endpoint: fifo_mem_reg_0__19_
               (rising edge-triggered flip-flop clocked by clk)
  Path Group: clk
  Path Type: min

  Point                                                   Incr       Path
  ------------------------------------------------------------------------------
  clock clk (rise edge)                                   0.00       0.00
  clock network delay (ideal)                             0.00       0.00
  fifo_mem_reg_0__19_/CLK (DFFHQNx1_ASAP7_75t_R)          0.00       0.00 r
  fifo_mem_reg_0__19_/QN (DFFHQNx1_ASAP7_75t_R)          48.61      48.61 r
  U627/Y (AOI22xp33_ASAP7_75t_R)                         12.48      61.09 f
  fifo_mem_reg_0__19_/D (DFFHQNx1_ASAP7_75t_R)            0.00      61.09 f
  data arrival time                                                 61.09

  clock clk (rise edge)                                   0.00       0.00
  clock network delay (ideal)                             0.00       0.00
  fifo_mem_reg_0__19_/CLK (DFFHQNx1_ASAP7_75t_R)                     0.00 r
  clock reconvergence pessimism                           0.00       0.00
  clock uncertainty                                     100.00     100.00
  library hold time                                      13.31     113.31
  data required time                                               113.31
  ------------------------------------------------------------------------------
  data required time                                               113.31
  data arrival time                                                -61.09
  ------------------------------------------------------------------------------
  slack (VIOLATED)                                                 -52.22


  Startpoint: fifo_mem_reg_0__18_
               (rising edge-triggered flip-flop clocked by clk)
  Endpoint: fifo_mem_reg_0__18_
               (rising edge-triggered flip-flop clocked by clk)
  Path Group: clk
  Path Type: min

  Point                                                   Incr       Path
  ------------------------------------------------------------------------------
  clock clk (rise edge)                                   0.00       0.00
  clock network delay (ideal)                             0.00       0.00
  fifo_mem_reg_0__18_/CLK (DFFHQNx1_ASAP7_75t_R)          0.00       0.00 r
  fifo_mem_reg_0__18_/QN (DFFHQNx1_ASAP7_75t_R)          48.61      48.61 r
  U628/Y (AOI22xp33_ASAP7_75t_R)                         12.48      61.09 f
  fifo_mem_reg_0__18_/D (DFFHQNx1_ASAP7_75t_R)            0.00      61.09 f
  data arrival time                                                 61.09

  clock clk (rise edge)                                   0.00       0.00
  clock network delay (ideal)                             0.00       0.00
  fifo_mem_reg_0__18_/CLK (DFFHQNx1_ASAP7_75t_R)                     0.00 r
  clock reconvergence pessimism                           0.00       0.00
  clock uncertainty                                     100.00     100.00
  library hold time                                      13.31     113.31
  data required time                                               113.31
  ------------------------------------------------------------------------------
  data required time                                               113.31
  data arrival time                                                -61.09
  ------------------------------------------------------------------------------
  slack (VIOLATED)                                                 -52.22


  Startpoint: fifo_mem_reg_0__17_
               (rising edge-triggered flip-flop clocked by clk)
  Endpoint: fifo_mem_reg_0__17_
               (rising edge-triggered flip-flop clocked by clk)
  Path Group: clk
  Path Type: min

  Point                                                   Incr       Path
  ------------------------------------------------------------------------------
  clock clk (rise edge)                                   0.00       0.00
  clock network delay (ideal)                             0.00       0.00
  fifo_mem_reg_0__17_/CLK (DFFHQNx1_ASAP7_75t_R)          0.00       0.00 r
  fifo_mem_reg_0__17_/QN (DFFHQNx1_ASAP7_75t_R)          48.61      48.61 r
  U612/Y (AOI22xp33_ASAP7_75t_R)                         12.48      61.09 f
  fifo_mem_reg_0__17_/D (DFFHQNx1_ASAP7_75t_R)            0.00      61.09 f
  data arrival time                                                 61.09

  clock clk (rise edge)                                   0.00       0.00
  clock network delay (ideal)                             0.00       0.00
  fifo_mem_reg_0__17_/CLK (DFFHQNx1_ASAP7_75t_R)                     0.00 r
  clock reconvergence pessimism                           0.00       0.00
  clock uncertainty                                     100.00     100.00
  library hold time                                      13.31     113.31
  data required time                                               113.31
  ------------------------------------------------------------------------------
  data required time                                               113.31
  data arrival time                                                -61.09
  ------------------------------------------------------------------------------
  slack (VIOLATED)                                                 -52.22


  Startpoint: fifo_mem_reg_0__16_
               (rising edge-triggered flip-flop clocked by clk)
  Endpoint: fifo_mem_reg_0__16_
               (rising edge-triggered flip-flop clocked by clk)
  Path Group: clk
  Path Type: min

  Point                                                   Incr       Path
  ------------------------------------------------------------------------------
  clock clk (rise edge)                                   0.00       0.00
  clock network delay (ideal)                             0.00       0.00
  fifo_mem_reg_0__16_/CLK (DFFHQNx1_ASAP7_75t_R)          0.00       0.00 r
  fifo_mem_reg_0__16_/QN (DFFHQNx1_ASAP7_75t_R)          48.61      48.61 r
  U630/Y (AOI22xp33_ASAP7_75t_R)                         12.48      61.09 f
  fifo_mem_reg_0__16_/D (DFFHQNx1_ASAP7_75t_R)            0.00      61.09 f
  data arrival time                                                 61.09

  clock clk (rise edge)                                   0.00       0.00
  clock network delay (ideal)                             0.00       0.00
  fifo_mem_reg_0__16_/CLK (DFFHQNx1_ASAP7_75t_R)                     0.00 r
  clock reconvergence pessimism                           0.00       0.00
  clock uncertainty                                     100.00     100.00
  library hold time                                      13.31     113.31
  data required time                                               113.31
  ------------------------------------------------------------------------------
  data required time                                               113.31
  data arrival time                                                -61.09
  ------------------------------------------------------------------------------
  slack (VIOLATED)                                                 -52.22


  Startpoint: fifo_mem_reg_0__15_
               (rising edge-triggered flip-flop clocked by clk)
  Endpoint: fifo_mem_reg_0__15_
               (rising edge-triggered flip-flop clocked by clk)
  Path Group: clk
  Path Type: min

  Point                                                   Incr       Path
  ------------------------------------------------------------------------------
  clock clk (rise edge)                                   0.00       0.00
  clock network delay (ideal)                             0.00       0.00
  fifo_mem_reg_0__15_/CLK (DFFHQNx1_ASAP7_75t_R)          0.00       0.00 r
  fifo_mem_reg_0__15_/QN (DFFHQNx1_ASAP7_75t_R)          48.61      48.61 r
  U632/Y (AOI22xp33_ASAP7_75t_R)                         12.48      61.09 f
  fifo_mem_reg_0__15_/D (DFFHQNx1_ASAP7_75t_R)            0.00      61.09 f
  data arrival time                                                 61.09

  clock clk (rise edge)                                   0.00       0.00
  clock network delay (ideal)                             0.00       0.00
  fifo_mem_reg_0__15_/CLK (DFFHQNx1_ASAP7_75t_R)                     0.00 r
  clock reconvergence pessimism                           0.00       0.00
  clock uncertainty                                     100.00     100.00
  library hold time                                      13.31     113.31
  data required time                                               113.31
  ------------------------------------------------------------------------------
  data required time                                               113.31
  data arrival time                                                -61.09
  ------------------------------------------------------------------------------
  slack (VIOLATED)                                                 -52.22


  Startpoint: fifo_mem_reg_0__14_
               (rising edge-triggered flip-flop clocked by clk)
  Endpoint: fifo_mem_reg_0__14_
               (rising edge-triggered flip-flop clocked by clk)
  Path Group: clk
  Path Type: min

  Point                                                   Incr       Path
  ------------------------------------------------------------------------------
  clock clk (rise edge)                                   0.00       0.00
  clock network delay (ideal)                             0.00       0.00
  fifo_mem_reg_0__14_/CLK (DFFHQNx1_ASAP7_75t_R)          0.00       0.00 r
  fifo_mem_reg_0__14_/QN (DFFHQNx1_ASAP7_75t_R)          48.61      48.61 r
  U633/Y (AOI22xp33_ASAP7_75t_R)                         12.48      61.09 f
  fifo_mem_reg_0__14_/D (DFFHQNx1_ASAP7_75t_R)            0.00      61.09 f
  data arrival time                                                 61.09

  clock clk (rise edge)                                   0.00       0.00
  clock network delay (ideal)                             0.00       0.00
  fifo_mem_reg_0__14_/CLK (DFFHQNx1_ASAP7_75t_R)                     0.00 r
  clock reconvergence pessimism                           0.00       0.00
  clock uncertainty                                     100.00     100.00
  library hold time                                      13.31     113.31
  data required time                                               113.31
  ------------------------------------------------------------------------------
  data required time                                               113.31
  data arrival time                                                -61.09
  ------------------------------------------------------------------------------
  slack (VIOLATED)                                                 -52.22


  Startpoint: fifo_mem_reg_0__13_
               (rising edge-triggered flip-flop clocked by clk)
  Endpoint: fifo_mem_reg_0__13_
               (rising edge-triggered flip-flop clocked by clk)
  Path Group: clk
  Path Type: min

  Point                                                   Incr       Path
  ------------------------------------------------------------------------------
  clock clk (rise edge)                                   0.00       0.00
  clock network delay (ideal)                             0.00       0.00
  fifo_mem_reg_0__13_/CLK (DFFHQNx1_ASAP7_75t_R)          0.00       0.00 r
  fifo_mem_reg_0__13_/QN (DFFHQNx1_ASAP7_75t_R)          48.61      48.61 r
  U635/Y (AOI22xp33_ASAP7_75t_R)                         12.48      61.09 f
  fifo_mem_reg_0__13_/D (DFFHQNx1_ASAP7_75t_R)            0.00      61.09 f
  data arrival time                                                 61.09

  clock clk (rise edge)                                   0.00       0.00
  clock network delay (ideal)                             0.00       0.00
  fifo_mem_reg_0__13_/CLK (DFFHQNx1_ASAP7_75t_R)                     0.00 r
  clock reconvergence pessimism                           0.00       0.00
  clock uncertainty                                     100.00     100.00
  library hold time                                      13.31     113.31
  data required time                                               113.31
  ------------------------------------------------------------------------------
  data required time                                               113.31
  data arrival time                                                -61.09
  ------------------------------------------------------------------------------
  slack (VIOLATED)                                                 -52.22


  Startpoint: fifo_mem_reg_0__12_
               (rising edge-triggered flip-flop clocked by clk)
  Endpoint: fifo_mem_reg_0__12_
               (rising edge-triggered flip-flop clocked by clk)
  Path Group: clk
  Path Type: min

  Point                                                   Incr       Path
  ------------------------------------------------------------------------------
  clock clk (rise edge)                                   0.00       0.00
  clock network delay (ideal)                             0.00       0.00
  fifo_mem_reg_0__12_/CLK (DFFHQNx1_ASAP7_75t_R)          0.00       0.00 r
  fifo_mem_reg_0__12_/QN (DFFHQNx1_ASAP7_75t_R)          48.61      48.61 r
  U629/Y (AOI22xp33_ASAP7_75t_R)                         12.48      61.09 f
  fifo_mem_reg_0__12_/D (DFFHQNx1_ASAP7_75t_R)            0.00      61.09 f
  data arrival time                                                 61.09

  clock clk (rise edge)                                   0.00       0.00
  clock network delay (ideal)                             0.00       0.00
  fifo_mem_reg_0__12_/CLK (DFFHQNx1_ASAP7_75t_R)                     0.00 r
  clock reconvergence pessimism                           0.00       0.00
  clock uncertainty                                     100.00     100.00
  library hold time                                      13.31     113.31
  data required time                                               113.31
  ------------------------------------------------------------------------------
  data required time                                               113.31
  data arrival time                                                -61.09
  ------------------------------------------------------------------------------
  slack (VIOLATED)                                                 -52.22


  Startpoint: fifo_mem_reg_0__11_
               (rising edge-triggered flip-flop clocked by clk)
  Endpoint: fifo_mem_reg_0__11_
               (rising edge-triggered flip-flop clocked by clk)
  Path Group: clk
  Path Type: min

  Point                                                   Incr       Path
  ------------------------------------------------------------------------------
  clock clk (rise edge)                                   0.00       0.00
  clock network delay (ideal)                             0.00       0.00
  fifo_mem_reg_0__11_/CLK (DFFHQNx1_ASAP7_75t_R)          0.00       0.00 r
  fifo_mem_reg_0__11_/QN (DFFHQNx1_ASAP7_75t_R)          48.61      48.61 r
  U620/Y (AOI22xp33_ASAP7_75t_R)                         12.48      61.09 f
  fifo_mem_reg_0__11_/D (DFFHQNx1_ASAP7_75t_R)            0.00      61.09 f
  data arrival time                                                 61.09

  clock clk (rise edge)                                   0.00       0.00
  clock network delay (ideal)                             0.00       0.00
  fifo_mem_reg_0__11_/CLK (DFFHQNx1_ASAP7_75t_R)                     0.00 r
  clock reconvergence pessimism                           0.00       0.00
  clock uncertainty                                     100.00     100.00
  library hold time                                      13.31     113.31
  data required time                                               113.31
  ------------------------------------------------------------------------------
  data required time                                               113.31
  data arrival time                                                -61.09
  ------------------------------------------------------------------------------
  slack (VIOLATED)                                                 -52.22


  Startpoint: fifo_mem_reg_0__10_
               (rising edge-triggered flip-flop clocked by clk)
  Endpoint: fifo_mem_reg_0__10_
               (rising edge-triggered flip-flop clocked by clk)
  Path Group: clk
  Path Type: min

  Point                                                   Incr       Path
  ------------------------------------------------------------------------------
  clock clk (rise edge)                                   0.00       0.00
  clock network delay (ideal)                             0.00       0.00
  fifo_mem_reg_0__10_/CLK (DFFHQNx1_ASAP7_75t_R)          0.00       0.00 r
  fifo_mem_reg_0__10_/QN (DFFHQNx1_ASAP7_75t_R)          48.61      48.61 r
  U583/Y (AOI22xp33_ASAP7_75t_R)                         12.48      61.09 f
  fifo_mem_reg_0__10_/D (DFFHQNx1_ASAP7_75t_R)            0.00      61.09 f
  data arrival time                                                 61.09

  clock clk (rise edge)                                   0.00       0.00
  clock network delay (ideal)                             0.00       0.00
  fifo_mem_reg_0__10_/CLK (DFFHQNx1_ASAP7_75t_R)                     0.00 r
  clock reconvergence pessimism                           0.00       0.00
  clock uncertainty                                     100.00     100.00
  library hold time                                      13.31     113.31
  data required time                                               113.31
  ------------------------------------------------------------------------------
  data required time                                               113.31
  data arrival time                                                -61.09
  ------------------------------------------------------------------------------
  slack (VIOLATED)                                                 -52.22


  Startpoint: fifo_mem_reg_0__9_
               (rising edge-triggered flip-flop clocked by clk)
  Endpoint: fifo_mem_reg_0__9_
               (rising edge-triggered flip-flop clocked by clk)
  Path Group: clk
  Path Type: min

  Point                                                   Incr       Path
  ------------------------------------------------------------------------------
  clock clk (rise edge)                                   0.00       0.00
  clock network delay (ideal)                             0.00       0.00
  fifo_mem_reg_0__9_/CLK (DFFHQNx1_ASAP7_75t_R)           0.00       0.00 r
  fifo_mem_reg_0__9_/QN (DFFHQNx1_ASAP7_75t_R)           48.61      48.61 r
  U582/Y (AOI22xp33_ASAP7_75t_R)                         12.48      61.09 f
  fifo_mem_reg_0__9_/D (DFFHQNx1_ASAP7_75t_R)             0.00      61.09 f
  data arrival time                                                 61.09

  clock clk (rise edge)                                   0.00       0.00
  clock network delay (ideal)                             0.00       0.00
  fifo_mem_reg_0__9_/CLK (DFFHQNx1_ASAP7_75t_R)                      0.00 r
  clock reconvergence pessimism                           0.00       0.00
  clock uncertainty                                     100.00     100.00
  library hold time                                      13.31     113.31
  data required time                                               113.31
  ------------------------------------------------------------------------------
  data required time                                               113.31
  data arrival time                                                -61.09
  ------------------------------------------------------------------------------
  slack (VIOLATED)                                                 -52.22


  Startpoint: fifo_mem_reg_0__8_
               (rising edge-triggered flip-flop clocked by clk)
  Endpoint: fifo_mem_reg_0__8_
               (rising edge-triggered flip-flop clocked by clk)
  Path Group: clk
  Path Type: min

  Point                                                   Incr       Path
  ------------------------------------------------------------------------------
  clock clk (rise edge)                                   0.00       0.00
  clock network delay (ideal)                             0.00       0.00
  fifo_mem_reg_0__8_/CLK (DFFHQNx1_ASAP7_75t_R)           0.00       0.00 r
  fifo_mem_reg_0__8_/QN (DFFHQNx1_ASAP7_75t_R)           48.61      48.61 r
  U541/Y (AOI22xp33_ASAP7_75t_R)                         12.48      61.09 f
  fifo_mem_reg_0__8_/D (DFFHQNx1_ASAP7_75t_R)             0.00      61.09 f
  data arrival time                                                 61.09

  clock clk (rise edge)                                   0.00       0.00
  clock network delay (ideal)                             0.00       0.00
  fifo_mem_reg_0__8_/CLK (DFFHQNx1_ASAP7_75t_R)                      0.00 r
  clock reconvergence pessimism                           0.00       0.00
  clock uncertainty                                     100.00     100.00
  library hold time                                      13.31     113.31
  data required time                                               113.31
  ------------------------------------------------------------------------------
  data required time                                               113.31
  data arrival time                                                -61.09
  ------------------------------------------------------------------------------
  slack (VIOLATED)                                                 -52.22


  Startpoint: fifo_mem_reg_0__7_
               (rising edge-triggered flip-flop clocked by clk)
  Endpoint: fifo_mem_reg_0__7_
               (rising edge-triggered flip-flop clocked by clk)
  Path Group: clk
  Path Type: min

  Point                                                   Incr       Path
  ------------------------------------------------------------------------------
  clock clk (rise edge)                                   0.00       0.00
  clock network delay (ideal)                             0.00       0.00
  fifo_mem_reg_0__7_/CLK (DFFHQNx1_ASAP7_75t_R)           0.00       0.00 r
  fifo_mem_reg_0__7_/QN (DFFHQNx1_ASAP7_75t_R)           48.61      48.61 r
  U584/Y (AOI22xp33_ASAP7_75t_R)                         12.48      61.09 f
  fifo_mem_reg_0__7_/D (DFFHQNx1_ASAP7_75t_R)             0.00      61.09 f
  data arrival time                                                 61.09

  clock clk (rise edge)                                   0.00       0.00
  clock network delay (ideal)                             0.00       0.00
  fifo_mem_reg_0__7_/CLK (DFFHQNx1_ASAP7_75t_R)                      0.00 r
  clock reconvergence pessimism                           0.00       0.00
  clock uncertainty                                     100.00     100.00
  library hold time                                      13.31     113.31
  data required time                                               113.31
  ------------------------------------------------------------------------------
  data required time                                               113.31
  data arrival time                                                -61.09
  ------------------------------------------------------------------------------
  slack (VIOLATED)                                                 -52.22


  Startpoint: fifo_mem_reg_0__6_
               (rising edge-triggered flip-flop clocked by clk)
  Endpoint: fifo_mem_reg_0__6_
               (rising edge-triggered flip-flop clocked by clk)
  Path Group: clk
  Path Type: min

  Point                                                   Incr       Path
  ------------------------------------------------------------------------------
  clock clk (rise edge)                                   0.00       0.00
  clock network delay (ideal)                             0.00       0.00
  fifo_mem_reg_0__6_/CLK (DFFHQNx1_ASAP7_75t_R)           0.00       0.00 r
  fifo_mem_reg_0__6_/QN (DFFHQNx1_ASAP7_75t_R)           48.61      48.61 r
  U579/Y (AOI22xp33_ASAP7_75t_R)                         12.48      61.09 f
  fifo_mem_reg_0__6_/D (DFFHQNx1_ASAP7_75t_R)             0.00      61.09 f
  data arrival time                                                 61.09

  clock clk (rise edge)                                   0.00       0.00
  clock network delay (ideal)                             0.00       0.00
  fifo_mem_reg_0__6_/CLK (DFFHQNx1_ASAP7_75t_R)                      0.00 r
  clock reconvergence pessimism                           0.00       0.00
  clock uncertainty                                     100.00     100.00
  library hold time                                      13.31     113.31
  data required time                                               113.31
  ------------------------------------------------------------------------------
  data required time                                               113.31
  data arrival time                                                -61.09
  ------------------------------------------------------------------------------
  slack (VIOLATED)                                                 -52.22


  Startpoint: fifo_mem_reg_0__5_
               (rising edge-triggered flip-flop clocked by clk)
  Endpoint: fifo_mem_reg_0__5_
               (rising edge-triggered flip-flop clocked by clk)
  Path Group: clk
  Path Type: min

  Point                                                   Incr       Path
  ------------------------------------------------------------------------------
  clock clk (rise edge)                                   0.00       0.00
  clock network delay (ideal)                             0.00       0.00
  fifo_mem_reg_0__5_/CLK (DFFHQNx1_ASAP7_75t_R)           0.00       0.00 r
  fifo_mem_reg_0__5_/QN (DFFHQNx1_ASAP7_75t_R)           48.61      48.61 r
  U585/Y (AOI22xp33_ASAP7_75t_R)                         12.48      61.09 f
  fifo_mem_reg_0__5_/D (DFFHQNx1_ASAP7_75t_R)             0.00      61.09 f
  data arrival time                                                 61.09

  clock clk (rise edge)                                   0.00       0.00
  clock network delay (ideal)                             0.00       0.00
  fifo_mem_reg_0__5_/CLK (DFFHQNx1_ASAP7_75t_R)                      0.00 r
  clock reconvergence pessimism                           0.00       0.00
  clock uncertainty                                     100.00     100.00
  library hold time                                      13.31     113.31
  data required time                                               113.31
  ------------------------------------------------------------------------------
  data required time                                               113.31
  data arrival time                                                -61.09
  ------------------------------------------------------------------------------
  slack (VIOLATED)                                                 -52.22


  Startpoint: fifo_mem_reg_0__4_
               (rising edge-triggered flip-flop clocked by clk)
  Endpoint: fifo_mem_reg_0__4_
               (rising edge-triggered flip-flop clocked by clk)
  Path Group: clk
  Path Type: min

  Point                                                   Incr       Path
  ------------------------------------------------------------------------------
  clock clk (rise edge)                                   0.00       0.00
  clock network delay (ideal)                             0.00       0.00
  fifo_mem_reg_0__4_/CLK (DFFHQNx1_ASAP7_75t_R)           0.00       0.00 r
  fifo_mem_reg_0__4_/QN (DFFHQNx1_ASAP7_75t_R)           48.61      48.61 r
  U574/Y (AOI22xp33_ASAP7_75t_R)                         12.48      61.09 f
  fifo_mem_reg_0__4_/D (DFFHQNx1_ASAP7_75t_R)             0.00      61.09 f
  data arrival time                                                 61.09

  clock clk (rise edge)                                   0.00       0.00
  clock network delay (ideal)                             0.00       0.00
  fifo_mem_reg_0__4_/CLK (DFFHQNx1_ASAP7_75t_R)                      0.00 r
  clock reconvergence pessimism                           0.00       0.00
  clock uncertainty                                     100.00     100.00
  library hold time                                      13.31     113.31
  data required time                                               113.31
  ------------------------------------------------------------------------------
  data required time                                               113.31
  data arrival time                                                -61.09
  ------------------------------------------------------------------------------
  slack (VIOLATED)                                                 -52.22


  Startpoint: fifo_mem_reg_0__3_
               (rising edge-triggered flip-flop clocked by clk)
  Endpoint: fifo_mem_reg_0__3_
               (rising edge-triggered flip-flop clocked by clk)
  Path Group: clk
  Path Type: min

  Point                                                   Incr       Path
  ------------------------------------------------------------------------------
  clock clk (rise edge)                                   0.00       0.00
  clock network delay (ideal)                             0.00       0.00
  fifo_mem_reg_0__3_/CLK (DFFHQNx1_ASAP7_75t_R)           0.00       0.00 r
  fifo_mem_reg_0__3_/QN (DFFHQNx1_ASAP7_75t_R)           48.61      48.61 r
  U587/Y (AOI22xp33_ASAP7_75t_R)                         12.48      61.09 f
  fifo_mem_reg_0__3_/D (DFFHQNx1_ASAP7_75t_R)             0.00      61.09 f
  data arrival time                                                 61.09

  clock clk (rise edge)                                   0.00       0.00
  clock network delay (ideal)                             0.00       0.00
  fifo_mem_reg_0__3_/CLK (DFFHQNx1_ASAP7_75t_R)                      0.00 r
  clock reconvergence pessimism                           0.00       0.00
  clock uncertainty                                     100.00     100.00
  library hold time                                      13.31     113.31
  data required time                                               113.31
  ------------------------------------------------------------------------------
  data required time                                               113.31
  data arrival time                                                -61.09
  ------------------------------------------------------------------------------
  slack (VIOLATED)                                                 -52.22


  Startpoint: fifo_mem_reg_0__2_
               (rising edge-triggered flip-flop clocked by clk)
  Endpoint: fifo_mem_reg_0__2_
               (rising edge-triggered flip-flop clocked by clk)
  Path Group: clk
  Path Type: min

  Point                                                   Incr       Path
  ------------------------------------------------------------------------------
  clock clk (rise edge)                                   0.00       0.00
  clock network delay (ideal)                             0.00       0.00
  fifo_mem_reg_0__2_/CLK (DFFHQNx1_ASAP7_75t_R)           0.00       0.00 r
  fifo_mem_reg_0__2_/QN (DFFHQNx1_ASAP7_75t_R)           48.61      48.61 r
  U586/Y (AOI22xp33_ASAP7_75t_R)                         12.48      61.09 f
  fifo_mem_reg_0__2_/D (DFFHQNx1_ASAP7_75t_R)             0.00      61.09 f
  data arrival time                                                 61.09

  clock clk (rise edge)                                   0.00       0.00
  clock network delay (ideal)                             0.00       0.00
  fifo_mem_reg_0__2_/CLK (DFFHQNx1_ASAP7_75t_R)                      0.00 r
  clock reconvergence pessimism                           0.00       0.00
  clock uncertainty                                     100.00     100.00
  library hold time                                      13.31     113.31
  data required time                                               113.31
  ------------------------------------------------------------------------------
  data required time                                               113.31
  data arrival time                                                -61.09
  ------------------------------------------------------------------------------
  slack (VIOLATED)                                                 -52.22


  Startpoint: fifo_mem_reg_0__1_
               (rising edge-triggered flip-flop clocked by clk)
  Endpoint: fifo_mem_reg_0__1_
               (rising edge-triggered flip-flop clocked by clk)
  Path Group: clk
  Path Type: min

  Point                                                   Incr       Path
  ------------------------------------------------------------------------------
  clock clk (rise edge)                                   0.00       0.00
  clock network delay (ideal)                             0.00       0.00
  fifo_mem_reg_0__1_/CLK (DFFHQNx1_ASAP7_75t_R)           0.00       0.00 r
  fifo_mem_reg_0__1_/QN (DFFHQNx1_ASAP7_75t_R)           48.61      48.61 r
  U581/Y (AOI22xp33_ASAP7_75t_R)                         12.48      61.09 f
  fifo_mem_reg_0__1_/D (DFFHQNx1_ASAP7_75t_R)             0.00      61.09 f
  data arrival time                                                 61.09

  clock clk (rise edge)                                   0.00       0.00
  clock network delay (ideal)                             0.00       0.00
  fifo_mem_reg_0__1_/CLK (DFFHQNx1_ASAP7_75t_R)                      0.00 r
  clock reconvergence pessimism                           0.00       0.00
  clock uncertainty                                     100.00     100.00
  library hold time                                      13.31     113.31
  data required time                                               113.31
  ------------------------------------------------------------------------------
  data required time                                               113.31
  data arrival time                                                -61.09
  ------------------------------------------------------------------------------
  slack (VIOLATED)                                                 -52.22


  Startpoint: fifo_mem_reg_0__0_
               (rising edge-triggered flip-flop clocked by clk)
  Endpoint: fifo_mem_reg_0__0_
               (rising edge-triggered flip-flop clocked by clk)
  Path Group: clk
  Path Type: min

  Point                                                   Incr       Path
  ------------------------------------------------------------------------------
  clock clk (rise edge)                                   0.00       0.00
  clock network delay (ideal)                             0.00       0.00
  fifo_mem_reg_0__0_/CLK (DFFHQNx1_ASAP7_75t_R)           0.00       0.00 r
  fifo_mem_reg_0__0_/QN (DFFHQNx1_ASAP7_75t_R)           48.61      48.61 r
  U580/Y (AOI22xp33_ASAP7_75t_R)                         12.48      61.09 f
  fifo_mem_reg_0__0_/D (DFFHQNx1_ASAP7_75t_R)             0.00      61.09 f
  data arrival time                                                 61.09

  clock clk (rise edge)                                   0.00       0.00
  clock network delay (ideal)                             0.00       0.00
  fifo_mem_reg_0__0_/CLK (DFFHQNx1_ASAP7_75t_R)                      0.00 r
  clock reconvergence pessimism                           0.00       0.00
  clock uncertainty                                     100.00     100.00
  library hold time                                      13.31     113.31
  data required time                                               113.31
  ------------------------------------------------------------------------------
  data required time                                               113.31
  data arrival time                                                -61.09
  ------------------------------------------------------------------------------
  slack (VIOLATED)                                                 -52.22


  Startpoint: fifo_mem_reg_3__21_
               (rising edge-triggered flip-flop clocked by clk)
  Endpoint: fifo_mem_reg_3__21_
               (rising edge-triggered flip-flop clocked by clk)
  Path Group: clk
  Path Type: min

  Point                                                   Incr       Path
  ------------------------------------------------------------------------------
  clock clk (rise edge)                                   0.00       0.00
  clock network delay (ideal)                             0.00       0.00
  fifo_mem_reg_3__21_/CLK (DFFHQNx1_ASAP7_75t_R)          0.00       0.00 r
  fifo_mem_reg_3__21_/QN (DFFHQNx1_ASAP7_75t_R)          48.61      48.61 r
  U471/Y (AOI22xp33_ASAP7_75t_R)                         12.48      61.09 f
  fifo_mem_reg_3__21_/D (DFFHQNx1_ASAP7_75t_R)            0.00      61.09 f
  data arrival time                                                 61.09

  clock clk (rise edge)                                   0.00       0.00
  clock network delay (ideal)                             0.00       0.00
  fifo_mem_reg_3__21_/CLK (DFFHQNx1_ASAP7_75t_R)                     0.00 r
  clock reconvergence pessimism                           0.00       0.00
  clock uncertainty                                     100.00     100.00
  library hold time                                      13.31     113.31
  data required time                                               113.31
  ------------------------------------------------------------------------------
  data required time                                               113.31
  data arrival time                                                -61.09
  ------------------------------------------------------------------------------
  slack (VIOLATED)                                                 -52.22


  Startpoint: fifo_mem_reg_3__20_
               (rising edge-triggered flip-flop clocked by clk)
  Endpoint: fifo_mem_reg_3__20_
               (rising edge-triggered flip-flop clocked by clk)
  Path Group: clk
  Path Type: min

  Point                                                   Incr       Path
  ------------------------------------------------------------------------------
  clock clk (rise edge)                                   0.00       0.00
  clock network delay (ideal)                             0.00       0.00
  fifo_mem_reg_3__20_/CLK (DFFHQNx1_ASAP7_75t_R)          0.00       0.00 r
  fifo_mem_reg_3__20_/QN (DFFHQNx1_ASAP7_75t_R)          48.61      48.61 r
  U477/Y (AOI22xp33_ASAP7_75t_R)                         12.48      61.09 f
  fifo_mem_reg_3__20_/D (DFFHQNx1_ASAP7_75t_R)            0.00      61.09 f
  data arrival time                                                 61.09

  clock clk (rise edge)                                   0.00       0.00
  clock network delay (ideal)                             0.00       0.00
  fifo_mem_reg_3__20_/CLK (DFFHQNx1_ASAP7_75t_R)                     0.00 r
  clock reconvergence pessimism                           0.00       0.00
  clock uncertainty                                     100.00     100.00
  library hold time                                      13.31     113.31
  data required time                                               113.31
  ------------------------------------------------------------------------------
  data required time                                               113.31
  data arrival time                                                -61.09
  ------------------------------------------------------------------------------
  slack (VIOLATED)                                                 -52.22


  Startpoint: fifo_mem_reg_3__19_
               (rising edge-triggered flip-flop clocked by clk)
  Endpoint: fifo_mem_reg_3__19_
               (rising edge-triggered flip-flop clocked by clk)
  Path Group: clk
  Path Type: min

  Point                                                   Incr       Path
  ------------------------------------------------------------------------------
  clock clk (rise edge)                                   0.00       0.00
  clock network delay (ideal)                             0.00       0.00
  fifo_mem_reg_3__19_/CLK (DFFHQNx1_ASAP7_75t_R)          0.00       0.00 r
  fifo_mem_reg_3__19_/QN (DFFHQNx1_ASAP7_75t_R)          48.61      48.61 r
  U466/Y (AOI22xp33_ASAP7_75t_R)                         12.48      61.09 f
  fifo_mem_reg_3__19_/D (DFFHQNx1_ASAP7_75t_R)            0.00      61.09 f
  data arrival time                                                 61.09

  clock clk (rise edge)                                   0.00       0.00
  clock network delay (ideal)                             0.00       0.00
  fifo_mem_reg_3__19_/CLK (DFFHQNx1_ASAP7_75t_R)                     0.00 r
  clock reconvergence pessimism                           0.00       0.00
  clock uncertainty                                     100.00     100.00
  library hold time                                      13.31     113.31
  data required time                                               113.31
  ------------------------------------------------------------------------------
  data required time                                               113.31
  data arrival time                                                -61.09
  ------------------------------------------------------------------------------
  slack (VIOLATED)                                                 -52.22


  Startpoint: fifo_mem_reg_3__18_
               (rising edge-triggered flip-flop clocked by clk)
  Endpoint: fifo_mem_reg_3__18_
               (rising edge-triggered flip-flop clocked by clk)
  Path Group: clk
  Path Type: min

  Point                                                   Incr       Path
  ------------------------------------------------------------------------------
  clock clk (rise edge)                                   0.00       0.00
  clock network delay (ideal)                             0.00       0.00
  fifo_mem_reg_3__18_/CLK (DFFHQNx1_ASAP7_75t_R)          0.00       0.00 r
  fifo_mem_reg_3__18_/QN (DFFHQNx1_ASAP7_75t_R)          48.61      48.61 r
  U475/Y (AOI22xp33_ASAP7_75t_R)                         12.48      61.09 f
  fifo_mem_reg_3__18_/D (DFFHQNx1_ASAP7_75t_R)            0.00      61.09 f
  data arrival time                                                 61.09

  clock clk (rise edge)                                   0.00       0.00
  clock network delay (ideal)                             0.00       0.00
  fifo_mem_reg_3__18_/CLK (DFFHQNx1_ASAP7_75t_R)                     0.00 r
  clock reconvergence pessimism                           0.00       0.00
  clock uncertainty                                     100.00     100.00
  library hold time                                      13.31     113.31
  data required time                                               113.31
  ------------------------------------------------------------------------------
  data required time                                               113.31
  data arrival time                                                -61.09
  ------------------------------------------------------------------------------
  slack (VIOLATED)                                                 -52.22


  Startpoint: fifo_mem_reg_3__17_
               (rising edge-triggered flip-flop clocked by clk)
  Endpoint: fifo_mem_reg_3__17_
               (rising edge-triggered flip-flop clocked by clk)
  Path Group: clk
  Path Type: min

  Point                                                   Incr       Path
  ------------------------------------------------------------------------------
  clock clk (rise edge)                                   0.00       0.00
  clock network delay (ideal)                             0.00       0.00
  fifo_mem_reg_3__17_/CLK (DFFHQNx1_ASAP7_75t_R)          0.00       0.00 r
  fifo_mem_reg_3__17_/QN (DFFHQNx1_ASAP7_75t_R)          48.61      48.61 r
  U474/Y (AOI22xp33_ASAP7_75t_R)                         12.48      61.09 f
  fifo_mem_reg_3__17_/D (DFFHQNx1_ASAP7_75t_R)            0.00      61.09 f
  data arrival time                                                 61.09

  clock clk (rise edge)                                   0.00       0.00
  clock network delay (ideal)                             0.00       0.00
  fifo_mem_reg_3__17_/CLK (DFFHQNx1_ASAP7_75t_R)                     0.00 r
  clock reconvergence pessimism                           0.00       0.00
  clock uncertainty                                     100.00     100.00
  library hold time                                      13.31     113.31
  data required time                                               113.31
  ------------------------------------------------------------------------------
  data required time                                               113.31
  data arrival time                                                -61.09
  ------------------------------------------------------------------------------
  slack (VIOLATED)                                                 -52.22


  Startpoint: fifo_mem_reg_3__16_
               (rising edge-triggered flip-flop clocked by clk)
  Endpoint: fifo_mem_reg_3__16_
               (rising edge-triggered flip-flop clocked by clk)
  Path Group: clk
  Path Type: min

  Point                                                   Incr       Path
  ------------------------------------------------------------------------------
  clock clk (rise edge)                                   0.00       0.00
  clock network delay (ideal)                             0.00       0.00
  fifo_mem_reg_3__16_/CLK (DFFHQNx1_ASAP7_75t_R)          0.00       0.00 r
  fifo_mem_reg_3__16_/QN (DFFHQNx1_ASAP7_75t_R)          48.61      48.61 r
  U468/Y (AOI22xp33_ASAP7_75t_R)                         12.48      61.09 f
  fifo_mem_reg_3__16_/D (DFFHQNx1_ASAP7_75t_R)            0.00      61.09 f
  data arrival time                                                 61.09

  clock clk (rise edge)                                   0.00       0.00
  clock network delay (ideal)                             0.00       0.00
  fifo_mem_reg_3__16_/CLK (DFFHQNx1_ASAP7_75t_R)                     0.00 r
  clock reconvergence pessimism                           0.00       0.00
  clock uncertainty                                     100.00     100.00
  library hold time                                      13.31     113.31
  data required time                                               113.31
  ------------------------------------------------------------------------------
  data required time                                               113.31
  data arrival time                                                -61.09
  ------------------------------------------------------------------------------
  slack (VIOLATED)                                                 -52.22


  Startpoint: fifo_mem_reg_3__15_
               (rising edge-triggered flip-flop clocked by clk)
  Endpoint: fifo_mem_reg_3__15_
               (rising edge-triggered flip-flop clocked by clk)
  Path Group: clk
  Path Type: min

  Point                                                   Incr       Path
  ------------------------------------------------------------------------------
  clock clk (rise edge)                                   0.00       0.00
  clock network delay (ideal)                             0.00       0.00
  fifo_mem_reg_3__15_/CLK (DFFHQNx1_ASAP7_75t_R)          0.00       0.00 r
  fifo_mem_reg_3__15_/QN (DFFHQNx1_ASAP7_75t_R)          48.61      48.61 r
  U472/Y (AOI22xp33_ASAP7_75t_R)                         12.48      61.09 f
  fifo_mem_reg_3__15_/D (DFFHQNx1_ASAP7_75t_R)            0.00      61.09 f
  data arrival time                                                 61.09

  clock clk (rise edge)                                   0.00       0.00
  clock network delay (ideal)                             0.00       0.00
  fifo_mem_reg_3__15_/CLK (DFFHQNx1_ASAP7_75t_R)                     0.00 r
  clock reconvergence pessimism                           0.00       0.00
  clock uncertainty                                     100.00     100.00
  library hold time                                      13.31     113.31
  data required time                                               113.31
  ------------------------------------------------------------------------------
  data required time                                               113.31
  data arrival time                                                -61.09
  ------------------------------------------------------------------------------
  slack (VIOLATED)                                                 -52.22


  Startpoint: fifo_mem_reg_3__14_
               (rising edge-triggered flip-flop clocked by clk)
  Endpoint: fifo_mem_reg_3__14_
               (rising edge-triggered flip-flop clocked by clk)
  Path Group: clk
  Path Type: min

  Point                                                   Incr       Path
  ------------------------------------------------------------------------------
  clock clk (rise edge)                                   0.00       0.00
  clock network delay (ideal)                             0.00       0.00
  fifo_mem_reg_3__14_/CLK (DFFHQNx1_ASAP7_75t_R)          0.00       0.00 r
  fifo_mem_reg_3__14_/QN (DFFHQNx1_ASAP7_75t_R)          48.61      48.61 r
  U480/Y (AOI22xp33_ASAP7_75t_R)                         12.48      61.09 f
  fifo_mem_reg_3__14_/D (DFFHQNx1_ASAP7_75t_R)            0.00      61.09 f
  data arrival time                                                 61.09

  clock clk (rise edge)                                   0.00       0.00
  clock network delay (ideal)                             0.00       0.00
  fifo_mem_reg_3__14_/CLK (DFFHQNx1_ASAP7_75t_R)                     0.00 r
  clock reconvergence pessimism                           0.00       0.00
  clock uncertainty                                     100.00     100.00
  library hold time                                      13.31     113.31
  data required time                                               113.31
  ------------------------------------------------------------------------------
  data required time                                               113.31
  data arrival time                                                -61.09
  ------------------------------------------------------------------------------
  slack (VIOLATED)                                                 -52.22


  Startpoint: fifo_mem_reg_3__13_
               (rising edge-triggered flip-flop clocked by clk)
  Endpoint: fifo_mem_reg_3__13_
               (rising edge-triggered flip-flop clocked by clk)
  Path Group: clk
  Path Type: min

  Point                                                   Incr       Path
  ------------------------------------------------------------------------------
  clock clk (rise edge)                                   0.00       0.00
  clock network delay (ideal)                             0.00       0.00
  fifo_mem_reg_3__13_/CLK (DFFHQNx1_ASAP7_75t_R)          0.00       0.00 r
  fifo_mem_reg_3__13_/QN (DFFHQNx1_ASAP7_75t_R)          48.61      48.61 r
  U469/Y (AOI22xp33_ASAP7_75t_R)                         12.48      61.09 f
  fifo_mem_reg_3__13_/D (DFFHQNx1_ASAP7_75t_R)            0.00      61.09 f
  data arrival time                                                 61.09

  clock clk (rise edge)                                   0.00       0.00
  clock network delay (ideal)                             0.00       0.00
  fifo_mem_reg_3__13_/CLK (DFFHQNx1_ASAP7_75t_R)                     0.00 r
  clock reconvergence pessimism                           0.00       0.00
  clock uncertainty                                     100.00     100.00
  library hold time                                      13.31     113.31
  data required time                                               113.31
  ------------------------------------------------------------------------------
  data required time                                               113.31
  data arrival time                                                -61.09
  ------------------------------------------------------------------------------
  slack (VIOLATED)                                                 -52.22


  Startpoint: fifo_mem_reg_3__12_
               (rising edge-triggered flip-flop clocked by clk)
  Endpoint: fifo_mem_reg_3__12_
               (rising edge-triggered flip-flop clocked by clk)
  Path Group: clk
  Path Type: min

  Point                                                   Incr       Path
  ------------------------------------------------------------------------------
  clock clk (rise edge)                                   0.00       0.00
  clock network delay (ideal)                             0.00       0.00
  fifo_mem_reg_3__12_/CLK (DFFHQNx1_ASAP7_75t_R)          0.00       0.00 r
  fifo_mem_reg_3__12_/QN (DFFHQNx1_ASAP7_75t_R)          48.61      48.61 r
  U473/Y (AOI22xp33_ASAP7_75t_R)                         12.48      61.09 f
  fifo_mem_reg_3__12_/D (DFFHQNx1_ASAP7_75t_R)            0.00      61.09 f
  data arrival time                                                 61.09

  clock clk (rise edge)                                   0.00       0.00
  clock network delay (ideal)                             0.00       0.00
  fifo_mem_reg_3__12_/CLK (DFFHQNx1_ASAP7_75t_R)                     0.00 r
  clock reconvergence pessimism                           0.00       0.00
  clock uncertainty                                     100.00     100.00
  library hold time                                      13.31     113.31
  data required time                                               113.31
  ------------------------------------------------------------------------------
  data required time                                               113.31
  data arrival time                                                -61.09
  ------------------------------------------------------------------------------
  slack (VIOLATED)                                                 -52.22


  Startpoint: fifo_mem_reg_3__11_
               (rising edge-triggered flip-flop clocked by clk)
  Endpoint: fifo_mem_reg_3__11_
               (rising edge-triggered flip-flop clocked by clk)
  Path Group: clk
  Path Type: min

  Point                                                   Incr       Path
  ------------------------------------------------------------------------------
  clock clk (rise edge)                                   0.00       0.00
  clock network delay (ideal)                             0.00       0.00
  fifo_mem_reg_3__11_/CLK (DFFHQNx1_ASAP7_75t_R)          0.00       0.00 r
  fifo_mem_reg_3__11_/QN (DFFHQNx1_ASAP7_75t_R)          48.61      48.61 r
  U464/Y (AOI22xp33_ASAP7_75t_R)                         12.48      61.09 f
  fifo_mem_reg_3__11_/D (DFFHQNx1_ASAP7_75t_R)            0.00      61.09 f
  data arrival time                                                 61.09

  clock clk (rise edge)                                   0.00       0.00
  clock network delay (ideal)                             0.00       0.00
  fifo_mem_reg_3__11_/CLK (DFFHQNx1_ASAP7_75t_R)                     0.00 r
  clock reconvergence pessimism                           0.00       0.00
  clock uncertainty                                     100.00     100.00
  library hold time                                      13.31     113.31
  data required time                                               113.31
  ------------------------------------------------------------------------------
  data required time                                               113.31
  data arrival time                                                -61.09
  ------------------------------------------------------------------------------
  slack (VIOLATED)                                                 -52.22


  Startpoint: fifo_mem_reg_3__10_
               (rising edge-triggered flip-flop clocked by clk)
  Endpoint: fifo_mem_reg_3__10_
               (rising edge-triggered flip-flop clocked by clk)
  Path Group: clk
  Path Type: min

  Point                                                   Incr       Path
  ------------------------------------------------------------------------------
  clock clk (rise edge)                                   0.00       0.00
  clock network delay (ideal)                             0.00       0.00
  fifo_mem_reg_3__10_/CLK (DFFHQNx1_ASAP7_75t_R)          0.00       0.00 r
  fifo_mem_reg_3__10_/QN (DFFHQNx1_ASAP7_75t_R)          48.61      48.61 r
  U467/Y (AOI22xp33_ASAP7_75t_R)                         12.48      61.09 f
  fifo_mem_reg_3__10_/D (DFFHQNx1_ASAP7_75t_R)            0.00      61.09 f
  data arrival time                                                 61.09

  clock clk (rise edge)                                   0.00       0.00
  clock network delay (ideal)                             0.00       0.00
  fifo_mem_reg_3__10_/CLK (DFFHQNx1_ASAP7_75t_R)                     0.00 r
  clock reconvergence pessimism                           0.00       0.00
  clock uncertainty                                     100.00     100.00
  library hold time                                      13.31     113.31
  data required time                                               113.31
  ------------------------------------------------------------------------------
  data required time                                               113.31
  data arrival time                                                -61.09
  ------------------------------------------------------------------------------
  slack (VIOLATED)                                                 -52.22


  Startpoint: fifo_mem_reg_3__9_
               (rising edge-triggered flip-flop clocked by clk)
  Endpoint: fifo_mem_reg_3__9_
               (rising edge-triggered flip-flop clocked by clk)
  Path Group: clk
  Path Type: min

  Point                                                   Incr       Path
  ------------------------------------------------------------------------------
  clock clk (rise edge)                                   0.00       0.00
  clock network delay (ideal)                             0.00       0.00
  fifo_mem_reg_3__9_/CLK (DFFHQNx1_ASAP7_75t_R)           0.00       0.00 r
  fifo_mem_reg_3__9_/QN (DFFHQNx1_ASAP7_75t_R)           48.61      48.61 r
  U476/Y (AOI22xp33_ASAP7_75t_R)                         12.48      61.09 f
  fifo_mem_reg_3__9_/D (DFFHQNx1_ASAP7_75t_R)             0.00      61.09 f
  data arrival time                                                 61.09

  clock clk (rise edge)                                   0.00       0.00
  clock network delay (ideal)                             0.00       0.00
  fifo_mem_reg_3__9_/CLK (DFFHQNx1_ASAP7_75t_R)                      0.00 r
  clock reconvergence pessimism                           0.00       0.00
  clock uncertainty                                     100.00     100.00
  library hold time                                      13.31     113.31
  data required time                                               113.31
  ------------------------------------------------------------------------------
  data required time                                               113.31
  data arrival time                                                -61.09
  ------------------------------------------------------------------------------
  slack (VIOLATED)                                                 -52.22


  Startpoint: fifo_mem_reg_3__8_
               (rising edge-triggered flip-flop clocked by clk)
  Endpoint: fifo_mem_reg_3__8_
               (rising edge-triggered flip-flop clocked by clk)
  Path Group: clk
  Path Type: min

  Point                                                   Incr       Path
  ------------------------------------------------------------------------------
  clock clk (rise edge)                                   0.00       0.00
  clock network delay (ideal)                             0.00       0.00
  fifo_mem_reg_3__8_/CLK (DFFHQNx1_ASAP7_75t_R)           0.00       0.00 r
  fifo_mem_reg_3__8_/QN (DFFHQNx1_ASAP7_75t_R)           48.61      48.61 r
  U465/Y (AOI22xp33_ASAP7_75t_R)                         12.48      61.09 f
  fifo_mem_reg_3__8_/D (DFFHQNx1_ASAP7_75t_R)             0.00      61.09 f
  data arrival time                                                 61.09

  clock clk (rise edge)                                   0.00       0.00
  clock network delay (ideal)                             0.00       0.00
  fifo_mem_reg_3__8_/CLK (DFFHQNx1_ASAP7_75t_R)                      0.00 r
  clock reconvergence pessimism                           0.00       0.00
  clock uncertainty                                     100.00     100.00
  library hold time                                      13.31     113.31
  data required time                                               113.31
  ------------------------------------------------------------------------------
  data required time                                               113.31
  data arrival time                                                -61.09
  ------------------------------------------------------------------------------
  slack (VIOLATED)                                                 -52.22


  Startpoint: fifo_mem_reg_3__7_
               (rising edge-triggered flip-flop clocked by clk)
  Endpoint: fifo_mem_reg_3__7_
               (rising edge-triggered flip-flop clocked by clk)
  Path Group: clk
  Path Type: min

  Point                                                   Incr       Path
  ------------------------------------------------------------------------------
  clock clk (rise edge)                                   0.00       0.00
  clock network delay (ideal)                             0.00       0.00
  fifo_mem_reg_3__7_/CLK (DFFHQNx1_ASAP7_75t_R)           0.00       0.00 r
  fifo_mem_reg_3__7_/QN (DFFHQNx1_ASAP7_75t_R)           48.61      48.61 r
  U463/Y (AOI22xp33_ASAP7_75t_R)                         12.48      61.09 f
  fifo_mem_reg_3__7_/D (DFFHQNx1_ASAP7_75t_R)             0.00      61.09 f
  data arrival time                                                 61.09

  clock clk (rise edge)                                   0.00       0.00
  clock network delay (ideal)                             0.00       0.00
  fifo_mem_reg_3__7_/CLK (DFFHQNx1_ASAP7_75t_R)                      0.00 r
  clock reconvergence pessimism                           0.00       0.00
  clock uncertainty                                     100.00     100.00
  library hold time                                      13.31     113.31
  data required time                                               113.31
  ------------------------------------------------------------------------------
  data required time                                               113.31
  data arrival time                                                -61.09
  ------------------------------------------------------------------------------
  slack (VIOLATED)                                                 -52.22


  Startpoint: fifo_mem_reg_3__6_
               (rising edge-triggered flip-flop clocked by clk)
  Endpoint: fifo_mem_reg_3__6_
               (rising edge-triggered flip-flop clocked by clk)
  Path Group: clk
  Path Type: min

  Point                                                   Incr       Path
  ------------------------------------------------------------------------------
  clock clk (rise edge)                                   0.00       0.00
  clock network delay (ideal)                             0.00       0.00
  fifo_mem_reg_3__6_/CLK (DFFHQNx1_ASAP7_75t_R)           0.00       0.00 r
  fifo_mem_reg_3__6_/QN (DFFHQNx1_ASAP7_75t_R)           48.61      48.61 r
  U482/Y (AOI22xp33_ASAP7_75t_R)                         12.48      61.09 f
  fifo_mem_reg_3__6_/D (DFFHQNx1_ASAP7_75t_R)             0.00      61.09 f
  data arrival time                                                 61.09

  clock clk (rise edge)                                   0.00       0.00
  clock network delay (ideal)                             0.00       0.00
  fifo_mem_reg_3__6_/CLK (DFFHQNx1_ASAP7_75t_R)                      0.00 r
  clock reconvergence pessimism                           0.00       0.00
  clock uncertainty                                     100.00     100.00
  library hold time                                      13.31     113.31
  data required time                                               113.31
  ------------------------------------------------------------------------------
  data required time                                               113.31
  data arrival time                                                -61.09
  ------------------------------------------------------------------------------
  slack (VIOLATED)                                                 -52.22


  Startpoint: fifo_mem_reg_3__5_
               (rising edge-triggered flip-flop clocked by clk)
  Endpoint: fifo_mem_reg_3__5_
               (rising edge-triggered flip-flop clocked by clk)
  Path Group: clk
  Path Type: min

  Point                                                   Incr       Path
  ------------------------------------------------------------------------------
  clock clk (rise edge)                                   0.00       0.00
  clock network delay (ideal)                             0.00       0.00
  fifo_mem_reg_3__5_/CLK (DFFHQNx1_ASAP7_75t_R)           0.00       0.00 r
  fifo_mem_reg_3__5_/QN (DFFHQNx1_ASAP7_75t_R)           48.61      48.61 r
  U462/Y (AOI22xp33_ASAP7_75t_R)                         12.48      61.09 f
  fifo_mem_reg_3__5_/D (DFFHQNx1_ASAP7_75t_R)             0.00      61.09 f
  data arrival time                                                 61.09

  clock clk (rise edge)                                   0.00       0.00
  clock network delay (ideal)                             0.00       0.00
  fifo_mem_reg_3__5_/CLK (DFFHQNx1_ASAP7_75t_R)                      0.00 r
  clock reconvergence pessimism                           0.00       0.00
  clock uncertainty                                     100.00     100.00
  library hold time                                      13.31     113.31
  data required time                                               113.31
  ------------------------------------------------------------------------------
  data required time                                               113.31
  data arrival time                                                -61.09
  ------------------------------------------------------------------------------
  slack (VIOLATED)                                                 -52.22


  Startpoint: fifo_mem_reg_3__4_
               (rising edge-triggered flip-flop clocked by clk)
  Endpoint: fifo_mem_reg_3__4_
               (rising edge-triggered flip-flop clocked by clk)
  Path Group: clk
  Path Type: min

  Point                                                   Incr       Path
  ------------------------------------------------------------------------------
  clock clk (rise edge)                                   0.00       0.00
  clock network delay (ideal)                             0.00       0.00
  fifo_mem_reg_3__4_/CLK (DFFHQNx1_ASAP7_75t_R)           0.00       0.00 r
  fifo_mem_reg_3__4_/QN (DFFHQNx1_ASAP7_75t_R)           48.61      48.61 r
  U461/Y (AOI22xp33_ASAP7_75t_R)                         12.48      61.09 f
  fifo_mem_reg_3__4_/D (DFFHQNx1_ASAP7_75t_R)             0.00      61.09 f
  data arrival time                                                 61.09

  clock clk (rise edge)                                   0.00       0.00
  clock network delay (ideal)                             0.00       0.00
  fifo_mem_reg_3__4_/CLK (DFFHQNx1_ASAP7_75t_R)                      0.00 r
  clock reconvergence pessimism                           0.00       0.00
  clock uncertainty                                     100.00     100.00
  library hold time                                      13.31     113.31
  data required time                                               113.31
  ------------------------------------------------------------------------------
  data required time                                               113.31
  data arrival time                                                -61.09
  ------------------------------------------------------------------------------
  slack (VIOLATED)                                                 -52.22


  Startpoint: fifo_mem_reg_3__3_
               (rising edge-triggered flip-flop clocked by clk)
  Endpoint: fifo_mem_reg_3__3_
               (rising edge-triggered flip-flop clocked by clk)
  Path Group: clk
  Path Type: min

  Point                                                   Incr       Path
  ------------------------------------------------------------------------------
  clock clk (rise edge)                                   0.00       0.00
  clock network delay (ideal)                             0.00       0.00
  fifo_mem_reg_3__3_/CLK (DFFHQNx1_ASAP7_75t_R)           0.00       0.00 r
  fifo_mem_reg_3__3_/QN (DFFHQNx1_ASAP7_75t_R)           48.61      48.61 r
  U481/Y (AOI22xp33_ASAP7_75t_R)                         12.48      61.09 f
  fifo_mem_reg_3__3_/D (DFFHQNx1_ASAP7_75t_R)             0.00      61.09 f
  data arrival time                                                 61.09

  clock clk (rise edge)                                   0.00       0.00
  clock network delay (ideal)                             0.00       0.00
  fifo_mem_reg_3__3_/CLK (DFFHQNx1_ASAP7_75t_R)                      0.00 r
  clock reconvergence pessimism                           0.00       0.00
  clock uncertainty                                     100.00     100.00
  library hold time                                      13.31     113.31
  data required time                                               113.31
  ------------------------------------------------------------------------------
  data required time                                               113.31
  data arrival time                                                -61.09
  ------------------------------------------------------------------------------
  slack (VIOLATED)                                                 -52.22


  Startpoint: fifo_mem_reg_3__2_
               (rising edge-triggered flip-flop clocked by clk)
  Endpoint: fifo_mem_reg_3__2_
               (rising edge-triggered flip-flop clocked by clk)
  Path Group: clk
  Path Type: min

  Point                                                   Incr       Path
  ------------------------------------------------------------------------------
  clock clk (rise edge)                                   0.00       0.00
  clock network delay (ideal)                             0.00       0.00
  fifo_mem_reg_3__2_/CLK (DFFHQNx1_ASAP7_75t_R)           0.00       0.00 r
  fifo_mem_reg_3__2_/QN (DFFHQNx1_ASAP7_75t_R)           48.61      48.61 r
  U470/Y (AOI22xp33_ASAP7_75t_R)                         12.48      61.09 f
  fifo_mem_reg_3__2_/D (DFFHQNx1_ASAP7_75t_R)             0.00      61.09 f
  data arrival time                                                 61.09

  clock clk (rise edge)                                   0.00       0.00
  clock network delay (ideal)                             0.00       0.00
  fifo_mem_reg_3__2_/CLK (DFFHQNx1_ASAP7_75t_R)                      0.00 r
  clock reconvergence pessimism                           0.00       0.00
  clock uncertainty                                     100.00     100.00
  library hold time                                      13.31     113.31
  data required time                                               113.31
  ------------------------------------------------------------------------------
  data required time                                               113.31
  data arrival time                                                -61.09
  ------------------------------------------------------------------------------
  slack (VIOLATED)                                                 -52.22


  Startpoint: fifo_mem_reg_3__1_
               (rising edge-triggered flip-flop clocked by clk)
  Endpoint: fifo_mem_reg_3__1_
               (rising edge-triggered flip-flop clocked by clk)
  Path Group: clk
  Path Type: min

  Point                                                   Incr       Path
  ------------------------------------------------------------------------------
  clock clk (rise edge)                                   0.00       0.00
  clock network delay (ideal)                             0.00       0.00
  fifo_mem_reg_3__1_/CLK (DFFHQNx1_ASAP7_75t_R)           0.00       0.00 r
  fifo_mem_reg_3__1_/QN (DFFHQNx1_ASAP7_75t_R)           48.61      48.61 r
  U478/Y (AOI22xp33_ASAP7_75t_R)                         12.48      61.09 f
  fifo_mem_reg_3__1_/D (DFFHQNx1_ASAP7_75t_R)             0.00      61.09 f
  data arrival time                                                 61.09

  clock clk (rise edge)                                   0.00       0.00
  clock network delay (ideal)                             0.00       0.00
  fifo_mem_reg_3__1_/CLK (DFFHQNx1_ASAP7_75t_R)                      0.00 r
  clock reconvergence pessimism                           0.00       0.00
  clock uncertainty                                     100.00     100.00
  library hold time                                      13.31     113.31
  data required time                                               113.31
  ------------------------------------------------------------------------------
  data required time                                               113.31
  data arrival time                                                -61.09
  ------------------------------------------------------------------------------
  slack (VIOLATED)                                                 -52.22


  Startpoint: fifo_mem_reg_3__0_
               (rising edge-triggered flip-flop clocked by clk)
  Endpoint: fifo_mem_reg_3__0_
               (rising edge-triggered flip-flop clocked by clk)
  Path Group: clk
  Path Type: min

  Point                                                   Incr       Path
  ------------------------------------------------------------------------------
  clock clk (rise edge)                                   0.00       0.00
  clock network delay (ideal)                             0.00       0.00
  fifo_mem_reg_3__0_/CLK (DFFHQNx1_ASAP7_75t_R)           0.00       0.00 r
  fifo_mem_reg_3__0_/QN (DFFHQNx1_ASAP7_75t_R)           48.61      48.61 r
  U483/Y (AOI22xp33_ASAP7_75t_R)                         12.48      61.09 f
  fifo_mem_reg_3__0_/D (DFFHQNx1_ASAP7_75t_R)             0.00      61.09 f
  data arrival time                                                 61.09

  clock clk (rise edge)                                   0.00       0.00
  clock network delay (ideal)                             0.00       0.00
  fifo_mem_reg_3__0_/CLK (DFFHQNx1_ASAP7_75t_R)                      0.00 r
  clock reconvergence pessimism                           0.00       0.00
  clock uncertainty                                     100.00     100.00
  library hold time                                      13.31     113.31
  data required time                                               113.31
  ------------------------------------------------------------------------------
  data required time                                               113.31
  data arrival time                                                -61.09
  ------------------------------------------------------------------------------
  slack (VIOLATED)                                                 -52.22


  Startpoint: fifo_mem_reg_4__21_
               (rising edge-triggered flip-flop clocked by clk)
  Endpoint: fifo_mem_reg_4__21_
               (rising edge-triggered flip-flop clocked by clk)
  Path Group: clk
  Path Type: min

  Point                                                   Incr       Path
  ------------------------------------------------------------------------------
  clock clk (rise edge)                                   0.00       0.00
  clock network delay (ideal)                             0.00       0.00
  fifo_mem_reg_4__21_/CLK (DFFHQNx1_ASAP7_75t_R)          0.00       0.00 r
  fifo_mem_reg_4__21_/QN (DFFHQNx1_ASAP7_75t_R)          48.61      48.61 r
  U594/Y (AOI22xp33_ASAP7_75t_R)                         12.48      61.09 f
  fifo_mem_reg_4__21_/D (DFFHQNx1_ASAP7_75t_R)            0.00      61.09 f
  data arrival time                                                 61.09

  clock clk (rise edge)                                   0.00       0.00
  clock network delay (ideal)                             0.00       0.00
  fifo_mem_reg_4__21_/CLK (DFFHQNx1_ASAP7_75t_R)                     0.00 r
  clock reconvergence pessimism                           0.00       0.00
  clock uncertainty                                     100.00     100.00
  library hold time                                      13.31     113.31
  data required time                                               113.31
  ------------------------------------------------------------------------------
  data required time                                               113.31
  data arrival time                                                -61.09
  ------------------------------------------------------------------------------
  slack (VIOLATED)                                                 -52.22


  Startpoint: fifo_mem_reg_4__20_
               (rising edge-triggered flip-flop clocked by clk)
  Endpoint: fifo_mem_reg_4__20_
               (rising edge-triggered flip-flop clocked by clk)
  Path Group: clk
  Path Type: min

  Point                                                   Incr       Path
  ------------------------------------------------------------------------------
  clock clk (rise edge)                                   0.00       0.00
  clock network delay (ideal)                             0.00       0.00
  fifo_mem_reg_4__20_/CLK (DFFHQNx1_ASAP7_75t_R)          0.00       0.00 r
  fifo_mem_reg_4__20_/QN (DFFHQNx1_ASAP7_75t_R)          48.61      48.61 r
  U588/Y (AOI22xp33_ASAP7_75t_R)                         12.48      61.09 f
  fifo_mem_reg_4__20_/D (DFFHQNx1_ASAP7_75t_R)            0.00      61.09 f
  data arrival time                                                 61.09

  clock clk (rise edge)                                   0.00       0.00
  clock network delay (ideal)                             0.00       0.00
  fifo_mem_reg_4__20_/CLK (DFFHQNx1_ASAP7_75t_R)                     0.00 r
  clock reconvergence pessimism                           0.00       0.00
  clock uncertainty                                     100.00     100.00
  library hold time                                      13.31     113.31
  data required time                                               113.31
  ------------------------------------------------------------------------------
  data required time                                               113.31
  data arrival time                                                -61.09
  ------------------------------------------------------------------------------
  slack (VIOLATED)                                                 -52.22


  Startpoint: fifo_mem_reg_4__19_
               (rising edge-triggered flip-flop clocked by clk)
  Endpoint: fifo_mem_reg_4__19_
               (rising edge-triggered flip-flop clocked by clk)
  Path Group: clk
  Path Type: min

  Point                                                   Incr       Path
  ------------------------------------------------------------------------------
  clock clk (rise edge)                                   0.00       0.00
  clock network delay (ideal)                             0.00       0.00
  fifo_mem_reg_4__19_/CLK (DFFHQNx1_ASAP7_75t_R)          0.00       0.00 r
  fifo_mem_reg_4__19_/QN (DFFHQNx1_ASAP7_75t_R)          48.61      48.61 r
  U603/Y (AOI22xp33_ASAP7_75t_R)                         12.48      61.09 f
  fifo_mem_reg_4__19_/D (DFFHQNx1_ASAP7_75t_R)            0.00      61.09 f
  data arrival time                                                 61.09

  clock clk (rise edge)                                   0.00       0.00
  clock network delay (ideal)                             0.00       0.00
  fifo_mem_reg_4__19_/CLK (DFFHQNx1_ASAP7_75t_R)                     0.00 r
  clock reconvergence pessimism                           0.00       0.00
  clock uncertainty                                     100.00     100.00
  library hold time                                      13.31     113.31
  data required time                                               113.31
  ------------------------------------------------------------------------------
  data required time                                               113.31
  data arrival time                                                -61.09
  ------------------------------------------------------------------------------
  slack (VIOLATED)                                                 -52.22


  Startpoint: fifo_mem_reg_4__18_
               (rising edge-triggered flip-flop clocked by clk)
  Endpoint: fifo_mem_reg_4__18_
               (rising edge-triggered flip-flop clocked by clk)
  Path Group: clk
  Path Type: min

  Point                                                   Incr       Path
  ------------------------------------------------------------------------------
  clock clk (rise edge)                                   0.00       0.00
  clock network delay (ideal)                             0.00       0.00
  fifo_mem_reg_4__18_/CLK (DFFHQNx1_ASAP7_75t_R)          0.00       0.00 r
  fifo_mem_reg_4__18_/QN (DFFHQNx1_ASAP7_75t_R)          48.61      48.61 r
  U600/Y (AOI22xp33_ASAP7_75t_R)                         12.48      61.09 f
  fifo_mem_reg_4__18_/D (DFFHQNx1_ASAP7_75t_R)            0.00      61.09 f
  data arrival time                                                 61.09

  clock clk (rise edge)                                   0.00       0.00
  clock network delay (ideal)                             0.00       0.00
  fifo_mem_reg_4__18_/CLK (DFFHQNx1_ASAP7_75t_R)                     0.00 r
  clock reconvergence pessimism                           0.00       0.00
  clock uncertainty                                     100.00     100.00
  library hold time                                      13.31     113.31
  data required time                                               113.31
  ------------------------------------------------------------------------------
  data required time                                               113.31
  data arrival time                                                -61.09
  ------------------------------------------------------------------------------
  slack (VIOLATED)                                                 -52.22


  Startpoint: fifo_mem_reg_4__17_
               (rising edge-triggered flip-flop clocked by clk)
  Endpoint: fifo_mem_reg_4__17_
               (rising edge-triggered flip-flop clocked by clk)
  Path Group: clk
  Path Type: min

  Point                                                   Incr       Path
  ------------------------------------------------------------------------------
  clock clk (rise edge)                                   0.00       0.00
  clock network delay (ideal)                             0.00       0.00
  fifo_mem_reg_4__17_/CLK (DFFHQNx1_ASAP7_75t_R)          0.00       0.00 r
  fifo_mem_reg_4__17_/QN (DFFHQNx1_ASAP7_75t_R)          48.61      48.61 r
  U590/Y (AOI22xp33_ASAP7_75t_R)                         12.48      61.09 f
  fifo_mem_reg_4__17_/D (DFFHQNx1_ASAP7_75t_R)            0.00      61.09 f
  data arrival time                                                 61.09

  clock clk (rise edge)                                   0.00       0.00
  clock network delay (ideal)                             0.00       0.00
  fifo_mem_reg_4__17_/CLK (DFFHQNx1_ASAP7_75t_R)                     0.00 r
  clock reconvergence pessimism                           0.00       0.00
  clock uncertainty                                     100.00     100.00
  library hold time                                      13.31     113.31
  data required time                                               113.31
  ------------------------------------------------------------------------------
  data required time                                               113.31
  data arrival time                                                -61.09
  ------------------------------------------------------------------------------
  slack (VIOLATED)                                                 -52.22


  Startpoint: fifo_mem_reg_4__16_
               (rising edge-triggered flip-flop clocked by clk)
  Endpoint: fifo_mem_reg_4__16_
               (rising edge-triggered flip-flop clocked by clk)
  Path Group: clk
  Path Type: min

  Point                                                   Incr       Path
  ------------------------------------------------------------------------------
  clock clk (rise edge)                                   0.00       0.00
  clock network delay (ideal)                             0.00       0.00
  fifo_mem_reg_4__16_/CLK (DFFHQNx1_ASAP7_75t_R)          0.00       0.00 r
  fifo_mem_reg_4__16_/QN (DFFHQNx1_ASAP7_75t_R)          48.61      48.61 r
  U592/Y (AOI22xp33_ASAP7_75t_R)                         12.48      61.09 f
  fifo_mem_reg_4__16_/D (DFFHQNx1_ASAP7_75t_R)            0.00      61.09 f
  data arrival time                                                 61.09

  clock clk (rise edge)                                   0.00       0.00
  clock network delay (ideal)                             0.00       0.00
  fifo_mem_reg_4__16_/CLK (DFFHQNx1_ASAP7_75t_R)                     0.00 r
  clock reconvergence pessimism                           0.00       0.00
  clock uncertainty                                     100.00     100.00
  library hold time                                      13.31     113.31
  data required time                                               113.31
  ------------------------------------------------------------------------------
  data required time                                               113.31
  data arrival time                                                -61.09
  ------------------------------------------------------------------------------
  slack (VIOLATED)                                                 -52.22


  Startpoint: fifo_mem_reg_4__15_
               (rising edge-triggered flip-flop clocked by clk)
  Endpoint: fifo_mem_reg_4__15_
               (rising edge-triggered flip-flop clocked by clk)
  Path Group: clk
  Path Type: min

  Point                                                   Incr       Path
  ------------------------------------------------------------------------------
  clock clk (rise edge)                                   0.00       0.00
  clock network delay (ideal)                             0.00       0.00
  fifo_mem_reg_4__15_/CLK (DFFHQNx1_ASAP7_75t_R)          0.00       0.00 r
  fifo_mem_reg_4__15_/QN (DFFHQNx1_ASAP7_75t_R)          48.61      48.61 r
  U593/Y (AOI22xp33_ASAP7_75t_R)                         12.48      61.09 f
  fifo_mem_reg_4__15_/D (DFFHQNx1_ASAP7_75t_R)            0.00      61.09 f
  data arrival time                                                 61.09

  clock clk (rise edge)                                   0.00       0.00
  clock network delay (ideal)                             0.00       0.00
  fifo_mem_reg_4__15_/CLK (DFFHQNx1_ASAP7_75t_R)                     0.00 r
  clock reconvergence pessimism                           0.00       0.00
  clock uncertainty                                     100.00     100.00
  library hold time                                      13.31     113.31
  data required time                                               113.31
  ------------------------------------------------------------------------------
  data required time                                               113.31
  data arrival time                                                -61.09
  ------------------------------------------------------------------------------
  slack (VIOLATED)                                                 -52.22


  Startpoint: fifo_mem_reg_4__14_
               (rising edge-triggered flip-flop clocked by clk)
  Endpoint: fifo_mem_reg_4__14_
               (rising edge-triggered flip-flop clocked by clk)
  Path Group: clk
  Path Type: min

  Point                                                   Incr       Path
  ------------------------------------------------------------------------------
  clock clk (rise edge)                                   0.00       0.00
  clock network delay (ideal)                             0.00       0.00
  fifo_mem_reg_4__14_/CLK (DFFHQNx1_ASAP7_75t_R)          0.00       0.00 r
  fifo_mem_reg_4__14_/QN (DFFHQNx1_ASAP7_75t_R)          48.61      48.61 r
  U604/Y (AOI22xp33_ASAP7_75t_R)                         12.48      61.09 f
  fifo_mem_reg_4__14_/D (DFFHQNx1_ASAP7_75t_R)            0.00      61.09 f
  data arrival time                                                 61.09

  clock clk (rise edge)                                   0.00       0.00
  clock network delay (ideal)                             0.00       0.00
  fifo_mem_reg_4__14_/CLK (DFFHQNx1_ASAP7_75t_R)                     0.00 r
  clock reconvergence pessimism                           0.00       0.00
  clock uncertainty                                     100.00     100.00
  library hold time                                      13.31     113.31
  data required time                                               113.31
  ------------------------------------------------------------------------------
  data required time                                               113.31
  data arrival time                                                -61.09
  ------------------------------------------------------------------------------
  slack (VIOLATED)                                                 -52.22


  Startpoint: fifo_mem_reg_4__13_
               (rising edge-triggered flip-flop clocked by clk)
  Endpoint: fifo_mem_reg_4__13_
               (rising edge-triggered flip-flop clocked by clk)
  Path Group: clk
  Path Type: min

  Point                                                   Incr       Path
  ------------------------------------------------------------------------------
  clock clk (rise edge)                                   0.00       0.00
  clock network delay (ideal)                             0.00       0.00
  fifo_mem_reg_4__13_/CLK (DFFHQNx1_ASAP7_75t_R)          0.00       0.00 r
  fifo_mem_reg_4__13_/QN (DFFHQNx1_ASAP7_75t_R)          48.61      48.61 r
  U605/Y (AOI22xp33_ASAP7_75t_R)                         12.48      61.09 f
  fifo_mem_reg_4__13_/D (DFFHQNx1_ASAP7_75t_R)            0.00      61.09 f
  data arrival time                                                 61.09

  clock clk (rise edge)                                   0.00       0.00
  clock network delay (ideal)                             0.00       0.00
  fifo_mem_reg_4__13_/CLK (DFFHQNx1_ASAP7_75t_R)                     0.00 r
  clock reconvergence pessimism                           0.00       0.00
  clock uncertainty                                     100.00     100.00
  library hold time                                      13.31     113.31
  data required time                                               113.31
  ------------------------------------------------------------------------------
  data required time                                               113.31
  data arrival time                                                -61.09
  ------------------------------------------------------------------------------
  slack (VIOLATED)                                                 -52.22


  Startpoint: fifo_mem_reg_4__12_
               (rising edge-triggered flip-flop clocked by clk)
  Endpoint: fifo_mem_reg_4__12_
               (rising edge-triggered flip-flop clocked by clk)
  Path Group: clk
  Path Type: min

  Point                                                   Incr       Path
  ------------------------------------------------------------------------------
  clock clk (rise edge)                                   0.00       0.00
  clock network delay (ideal)                             0.00       0.00
  fifo_mem_reg_4__12_/CLK (DFFHQNx1_ASAP7_75t_R)          0.00       0.00 r
  fifo_mem_reg_4__12_/QN (DFFHQNx1_ASAP7_75t_R)          48.61      48.61 r
  U606/Y (AOI22xp33_ASAP7_75t_R)                         12.48      61.09 f
  fifo_mem_reg_4__12_/D (DFFHQNx1_ASAP7_75t_R)            0.00      61.09 f
  data arrival time                                                 61.09

  clock clk (rise edge)                                   0.00       0.00
  clock network delay (ideal)                             0.00       0.00
  fifo_mem_reg_4__12_/CLK (DFFHQNx1_ASAP7_75t_R)                     0.00 r
  clock reconvergence pessimism                           0.00       0.00
  clock uncertainty                                     100.00     100.00
  library hold time                                      13.31     113.31
  data required time                                               113.31
  ------------------------------------------------------------------------------
  data required time                                               113.31
  data arrival time                                                -61.09
  ------------------------------------------------------------------------------
  slack (VIOLATED)                                                 -52.22


  Startpoint: fifo_mem_reg_4__11_
               (rising edge-triggered flip-flop clocked by clk)
  Endpoint: fifo_mem_reg_4__11_
               (rising edge-triggered flip-flop clocked by clk)
  Path Group: clk
  Path Type: min

  Point                                                   Incr       Path
  ------------------------------------------------------------------------------
  clock clk (rise edge)                                   0.00       0.00
  clock network delay (ideal)                             0.00       0.00
  fifo_mem_reg_4__11_/CLK (DFFHQNx1_ASAP7_75t_R)          0.00       0.00 r
  fifo_mem_reg_4__11_/QN (DFFHQNx1_ASAP7_75t_R)          48.61      48.61 r
  U607/Y (AOI22xp33_ASAP7_75t_R)                         12.48      61.09 f
  fifo_mem_reg_4__11_/D (DFFHQNx1_ASAP7_75t_R)            0.00      61.09 f
  data arrival time                                                 61.09

  clock clk (rise edge)                                   0.00       0.00
  clock network delay (ideal)                             0.00       0.00
  fifo_mem_reg_4__11_/CLK (DFFHQNx1_ASAP7_75t_R)                     0.00 r
  clock reconvergence pessimism                           0.00       0.00
  clock uncertainty                                     100.00     100.00
  library hold time                                      13.31     113.31
  data required time                                               113.31
  ------------------------------------------------------------------------------
  data required time                                               113.31
  data arrival time                                                -61.09
  ------------------------------------------------------------------------------
  slack (VIOLATED)                                                 -52.22


  Startpoint: fifo_mem_reg_4__10_
               (rising edge-triggered flip-flop clocked by clk)
  Endpoint: fifo_mem_reg_4__10_
               (rising edge-triggered flip-flop clocked by clk)
  Path Group: clk
  Path Type: min

  Point                                                   Incr       Path
  ------------------------------------------------------------------------------
  clock clk (rise edge)                                   0.00       0.00
  clock network delay (ideal)                             0.00       0.00
  fifo_mem_reg_4__10_/CLK (DFFHQNx1_ASAP7_75t_R)          0.00       0.00 r
  fifo_mem_reg_4__10_/QN (DFFHQNx1_ASAP7_75t_R)          48.61      48.61 r
  U565/Y (AOI22xp33_ASAP7_75t_R)                         12.48      61.09 f
  fifo_mem_reg_4__10_/D (DFFHQNx1_ASAP7_75t_R)            0.00      61.09 f
  data arrival time                                                 61.09

  clock clk (rise edge)                                   0.00       0.00
  clock network delay (ideal)                             0.00       0.00
  fifo_mem_reg_4__10_/CLK (DFFHQNx1_ASAP7_75t_R)                     0.00 r
  clock reconvergence pessimism                           0.00       0.00
  clock uncertainty                                     100.00     100.00
  library hold time                                      13.31     113.31
  data required time                                               113.31
  ------------------------------------------------------------------------------
  data required time                                               113.31
  data arrival time                                                -61.09
  ------------------------------------------------------------------------------
  slack (VIOLATED)                                                 -52.22


  Startpoint: fifo_mem_reg_4__9_
               (rising edge-triggered flip-flop clocked by clk)
  Endpoint: fifo_mem_reg_4__9_
               (rising edge-triggered flip-flop clocked by clk)
  Path Group: clk
  Path Type: min

  Point                                                   Incr       Path
  ------------------------------------------------------------------------------
  clock clk (rise edge)                                   0.00       0.00
  clock network delay (ideal)                             0.00       0.00
  fifo_mem_reg_4__9_/CLK (DFFHQNx1_ASAP7_75t_R)           0.00       0.00 r
  fifo_mem_reg_4__9_/QN (DFFHQNx1_ASAP7_75t_R)           48.61      48.61 r
  U564/Y (AOI22xp33_ASAP7_75t_R)                         12.48      61.09 f
  fifo_mem_reg_4__9_/D (DFFHQNx1_ASAP7_75t_R)             0.00      61.09 f
  data arrival time                                                 61.09

  clock clk (rise edge)                                   0.00       0.00
  clock network delay (ideal)                             0.00       0.00
  fifo_mem_reg_4__9_/CLK (DFFHQNx1_ASAP7_75t_R)                      0.00 r
  clock reconvergence pessimism                           0.00       0.00
  clock uncertainty                                     100.00     100.00
  library hold time                                      13.31     113.31
  data required time                                               113.31
  ------------------------------------------------------------------------------
  data required time                                               113.31
  data arrival time                                                -61.09
  ------------------------------------------------------------------------------
  slack (VIOLATED)                                                 -52.22


  Startpoint: fifo_mem_reg_4__8_
               (rising edge-triggered flip-flop clocked by clk)
  Endpoint: fifo_mem_reg_4__8_
               (rising edge-triggered flip-flop clocked by clk)
  Path Group: clk
  Path Type: min

  Point                                                   Incr       Path
  ------------------------------------------------------------------------------
  clock clk (rise edge)                                   0.00       0.00
  clock network delay (ideal)                             0.00       0.00
  fifo_mem_reg_4__8_/CLK (DFFHQNx1_ASAP7_75t_R)           0.00       0.00 r
  fifo_mem_reg_4__8_/QN (DFFHQNx1_ASAP7_75t_R)           48.61      48.61 r
  U563/Y (AOI22xp33_ASAP7_75t_R)                         12.48      61.09 f
  fifo_mem_reg_4__8_/D (DFFHQNx1_ASAP7_75t_R)             0.00      61.09 f
  data arrival time                                                 61.09

  clock clk (rise edge)                                   0.00       0.00
  clock network delay (ideal)                             0.00       0.00
  fifo_mem_reg_4__8_/CLK (DFFHQNx1_ASAP7_75t_R)                      0.00 r
  clock reconvergence pessimism                           0.00       0.00
  clock uncertainty                                     100.00     100.00
  library hold time                                      13.31     113.31
  data required time                                               113.31
  ------------------------------------------------------------------------------
  data required time                                               113.31
  data arrival time                                                -61.09
  ------------------------------------------------------------------------------
  slack (VIOLATED)                                                 -52.22


  Startpoint: fifo_mem_reg_4__7_
               (rising edge-triggered flip-flop clocked by clk)
  Endpoint: fifo_mem_reg_4__7_
               (rising edge-triggered flip-flop clocked by clk)
  Path Group: clk
  Path Type: min

  Point                                                   Incr       Path
  ------------------------------------------------------------------------------
  clock clk (rise edge)                                   0.00       0.00
  clock network delay (ideal)                             0.00       0.00
  fifo_mem_reg_4__7_/CLK (DFFHQNx1_ASAP7_75t_R)           0.00       0.00 r
  fifo_mem_reg_4__7_/QN (DFFHQNx1_ASAP7_75t_R)           48.61      48.61 r
  U562/Y (AOI22xp33_ASAP7_75t_R)                         12.48      61.09 f
  fifo_mem_reg_4__7_/D (DFFHQNx1_ASAP7_75t_R)             0.00      61.09 f
  data arrival time                                                 61.09

  clock clk (rise edge)                                   0.00       0.00
  clock network delay (ideal)                             0.00       0.00
  fifo_mem_reg_4__7_/CLK (DFFHQNx1_ASAP7_75t_R)                      0.00 r
  clock reconvergence pessimism                           0.00       0.00
  clock uncertainty                                     100.00     100.00
  library hold time                                      13.31     113.31
  data required time                                               113.31
  ------------------------------------------------------------------------------
  data required time                                               113.31
  data arrival time                                                -61.09
  ------------------------------------------------------------------------------
  slack (VIOLATED)                                                 -52.22


  Startpoint: fifo_mem_reg_4__6_
               (rising edge-triggered flip-flop clocked by clk)
  Endpoint: fifo_mem_reg_4__6_
               (rising edge-triggered flip-flop clocked by clk)
  Path Group: clk
  Path Type: min

  Point                                                   Incr       Path
  ------------------------------------------------------------------------------
  clock clk (rise edge)                                   0.00       0.00
  clock network delay (ideal)                             0.00       0.00
  fifo_mem_reg_4__6_/CLK (DFFHQNx1_ASAP7_75t_R)           0.00       0.00 r
  fifo_mem_reg_4__6_/QN (DFFHQNx1_ASAP7_75t_R)           48.61      48.61 r
  U561/Y (AOI22xp33_ASAP7_75t_R)                         12.48      61.09 f
  fifo_mem_reg_4__6_/D (DFFHQNx1_ASAP7_75t_R)             0.00      61.09 f
  data arrival time                                                 61.09

  clock clk (rise edge)                                   0.00       0.00
  clock network delay (ideal)                             0.00       0.00
  fifo_mem_reg_4__6_/CLK (DFFHQNx1_ASAP7_75t_R)                      0.00 r
  clock reconvergence pessimism                           0.00       0.00
  clock uncertainty                                     100.00     100.00
  library hold time                                      13.31     113.31
  data required time                                               113.31
  ------------------------------------------------------------------------------
  data required time                                               113.31
  data arrival time                                                -61.09
  ------------------------------------------------------------------------------
  slack (VIOLATED)                                                 -52.22


  Startpoint: fifo_mem_reg_4__5_
               (rising edge-triggered flip-flop clocked by clk)
  Endpoint: fifo_mem_reg_4__5_
               (rising edge-triggered flip-flop clocked by clk)
  Path Group: clk
  Path Type: min

  Point                                                   Incr       Path
  ------------------------------------------------------------------------------
  clock clk (rise edge)                                   0.00       0.00
  clock network delay (ideal)                             0.00       0.00
  fifo_mem_reg_4__5_/CLK (DFFHQNx1_ASAP7_75t_R)           0.00       0.00 r
  fifo_mem_reg_4__5_/QN (DFFHQNx1_ASAP7_75t_R)           48.61      48.61 r
  U560/Y (AOI22xp33_ASAP7_75t_R)                         12.48      61.09 f
  fifo_mem_reg_4__5_/D (DFFHQNx1_ASAP7_75t_R)             0.00      61.09 f
  data arrival time                                                 61.09

  clock clk (rise edge)                                   0.00       0.00
  clock network delay (ideal)                             0.00       0.00
  fifo_mem_reg_4__5_/CLK (DFFHQNx1_ASAP7_75t_R)                      0.00 r
  clock reconvergence pessimism                           0.00       0.00
  clock uncertainty                                     100.00     100.00
  library hold time                                      13.31     113.31
  data required time                                               113.31
  ------------------------------------------------------------------------------
  data required time                                               113.31
  data arrival time                                                -61.09
  ------------------------------------------------------------------------------
  slack (VIOLATED)                                                 -52.22


  Startpoint: fifo_mem_reg_4__4_
               (rising edge-triggered flip-flop clocked by clk)
  Endpoint: fifo_mem_reg_4__4_
               (rising edge-triggered flip-flop clocked by clk)
  Path Group: clk
  Path Type: min

  Point                                                   Incr       Path
  ------------------------------------------------------------------------------
  clock clk (rise edge)                                   0.00       0.00
  clock network delay (ideal)                             0.00       0.00
  fifo_mem_reg_4__4_/CLK (DFFHQNx1_ASAP7_75t_R)           0.00       0.00 r
  fifo_mem_reg_4__4_/QN (DFFHQNx1_ASAP7_75t_R)           48.61      48.61 r
  U559/Y (AOI22xp33_ASAP7_75t_R)                         12.48      61.09 f
  fifo_mem_reg_4__4_/D (DFFHQNx1_ASAP7_75t_R)             0.00      61.09 f
  data arrival time                                                 61.09

  clock clk (rise edge)                                   0.00       0.00
  clock network delay (ideal)                             0.00       0.00
  fifo_mem_reg_4__4_/CLK (DFFHQNx1_ASAP7_75t_R)                      0.00 r
  clock reconvergence pessimism                           0.00       0.00
  clock uncertainty                                     100.00     100.00
  library hold time                                      13.31     113.31
  data required time                                               113.31
  ------------------------------------------------------------------------------
  data required time                                               113.31
  data arrival time                                                -61.09
  ------------------------------------------------------------------------------
  slack (VIOLATED)                                                 -52.22


  Startpoint: fifo_mem_reg_4__3_
               (rising edge-triggered flip-flop clocked by clk)
  Endpoint: fifo_mem_reg_4__3_
               (rising edge-triggered flip-flop clocked by clk)
  Path Group: clk
  Path Type: min

  Point                                                   Incr       Path
  ------------------------------------------------------------------------------
  clock clk (rise edge)                                   0.00       0.00
  clock network delay (ideal)                             0.00       0.00
  fifo_mem_reg_4__3_/CLK (DFFHQNx1_ASAP7_75t_R)           0.00       0.00 r
  fifo_mem_reg_4__3_/QN (DFFHQNx1_ASAP7_75t_R)           48.61      48.61 r
  U558/Y (AOI22xp33_ASAP7_75t_R)                         12.48      61.09 f
  fifo_mem_reg_4__3_/D (DFFHQNx1_ASAP7_75t_R)             0.00      61.09 f
  data arrival time                                                 61.09

  clock clk (rise edge)                                   0.00       0.00
  clock network delay (ideal)                             0.00       0.00
  fifo_mem_reg_4__3_/CLK (DFFHQNx1_ASAP7_75t_R)                      0.00 r
  clock reconvergence pessimism                           0.00       0.00
  clock uncertainty                                     100.00     100.00
  library hold time                                      13.31     113.31
  data required time                                               113.31
  ------------------------------------------------------------------------------
  data required time                                               113.31
  data arrival time                                                -61.09
  ------------------------------------------------------------------------------
  slack (VIOLATED)                                                 -52.22


  Startpoint: fifo_mem_reg_4__2_
               (rising edge-triggered flip-flop clocked by clk)
  Endpoint: fifo_mem_reg_4__2_
               (rising edge-triggered flip-flop clocked by clk)
  Path Group: clk
  Path Type: min

  Point                                                   Incr       Path
  ------------------------------------------------------------------------------
  clock clk (rise edge)                                   0.00       0.00
  clock network delay (ideal)                             0.00       0.00
  fifo_mem_reg_4__2_/CLK (DFFHQNx1_ASAP7_75t_R)           0.00       0.00 r
  fifo_mem_reg_4__2_/QN (DFFHQNx1_ASAP7_75t_R)           48.61      48.61 r
  U557/Y (AOI22xp33_ASAP7_75t_R)                         12.48      61.09 f
  fifo_mem_reg_4__2_/D (DFFHQNx1_ASAP7_75t_R)             0.00      61.09 f
  data arrival time                                                 61.09

  clock clk (rise edge)                                   0.00       0.00
  clock network delay (ideal)                             0.00       0.00
  fifo_mem_reg_4__2_/CLK (DFFHQNx1_ASAP7_75t_R)                      0.00 r
  clock reconvergence pessimism                           0.00       0.00
  clock uncertainty                                     100.00     100.00
  library hold time                                      13.31     113.31
  data required time                                               113.31
  ------------------------------------------------------------------------------
  data required time                                               113.31
  data arrival time                                                -61.09
  ------------------------------------------------------------------------------
  slack (VIOLATED)                                                 -52.22


  Startpoint: fifo_mem_reg_4__1_
               (rising edge-triggered flip-flop clocked by clk)
  Endpoint: fifo_mem_reg_4__1_
               (rising edge-triggered flip-flop clocked by clk)
  Path Group: clk
  Path Type: min

  Point                                                   Incr       Path
  ------------------------------------------------------------------------------
  clock clk (rise edge)                                   0.00       0.00
  clock network delay (ideal)                             0.00       0.00
  fifo_mem_reg_4__1_/CLK (DFFHQNx1_ASAP7_75t_R)           0.00       0.00 r
  fifo_mem_reg_4__1_/QN (DFFHQNx1_ASAP7_75t_R)           48.61      48.61 r
  U556/Y (AOI22xp33_ASAP7_75t_R)                         12.48      61.09 f
  fifo_mem_reg_4__1_/D (DFFHQNx1_ASAP7_75t_R)             0.00      61.09 f
  data arrival time                                                 61.09

  clock clk (rise edge)                                   0.00       0.00
  clock network delay (ideal)                             0.00       0.00
  fifo_mem_reg_4__1_/CLK (DFFHQNx1_ASAP7_75t_R)                      0.00 r
  clock reconvergence pessimism                           0.00       0.00
  clock uncertainty                                     100.00     100.00
  library hold time                                      13.31     113.31
  data required time                                               113.31
  ------------------------------------------------------------------------------
  data required time                                               113.31
  data arrival time                                                -61.09
  ------------------------------------------------------------------------------
  slack (VIOLATED)                                                 -52.22


  Startpoint: fifo_mem_reg_4__0_
               (rising edge-triggered flip-flop clocked by clk)
  Endpoint: fifo_mem_reg_4__0_
               (rising edge-triggered flip-flop clocked by clk)
  Path Group: clk
  Path Type: min

  Point                                                   Incr       Path
  ------------------------------------------------------------------------------
  clock clk (rise edge)                                   0.00       0.00
  clock network delay (ideal)                             0.00       0.00
  fifo_mem_reg_4__0_/CLK (DFFHQNx1_ASAP7_75t_R)           0.00       0.00 r
  fifo_mem_reg_4__0_/QN (DFFHQNx1_ASAP7_75t_R)           48.61      48.61 r
  U555/Y (AOI22xp33_ASAP7_75t_R)                         12.48      61.09 f
  fifo_mem_reg_4__0_/D (DFFHQNx1_ASAP7_75t_R)             0.00      61.09 f
  data arrival time                                                 61.09

  clock clk (rise edge)                                   0.00       0.00
  clock network delay (ideal)                             0.00       0.00
  fifo_mem_reg_4__0_/CLK (DFFHQNx1_ASAP7_75t_R)                      0.00 r
  clock reconvergence pessimism                           0.00       0.00
  clock uncertainty                                     100.00     100.00
  library hold time                                      13.31     113.31
  data required time                                               113.31
  ------------------------------------------------------------------------------
  data required time                                               113.31
  data arrival time                                                -61.09
  ------------------------------------------------------------------------------
  slack (VIOLATED)                                                 -52.22


  Startpoint: fifo_mem_reg_5__22_
               (rising edge-triggered flip-flop clocked by clk)
  Endpoint: fifo_mem_reg_5__22_
               (rising edge-triggered flip-flop clocked by clk)
  Path Group: clk
  Path Type: min

  Point                                                   Incr       Path
  ------------------------------------------------------------------------------
  clock clk (rise edge)                                   0.00       0.00
  clock network delay (ideal)                             0.00       0.00
  fifo_mem_reg_5__22_/CLK (DFFHQNx1_ASAP7_75t_R)          0.00       0.00 r
  fifo_mem_reg_5__22_/QN (DFFHQNx1_ASAP7_75t_R)          48.73      48.73 r
  U518/Y (AOI22xp33_ASAP7_75t_R)                         12.51      61.24 f
  fifo_mem_reg_5__22_/D (DFFHQNx1_ASAP7_75t_R)            0.00      61.24 f
  data arrival time                                                 61.24

  clock clk (rise edge)                                   0.00       0.00
  clock network delay (ideal)                             0.00       0.00
  fifo_mem_reg_5__22_/CLK (DFFHQNx1_ASAP7_75t_R)                     0.00 r
  clock reconvergence pessimism                           0.00       0.00
  clock uncertainty                                     100.00     100.00
  library hold time                                      13.30     113.30
  data required time                                               113.30
  ------------------------------------------------------------------------------
  data required time                                               113.30
  data arrival time                                                -61.24
  ------------------------------------------------------------------------------
  slack (VIOLATED)                                                 -52.06


  Startpoint: fifo_mem_reg_2__22_
               (rising edge-triggered flip-flop clocked by clk)
  Endpoint: fifo_mem_reg_2__22_
               (rising edge-triggered flip-flop clocked by clk)
  Path Group: clk
  Path Type: min

  Point                                                   Incr       Path
  ------------------------------------------------------------------------------
  clock clk (rise edge)                                   0.00       0.00
  clock network delay (ideal)                             0.00       0.00
  fifo_mem_reg_2__22_/CLK (DFFHQNx1_ASAP7_75t_R)          0.00       0.00 r
  fifo_mem_reg_2__22_/QN (DFFHQNx1_ASAP7_75t_R)          48.73      48.73 r
  U602/Y (AOI22xp33_ASAP7_75t_R)                         12.51      61.24 f
  fifo_mem_reg_2__22_/D (DFFHQNx1_ASAP7_75t_R)            0.00      61.24 f
  data arrival time                                                 61.24

  clock clk (rise edge)                                   0.00       0.00
  clock network delay (ideal)                             0.00       0.00
  fifo_mem_reg_2__22_/CLK (DFFHQNx1_ASAP7_75t_R)                     0.00 r
  clock reconvergence pessimism                           0.00       0.00
  clock uncertainty                                     100.00     100.00
  library hold time                                      13.30     113.30
  data required time                                               113.30
  ------------------------------------------------------------------------------
  data required time                                               113.30
  data arrival time                                                -61.24
  ------------------------------------------------------------------------------
  slack (VIOLATED)                                                 -52.06


  Startpoint: fifo_mem_reg_6__22_
               (rising edge-triggered flip-flop clocked by clk)
  Endpoint: fifo_mem_reg_6__22_
               (rising edge-triggered flip-flop clocked by clk)
  Path Group: clk
  Path Type: min

  Point                                                   Incr       Path
  ------------------------------------------------------------------------------
  clock clk (rise edge)                                   0.00       0.00
  clock network delay (ideal)                             0.00       0.00
  fifo_mem_reg_6__22_/CLK (DFFHQNx1_ASAP7_75t_R)          0.00       0.00 r
  fifo_mem_reg_6__22_/QN (DFFHQNx1_ASAP7_75t_R)          48.73      48.73 r
  U614/Y (AOI22xp33_ASAP7_75t_R)                         12.51      61.24 f
  fifo_mem_reg_6__22_/D (DFFHQNx1_ASAP7_75t_R)            0.00      61.24 f
  data arrival time                                                 61.24

  clock clk (rise edge)                                   0.00       0.00
  clock network delay (ideal)                             0.00       0.00
  fifo_mem_reg_6__22_/CLK (DFFHQNx1_ASAP7_75t_R)                     0.00 r
  clock reconvergence pessimism                           0.00       0.00
  clock uncertainty                                     100.00     100.00
  library hold time                                      13.30     113.30
  data required time                                               113.30
  ------------------------------------------------------------------------------
  data required time                                               113.30
  data arrival time                                                -61.24
  ------------------------------------------------------------------------------
  slack (VIOLATED)                                                 -52.06


  Startpoint: fifo_mem_reg_7__22_
               (rising edge-triggered flip-flop clocked by clk)
  Endpoint: fifo_mem_reg_7__22_
               (rising edge-triggered flip-flop clocked by clk)
  Path Group: clk
  Path Type: min

  Point                                                   Incr       Path
  ------------------------------------------------------------------------------
  clock clk (rise edge)                                   0.00       0.00
  clock network delay (ideal)                             0.00       0.00
  fifo_mem_reg_7__22_/CLK (DFFHQNx1_ASAP7_75t_R)          0.00       0.00 r
  fifo_mem_reg_7__22_/QN (DFFHQNx1_ASAP7_75t_R)          48.73      48.73 r
  U640/Y (AOI22xp33_ASAP7_75t_R)                         12.51      61.24 f
  fifo_mem_reg_7__22_/D (DFFHQNx1_ASAP7_75t_R)            0.00      61.24 f
  data arrival time                                                 61.24

  clock clk (rise edge)                                   0.00       0.00
  clock network delay (ideal)                             0.00       0.00
  fifo_mem_reg_7__22_/CLK (DFFHQNx1_ASAP7_75t_R)                     0.00 r
  clock reconvergence pessimism                           0.00       0.00
  clock uncertainty                                     100.00     100.00
  library hold time                                      13.30     113.30
  data required time                                               113.30
  ------------------------------------------------------------------------------
  data required time                                               113.30
  data arrival time                                                -61.24
  ------------------------------------------------------------------------------
  slack (VIOLATED)                                                 -52.06


  Startpoint: fifo_mem_reg_1__22_
               (rising edge-triggered flip-flop clocked by clk)
  Endpoint: fifo_mem_reg_1__22_
               (rising edge-triggered flip-flop clocked by clk)
  Path Group: clk
  Path Type: min

  Point                                                   Incr       Path
  ------------------------------------------------------------------------------
  clock clk (rise edge)                                   0.00       0.00
  clock network delay (ideal)                             0.00       0.00
  fifo_mem_reg_1__22_/CLK (DFFHQNx1_ASAP7_75t_R)          0.00       0.00 r
  fifo_mem_reg_1__22_/QN (DFFHQNx1_ASAP7_75t_R)          48.82      48.82 r
  U514/Y (AOI22xp33_ASAP7_75t_R)                         12.53      61.36 f
  fifo_mem_reg_1__22_/D (DFFHQNx1_ASAP7_75t_R)            0.00      61.36 f
  data arrival time                                                 61.36

  clock clk (rise edge)                                   0.00       0.00
  clock network delay (ideal)                             0.00       0.00
  fifo_mem_reg_1__22_/CLK (DFFHQNx1_ASAP7_75t_R)                     0.00 r
  clock reconvergence pessimism                           0.00       0.00
  clock uncertainty                                     100.00     100.00
  library hold time                                      13.29     113.29
  data required time                                               113.29
  ------------------------------------------------------------------------------
  data required time                                               113.29
  data arrival time                                                -61.36
  ------------------------------------------------------------------------------
  slack (VIOLATED)                                                 -51.93


  Startpoint: fifo_mem_reg_0__22_
               (rising edge-triggered flip-flop clocked by clk)
  Endpoint: fifo_mem_reg_0__22_
               (rising edge-triggered flip-flop clocked by clk)
  Path Group: clk
  Path Type: min

  Point                                                   Incr       Path
  ------------------------------------------------------------------------------
  clock clk (rise edge)                                   0.00       0.00
  clock network delay (ideal)                             0.00       0.00
  fifo_mem_reg_0__22_/CLK (DFFHQNx1_ASAP7_75t_R)          0.00       0.00 r
  fifo_mem_reg_0__22_/QN (DFFHQNx1_ASAP7_75t_R)          48.82      48.82 r
  U591/Y (AOI22xp33_ASAP7_75t_R)                         12.53      61.36 f
  fifo_mem_reg_0__22_/D (DFFHQNx1_ASAP7_75t_R)            0.00      61.36 f
  data arrival time                                                 61.36

  clock clk (rise edge)                                   0.00       0.00
  clock network delay (ideal)                             0.00       0.00
  fifo_mem_reg_0__22_/CLK (DFFHQNx1_ASAP7_75t_R)                     0.00 r
  clock reconvergence pessimism                           0.00       0.00
  clock uncertainty                                     100.00     100.00
  library hold time                                      13.29     113.29
  data required time                                               113.29
  ------------------------------------------------------------------------------
  data required time                                               113.29
  data arrival time                                                -61.36
  ------------------------------------------------------------------------------
  slack (VIOLATED)                                                 -51.93


  Startpoint: fifo_mem_reg_3__22_
               (rising edge-triggered flip-flop clocked by clk)
  Endpoint: fifo_mem_reg_3__22_
               (rising edge-triggered flip-flop clocked by clk)
  Path Group: clk
  Path Type: min

  Point                                                   Incr       Path
  ------------------------------------------------------------------------------
  clock clk (rise edge)                                   0.00       0.00
  clock network delay (ideal)                             0.00       0.00
  fifo_mem_reg_3__22_/CLK (DFFHQNx1_ASAP7_75t_R)          0.00       0.00 r
  fifo_mem_reg_3__22_/QN (DFFHQNx1_ASAP7_75t_R)          48.82      48.82 r
  U479/Y (AOI22xp33_ASAP7_75t_R)                         12.53      61.36 f
  fifo_mem_reg_3__22_/D (DFFHQNx1_ASAP7_75t_R)            0.00      61.36 f
  data arrival time                                                 61.36

  clock clk (rise edge)                                   0.00       0.00
  clock network delay (ideal)                             0.00       0.00
  fifo_mem_reg_3__22_/CLK (DFFHQNx1_ASAP7_75t_R)                     0.00 r
  clock reconvergence pessimism                           0.00       0.00
  clock uncertainty                                     100.00     100.00
  library hold time                                      13.29     113.29
  data required time                                               113.29
  ------------------------------------------------------------------------------
  data required time                                               113.29
  data arrival time                                                -61.36
  ------------------------------------------------------------------------------
  slack (VIOLATED)                                                 -51.93


  Startpoint: fifo_mem_reg_4__22_
               (rising edge-triggered flip-flop clocked by clk)
  Endpoint: fifo_mem_reg_4__22_
               (rising edge-triggered flip-flop clocked by clk)
  Path Group: clk
  Path Type: min

  Point                                                   Incr       Path
  ------------------------------------------------------------------------------
  clock clk (rise edge)                                   0.00       0.00
  clock network delay (ideal)                             0.00       0.00
  fifo_mem_reg_4__22_/CLK (DFFHQNx1_ASAP7_75t_R)          0.00       0.00 r
  fifo_mem_reg_4__22_/QN (DFFHQNx1_ASAP7_75t_R)          48.82      48.82 r
  U589/Y (AOI22xp33_ASAP7_75t_R)                         12.53      61.36 f
  fifo_mem_reg_4__22_/D (DFFHQNx1_ASAP7_75t_R)            0.00      61.36 f
  data arrival time                                                 61.36

  clock clk (rise edge)                                   0.00       0.00
  clock network delay (ideal)                             0.00       0.00
  fifo_mem_reg_4__22_/CLK (DFFHQNx1_ASAP7_75t_R)                     0.00 r
  clock reconvergence pessimism                           0.00       0.00
  clock uncertainty                                     100.00     100.00
  library hold time                                      13.29     113.29
  data required time                                               113.29
  ------------------------------------------------------------------------------
  data required time                                               113.29
  data arrival time                                                -61.36
  ------------------------------------------------------------------------------
  slack (VIOLATED)                                                 -51.93


  Startpoint: read_data_q_reg_22_
               (rising edge-triggered flip-flop clocked by clk)
  Endpoint: read_data_q_reg_22_
               (rising edge-triggered flip-flop clocked by clk)
  Path Group: clk
  Path Type: min

  Point                                                   Incr       Path
  ------------------------------------------------------------------------------
  clock clk (rise edge)                                   0.00       0.00
  clock network delay (ideal)                             0.00       0.00
  read_data_q_reg_22_/CLK (ASYNC_DFFHx1_ASAP7_75t_R)      0.00       0.00 r
  read_data_q_reg_22_/QN (ASYNC_DFFHx1_ASAP7_75t_R)      53.10      53.10 r
  U688/Y (OAI211xp5_ASAP7_75t_R)                         13.35      66.46 f
  read_data_q_reg_22_/D (ASYNC_DFFHx1_ASAP7_75t_R)        0.00      66.46 f
  data arrival time                                                 66.46

  clock clk (rise edge)                                   0.00       0.00
  clock network delay (ideal)                             0.00       0.00
  read_data_q_reg_22_/CLK (ASYNC_DFFHx1_ASAP7_75t_R)                 0.00 r
  clock reconvergence pessimism                           0.00       0.00
  clock uncertainty                                     100.00     100.00
  library hold time                                       6.50     106.50
  data required time                                               106.50
  ------------------------------------------------------------------------------
  data required time                                               106.50
  data arrival time                                                -66.46
  ------------------------------------------------------------------------------
  slack (VIOLATED)                                                 -40.04


  Startpoint: read_data_q_reg_21_
               (rising edge-triggered flip-flop clocked by clk)
  Endpoint: read_data_q_reg_21_
               (rising edge-triggered flip-flop clocked by clk)
  Path Group: clk
  Path Type: min

  Point                                                   Incr       Path
  ------------------------------------------------------------------------------
  clock clk (rise edge)                                   0.00       0.00
  clock network delay (ideal)                             0.00       0.00
  read_data_q_reg_21_/CLK (ASYNC_DFFHx1_ASAP7_75t_R)      0.00       0.00 r
  read_data_q_reg_21_/QN (ASYNC_DFFHx1_ASAP7_75t_R)      53.10      53.10 r
  U694/Y (OAI211xp5_ASAP7_75t_R)                         13.35      66.46 f
  read_data_q_reg_21_/D (ASYNC_DFFHx1_ASAP7_75t_R)        0.00      66.46 f
  data arrival time                                                 66.46

  clock clk (rise edge)                                   0.00       0.00
  clock network delay (ideal)                             0.00       0.00
  read_data_q_reg_21_/CLK (ASYNC_DFFHx1_ASAP7_75t_R)                 0.00 r
  clock reconvergence pessimism                           0.00       0.00
  clock uncertainty                                     100.00     100.00
  library hold time                                       6.50     106.50
  data required time                                               106.50
  ------------------------------------------------------------------------------
  data required time                                               106.50
  data arrival time                                                -66.46
  ------------------------------------------------------------------------------
  slack (VIOLATED)                                                 -40.04


  Startpoint: read_data_q_reg_20_
               (rising edge-triggered flip-flop clocked by clk)
  Endpoint: read_data_q_reg_20_
               (rising edge-triggered flip-flop clocked by clk)
  Path Group: clk
  Path Type: min

  Point                                                   Incr       Path
  ------------------------------------------------------------------------------
  clock clk (rise edge)                                   0.00       0.00
  clock network delay (ideal)                             0.00       0.00
  read_data_q_reg_20_/CLK (ASYNC_DFFHx1_ASAP7_75t_R)      0.00       0.00 r
  read_data_q_reg_20_/QN (ASYNC_DFFHx1_ASAP7_75t_R)      53.10      53.10 r
  U700/Y (OAI211xp5_ASAP7_75t_R)                         13.35      66.46 f
  read_data_q_reg_20_/D (ASYNC_DFFHx1_ASAP7_75t_R)        0.00      66.46 f
  data arrival time                                                 66.46

  clock clk (rise edge)                                   0.00       0.00
  clock network delay (ideal)                             0.00       0.00
  read_data_q_reg_20_/CLK (ASYNC_DFFHx1_ASAP7_75t_R)                 0.00 r
  clock reconvergence pessimism                           0.00       0.00
  clock uncertainty                                     100.00     100.00
  library hold time                                       6.50     106.50
  data required time                                               106.50
  ------------------------------------------------------------------------------
  data required time                                               106.50
  data arrival time                                                -66.46
  ------------------------------------------------------------------------------
  slack (VIOLATED)                                                 -40.04


  Startpoint: read_data_q_reg_19_
               (rising edge-triggered flip-flop clocked by clk)
  Endpoint: read_data_q_reg_19_
               (rising edge-triggered flip-flop clocked by clk)
  Path Group: clk
  Path Type: min

  Point                                                   Incr       Path
  ------------------------------------------------------------------------------
  clock clk (rise edge)                                   0.00       0.00
  clock network delay (ideal)                             0.00       0.00
  read_data_q_reg_19_/CLK (ASYNC_DFFHx1_ASAP7_75t_R)      0.00       0.00 r
  read_data_q_reg_19_/QN (ASYNC_DFFHx1_ASAP7_75t_R)      53.10      53.10 r
  U706/Y (OAI211xp5_ASAP7_75t_R)                         13.35      66.46 f
  read_data_q_reg_19_/D (ASYNC_DFFHx1_ASAP7_75t_R)        0.00      66.46 f
  data arrival time                                                 66.46

  clock clk (rise edge)                                   0.00       0.00
  clock network delay (ideal)                             0.00       0.00
  read_data_q_reg_19_/CLK (ASYNC_DFFHx1_ASAP7_75t_R)                 0.00 r
  clock reconvergence pessimism                           0.00       0.00
  clock uncertainty                                     100.00     100.00
  library hold time                                       6.50     106.50
  data required time                                               106.50
  ------------------------------------------------------------------------------
  data required time                                               106.50
  data arrival time                                                -66.46
  ------------------------------------------------------------------------------
  slack (VIOLATED)                                                 -40.04


  Startpoint: read_data_q_reg_18_
               (rising edge-triggered flip-flop clocked by clk)
  Endpoint: read_data_q_reg_18_
               (rising edge-triggered flip-flop clocked by clk)
  Path Group: clk
  Path Type: min

  Point                                                   Incr       Path
  ------------------------------------------------------------------------------
  clock clk (rise edge)                                   0.00       0.00
  clock network delay (ideal)                             0.00       0.00
  read_data_q_reg_18_/CLK (ASYNC_DFFHx1_ASAP7_75t_R)      0.00       0.00 r
  read_data_q_reg_18_/QN (ASYNC_DFFHx1_ASAP7_75t_R)      53.10      53.10 r
  U712/Y (OAI211xp5_ASAP7_75t_R)                         13.35      66.46 f
  read_data_q_reg_18_/D (ASYNC_DFFHx1_ASAP7_75t_R)        0.00      66.46 f
  data arrival time                                                 66.46

  clock clk (rise edge)                                   0.00       0.00
  clock network delay (ideal)                             0.00       0.00
  read_data_q_reg_18_/CLK (ASYNC_DFFHx1_ASAP7_75t_R)                 0.00 r
  clock reconvergence pessimism                           0.00       0.00
  clock uncertainty                                     100.00     100.00
  library hold time                                       6.50     106.50
  data required time                                               106.50
  ------------------------------------------------------------------------------
  data required time                                               106.50
  data arrival time                                                -66.46
  ------------------------------------------------------------------------------
  slack (VIOLATED)                                                 -40.04


  Startpoint: read_data_q_reg_17_
               (rising edge-triggered flip-flop clocked by clk)
  Endpoint: read_data_q_reg_17_
               (rising edge-triggered flip-flop clocked by clk)
  Path Group: clk
  Path Type: min

  Point                                                   Incr       Path
  ------------------------------------------------------------------------------
  clock clk (rise edge)                                   0.00       0.00
  clock network delay (ideal)                             0.00       0.00
  read_data_q_reg_17_/CLK (ASYNC_DFFHx1_ASAP7_75t_R)      0.00       0.00 r
  read_data_q_reg_17_/QN (ASYNC_DFFHx1_ASAP7_75t_R)      53.10      53.10 r
  U718/Y (OAI211xp5_ASAP7_75t_R)                         13.35      66.46 f
  read_data_q_reg_17_/D (ASYNC_DFFHx1_ASAP7_75t_R)        0.00      66.46 f
  data arrival time                                                 66.46

  clock clk (rise edge)                                   0.00       0.00
  clock network delay (ideal)                             0.00       0.00
  read_data_q_reg_17_/CLK (ASYNC_DFFHx1_ASAP7_75t_R)                 0.00 r
  clock reconvergence pessimism                           0.00       0.00
  clock uncertainty                                     100.00     100.00
  library hold time                                       6.50     106.50
  data required time                                               106.50
  ------------------------------------------------------------------------------
  data required time                                               106.50
  data arrival time                                                -66.46
  ------------------------------------------------------------------------------
  slack (VIOLATED)                                                 -40.04


  Startpoint: read_data_q_reg_16_
               (rising edge-triggered flip-flop clocked by clk)
  Endpoint: read_data_q_reg_16_
               (rising edge-triggered flip-flop clocked by clk)
  Path Group: clk
  Path Type: min

  Point                                                   Incr       Path
  ------------------------------------------------------------------------------
  clock clk (rise edge)                                   0.00       0.00
  clock network delay (ideal)                             0.00       0.00
  read_data_q_reg_16_/CLK (ASYNC_DFFHx1_ASAP7_75t_R)      0.00       0.00 r
  read_data_q_reg_16_/QN (ASYNC_DFFHx1_ASAP7_75t_R)      53.10      53.10 r
  U724/Y (OAI211xp5_ASAP7_75t_R)                         13.35      66.46 f
  read_data_q_reg_16_/D (ASYNC_DFFHx1_ASAP7_75t_R)        0.00      66.46 f
  data arrival time                                                 66.46

  clock clk (rise edge)                                   0.00       0.00
  clock network delay (ideal)                             0.00       0.00
  read_data_q_reg_16_/CLK (ASYNC_DFFHx1_ASAP7_75t_R)                 0.00 r
  clock reconvergence pessimism                           0.00       0.00
  clock uncertainty                                     100.00     100.00
  library hold time                                       6.50     106.50
  data required time                                               106.50
  ------------------------------------------------------------------------------
  data required time                                               106.50
  data arrival time                                                -66.46
  ------------------------------------------------------------------------------
  slack (VIOLATED)                                                 -40.04


  Startpoint: read_data_q_reg_15_
               (rising edge-triggered flip-flop clocked by clk)
  Endpoint: read_data_q_reg_15_
               (rising edge-triggered flip-flop clocked by clk)
  Path Group: clk
  Path Type: min

  Point                                                   Incr       Path
  ------------------------------------------------------------------------------
  clock clk (rise edge)                                   0.00       0.00
  clock network delay (ideal)                             0.00       0.00
  read_data_q_reg_15_/CLK (ASYNC_DFFHx1_ASAP7_75t_R)      0.00       0.00 r
  read_data_q_reg_15_/QN (ASYNC_DFFHx1_ASAP7_75t_R)      53.10      53.10 r
  U730/Y (OAI211xp5_ASAP7_75t_R)                         13.35      66.46 f
  read_data_q_reg_15_/D (ASYNC_DFFHx1_ASAP7_75t_R)        0.00      66.46 f
  data arrival time                                                 66.46

  clock clk (rise edge)                                   0.00       0.00
  clock network delay (ideal)                             0.00       0.00
  read_data_q_reg_15_/CLK (ASYNC_DFFHx1_ASAP7_75t_R)                 0.00 r
  clock reconvergence pessimism                           0.00       0.00
  clock uncertainty                                     100.00     100.00
  library hold time                                       6.50     106.50
  data required time                                               106.50
  ------------------------------------------------------------------------------
  data required time                                               106.50
  data arrival time                                                -66.46
  ------------------------------------------------------------------------------
  slack (VIOLATED)                                                 -40.04


  Startpoint: read_data_q_reg_14_
               (rising edge-triggered flip-flop clocked by clk)
  Endpoint: read_data_q_reg_14_
               (rising edge-triggered flip-flop clocked by clk)
  Path Group: clk
  Path Type: min

  Point                                                   Incr       Path
  ------------------------------------------------------------------------------
  clock clk (rise edge)                                   0.00       0.00
  clock network delay (ideal)                             0.00       0.00
  read_data_q_reg_14_/CLK (ASYNC_DFFHx1_ASAP7_75t_R)      0.00       0.00 r
  read_data_q_reg_14_/QN (ASYNC_DFFHx1_ASAP7_75t_R)      53.10      53.10 r
  U736/Y (OAI211xp5_ASAP7_75t_R)                         13.35      66.46 f
  read_data_q_reg_14_/D (ASYNC_DFFHx1_ASAP7_75t_R)        0.00      66.46 f
  data arrival time                                                 66.46

  clock clk (rise edge)                                   0.00       0.00
  clock network delay (ideal)                             0.00       0.00
  read_data_q_reg_14_/CLK (ASYNC_DFFHx1_ASAP7_75t_R)                 0.00 r
  clock reconvergence pessimism                           0.00       0.00
  clock uncertainty                                     100.00     100.00
  library hold time                                       6.50     106.50
  data required time                                               106.50
  ------------------------------------------------------------------------------
  data required time                                               106.50
  data arrival time                                                -66.46
  ------------------------------------------------------------------------------
  slack (VIOLATED)                                                 -40.04


  Startpoint: read_data_q_reg_13_
               (rising edge-triggered flip-flop clocked by clk)
  Endpoint: read_data_q_reg_13_
               (rising edge-triggered flip-flop clocked by clk)
  Path Group: clk
  Path Type: min

  Point                                                   Incr       Path
  ------------------------------------------------------------------------------
  clock clk (rise edge)                                   0.00       0.00
  clock network delay (ideal)                             0.00       0.00
  read_data_q_reg_13_/CLK (ASYNC_DFFHx1_ASAP7_75t_R)      0.00       0.00 r
  read_data_q_reg_13_/QN (ASYNC_DFFHx1_ASAP7_75t_R)      53.10      53.10 r
  U742/Y (OAI211xp5_ASAP7_75t_R)                         13.35      66.46 f
  read_data_q_reg_13_/D (ASYNC_DFFHx1_ASAP7_75t_R)        0.00      66.46 f
  data arrival time                                                 66.46

  clock clk (rise edge)                                   0.00       0.00
  clock network delay (ideal)                             0.00       0.00
  read_data_q_reg_13_/CLK (ASYNC_DFFHx1_ASAP7_75t_R)                 0.00 r
  clock reconvergence pessimism                           0.00       0.00
  clock uncertainty                                     100.00     100.00
  library hold time                                       6.50     106.50
  data required time                                               106.50
  ------------------------------------------------------------------------------
  data required time                                               106.50
  data arrival time                                                -66.46
  ------------------------------------------------------------------------------
  slack (VIOLATED)                                                 -40.04


  Startpoint: read_data_q_reg_12_
               (rising edge-triggered flip-flop clocked by clk)
  Endpoint: read_data_q_reg_12_
               (rising edge-triggered flip-flop clocked by clk)
  Path Group: clk
  Path Type: min

  Point                                                   Incr       Path
  ------------------------------------------------------------------------------
  clock clk (rise edge)                                   0.00       0.00
  clock network delay (ideal)                             0.00       0.00
  read_data_q_reg_12_/CLK (ASYNC_DFFHx1_ASAP7_75t_R)      0.00       0.00 r
  read_data_q_reg_12_/QN (ASYNC_DFFHx1_ASAP7_75t_R)      53.10      53.10 r
  U748/Y (OAI211xp5_ASAP7_75t_R)                         13.35      66.46 f
  read_data_q_reg_12_/D (ASYNC_DFFHx1_ASAP7_75t_R)        0.00      66.46 f
  data arrival time                                                 66.46

  clock clk (rise edge)                                   0.00       0.00
  clock network delay (ideal)                             0.00       0.00
  read_data_q_reg_12_/CLK (ASYNC_DFFHx1_ASAP7_75t_R)                 0.00 r
  clock reconvergence pessimism                           0.00       0.00
  clock uncertainty                                     100.00     100.00
  library hold time                                       6.50     106.50
  data required time                                               106.50
  ------------------------------------------------------------------------------
  data required time                                               106.50
  data arrival time                                                -66.46
  ------------------------------------------------------------------------------
  slack (VIOLATED)                                                 -40.04


  Startpoint: read_data_q_reg_11_
               (rising edge-triggered flip-flop clocked by clk)
  Endpoint: read_data_q_reg_11_
               (rising edge-triggered flip-flop clocked by clk)
  Path Group: clk
  Path Type: min

  Point                                                   Incr       Path
  ------------------------------------------------------------------------------
  clock clk (rise edge)                                   0.00       0.00
  clock network delay (ideal)                             0.00       0.00
  read_data_q_reg_11_/CLK (ASYNC_DFFHx1_ASAP7_75t_R)      0.00       0.00 r
  read_data_q_reg_11_/QN (ASYNC_DFFHx1_ASAP7_75t_R)      53.10      53.10 r
  U754/Y (OAI211xp5_ASAP7_75t_R)                         13.35      66.46 f
  read_data_q_reg_11_/D (ASYNC_DFFHx1_ASAP7_75t_R)        0.00      66.46 f
  data arrival time                                                 66.46

  clock clk (rise edge)                                   0.00       0.00
  clock network delay (ideal)                             0.00       0.00
  read_data_q_reg_11_/CLK (ASYNC_DFFHx1_ASAP7_75t_R)                 0.00 r
  clock reconvergence pessimism                           0.00       0.00
  clock uncertainty                                     100.00     100.00
  library hold time                                       6.50     106.50
  data required time                                               106.50
  ------------------------------------------------------------------------------
  data required time                                               106.50
  data arrival time                                                -66.46
  ------------------------------------------------------------------------------
  slack (VIOLATED)                                                 -40.04


  Startpoint: read_data_q_reg_10_
               (rising edge-triggered flip-flop clocked by clk)
  Endpoint: read_data_q_reg_10_
               (rising edge-triggered flip-flop clocked by clk)
  Path Group: clk
  Path Type: min

  Point                                                   Incr       Path
  ------------------------------------------------------------------------------
  clock clk (rise edge)                                   0.00       0.00
  clock network delay (ideal)                             0.00       0.00
  read_data_q_reg_10_/CLK (ASYNC_DFFHx1_ASAP7_75t_R)      0.00       0.00 r
  read_data_q_reg_10_/QN (ASYNC_DFFHx1_ASAP7_75t_R)      53.10      53.10 r
  U760/Y (OAI211xp5_ASAP7_75t_R)                         13.35      66.46 f
  read_data_q_reg_10_/D (ASYNC_DFFHx1_ASAP7_75t_R)        0.00      66.46 f
  data arrival time                                                 66.46

  clock clk (rise edge)                                   0.00       0.00
  clock network delay (ideal)                             0.00       0.00
  read_data_q_reg_10_/CLK (ASYNC_DFFHx1_ASAP7_75t_R)                 0.00 r
  clock reconvergence pessimism                           0.00       0.00
  clock uncertainty                                     100.00     100.00
  library hold time                                       6.50     106.50
  data required time                                               106.50
  ------------------------------------------------------------------------------
  data required time                                               106.50
  data arrival time                                                -66.46
  ------------------------------------------------------------------------------
  slack (VIOLATED)                                                 -40.04


  Startpoint: read_data_q_reg_9_
               (rising edge-triggered flip-flop clocked by clk)
  Endpoint: read_data_q_reg_9_
               (rising edge-triggered flip-flop clocked by clk)
  Path Group: clk
  Path Type: min

  Point                                                   Incr       Path
  ------------------------------------------------------------------------------
  clock clk (rise edge)                                   0.00       0.00
  clock network delay (ideal)                             0.00       0.00
  read_data_q_reg_9_/CLK (ASYNC_DFFHx1_ASAP7_75t_R)       0.00       0.00 r
  read_data_q_reg_9_/QN (ASYNC_DFFHx1_ASAP7_75t_R)       53.10      53.10 r
  U766/Y (OAI211xp5_ASAP7_75t_R)                         13.35      66.46 f
  read_data_q_reg_9_/D (ASYNC_DFFHx1_ASAP7_75t_R)         0.00      66.46 f
  data arrival time                                                 66.46

  clock clk (rise edge)                                   0.00       0.00
  clock network delay (ideal)                             0.00       0.00
  read_data_q_reg_9_/CLK (ASYNC_DFFHx1_ASAP7_75t_R)                  0.00 r
  clock reconvergence pessimism                           0.00       0.00
  clock uncertainty                                     100.00     100.00
  library hold time                                       6.50     106.50
  data required time                                               106.50
  ------------------------------------------------------------------------------
  data required time                                               106.50
  data arrival time                                                -66.46
  ------------------------------------------------------------------------------
  slack (VIOLATED)                                                 -40.04


  Startpoint: read_data_q_reg_8_
               (rising edge-triggered flip-flop clocked by clk)
  Endpoint: read_data_q_reg_8_
               (rising edge-triggered flip-flop clocked by clk)
  Path Group: clk
  Path Type: min

  Point                                                   Incr       Path
  ------------------------------------------------------------------------------
  clock clk (rise edge)                                   0.00       0.00
  clock network delay (ideal)                             0.00       0.00
  read_data_q_reg_8_/CLK (ASYNC_DFFHx1_ASAP7_75t_R)       0.00       0.00 r
  read_data_q_reg_8_/QN (ASYNC_DFFHx1_ASAP7_75t_R)       53.10      53.10 r
  U772/Y (OAI211xp5_ASAP7_75t_R)                         13.35      66.46 f
  read_data_q_reg_8_/D (ASYNC_DFFHx1_ASAP7_75t_R)         0.00      66.46 f
  data arrival time                                                 66.46

  clock clk (rise edge)                                   0.00       0.00
  clock network delay (ideal)                             0.00       0.00
  read_data_q_reg_8_/CLK (ASYNC_DFFHx1_ASAP7_75t_R)                  0.00 r
  clock reconvergence pessimism                           0.00       0.00
  clock uncertainty                                     100.00     100.00
  library hold time                                       6.50     106.50
  data required time                                               106.50
  ------------------------------------------------------------------------------
  data required time                                               106.50
  data arrival time                                                -66.46
  ------------------------------------------------------------------------------
  slack (VIOLATED)                                                 -40.04


  Startpoint: read_data_q_reg_7_
               (rising edge-triggered flip-flop clocked by clk)
  Endpoint: read_data_q_reg_7_
               (rising edge-triggered flip-flop clocked by clk)
  Path Group: clk
  Path Type: min

  Point                                                   Incr       Path
  ------------------------------------------------------------------------------
  clock clk (rise edge)                                   0.00       0.00
  clock network delay (ideal)                             0.00       0.00
  read_data_q_reg_7_/CLK (ASYNC_DFFHx1_ASAP7_75t_R)       0.00       0.00 r
  read_data_q_reg_7_/QN (ASYNC_DFFHx1_ASAP7_75t_R)       53.10      53.10 r
  U778/Y (OAI211xp5_ASAP7_75t_R)                         13.35      66.46 f
  read_data_q_reg_7_/D (ASYNC_DFFHx1_ASAP7_75t_R)         0.00      66.46 f
  data arrival time                                                 66.46

  clock clk (rise edge)                                   0.00       0.00
  clock network delay (ideal)                             0.00       0.00
  read_data_q_reg_7_/CLK (ASYNC_DFFHx1_ASAP7_75t_R)                  0.00 r
  clock reconvergence pessimism                           0.00       0.00
  clock uncertainty                                     100.00     100.00
  library hold time                                       6.50     106.50
  data required time                                               106.50
  ------------------------------------------------------------------------------
  data required time                                               106.50
  data arrival time                                                -66.46
  ------------------------------------------------------------------------------
  slack (VIOLATED)                                                 -40.04


  Startpoint: read_data_q_reg_6_
               (rising edge-triggered flip-flop clocked by clk)
  Endpoint: read_data_q_reg_6_
               (rising edge-triggered flip-flop clocked by clk)
  Path Group: clk
  Path Type: min

  Point                                                   Incr       Path
  ------------------------------------------------------------------------------
  clock clk (rise edge)                                   0.00       0.00
  clock network delay (ideal)                             0.00       0.00
  read_data_q_reg_6_/CLK (ASYNC_DFFHx1_ASAP7_75t_R)       0.00       0.00 r
  read_data_q_reg_6_/QN (ASYNC_DFFHx1_ASAP7_75t_R)       53.10      53.10 r
  U784/Y (OAI211xp5_ASAP7_75t_R)                         13.35      66.46 f
  read_data_q_reg_6_/D (ASYNC_DFFHx1_ASAP7_75t_R)         0.00      66.46 f
  data arrival time                                                 66.46

  clock clk (rise edge)                                   0.00       0.00
  clock network delay (ideal)                             0.00       0.00
  read_data_q_reg_6_/CLK (ASYNC_DFFHx1_ASAP7_75t_R)                  0.00 r
  clock reconvergence pessimism                           0.00       0.00
  clock uncertainty                                     100.00     100.00
  library hold time                                       6.50     106.50
  data required time                                               106.50
  ------------------------------------------------------------------------------
  data required time                                               106.50
  data arrival time                                                -66.46
  ------------------------------------------------------------------------------
  slack (VIOLATED)                                                 -40.04


  Startpoint: read_data_q_reg_5_
               (rising edge-triggered flip-flop clocked by clk)
  Endpoint: read_data_q_reg_5_
               (rising edge-triggered flip-flop clocked by clk)
  Path Group: clk
  Path Type: min

  Point                                                   Incr       Path
  ------------------------------------------------------------------------------
  clock clk (rise edge)                                   0.00       0.00
  clock network delay (ideal)                             0.00       0.00
  read_data_q_reg_5_/CLK (ASYNC_DFFHx1_ASAP7_75t_R)       0.00       0.00 r
  read_data_q_reg_5_/QN (ASYNC_DFFHx1_ASAP7_75t_R)       53.10      53.10 r
  U790/Y (OAI211xp5_ASAP7_75t_R)                         13.35      66.46 f
  read_data_q_reg_5_/D (ASYNC_DFFHx1_ASAP7_75t_R)         0.00      66.46 f
  data arrival time                                                 66.46

  clock clk (rise edge)                                   0.00       0.00
  clock network delay (ideal)                             0.00       0.00
  read_data_q_reg_5_/CLK (ASYNC_DFFHx1_ASAP7_75t_R)                  0.00 r
  clock reconvergence pessimism                           0.00       0.00
  clock uncertainty                                     100.00     100.00
  library hold time                                       6.50     106.50
  data required time                                               106.50
  ------------------------------------------------------------------------------
  data required time                                               106.50
  data arrival time                                                -66.46
  ------------------------------------------------------------------------------
  slack (VIOLATED)                                                 -40.04


  Startpoint: read_data_q_reg_4_
               (rising edge-triggered flip-flop clocked by clk)
  Endpoint: read_data_q_reg_4_
               (rising edge-triggered flip-flop clocked by clk)
  Path Group: clk
  Path Type: min

  Point                                                   Incr       Path
  ------------------------------------------------------------------------------
  clock clk (rise edge)                                   0.00       0.00
  clock network delay (ideal)                             0.00       0.00
  read_data_q_reg_4_/CLK (ASYNC_DFFHx1_ASAP7_75t_R)       0.00       0.00 r
  read_data_q_reg_4_/QN (ASYNC_DFFHx1_ASAP7_75t_R)       53.10      53.10 r
  U796/Y (OAI211xp5_ASAP7_75t_R)                         13.35      66.46 f
  read_data_q_reg_4_/D (ASYNC_DFFHx1_ASAP7_75t_R)         0.00      66.46 f
  data arrival time                                                 66.46

  clock clk (rise edge)                                   0.00       0.00
  clock network delay (ideal)                             0.00       0.00
  read_data_q_reg_4_/CLK (ASYNC_DFFHx1_ASAP7_75t_R)                  0.00 r
  clock reconvergence pessimism                           0.00       0.00
  clock uncertainty                                     100.00     100.00
  library hold time                                       6.50     106.50
  data required time                                               106.50
  ------------------------------------------------------------------------------
  data required time                                               106.50
  data arrival time                                                -66.46
  ------------------------------------------------------------------------------
  slack (VIOLATED)                                                 -40.04


  Startpoint: read_data_q_reg_3_
               (rising edge-triggered flip-flop clocked by clk)
  Endpoint: read_data_q_reg_3_
               (rising edge-triggered flip-flop clocked by clk)
  Path Group: clk
  Path Type: min

  Point                                                   Incr       Path
  ------------------------------------------------------------------------------
  clock clk (rise edge)                                   0.00       0.00
  clock network delay (ideal)                             0.00       0.00
  read_data_q_reg_3_/CLK (ASYNC_DFFHx1_ASAP7_75t_R)       0.00       0.00 r
  read_data_q_reg_3_/QN (ASYNC_DFFHx1_ASAP7_75t_R)       53.10      53.10 r
  U802/Y (OAI211xp5_ASAP7_75t_R)                         13.35      66.46 f
  read_data_q_reg_3_/D (ASYNC_DFFHx1_ASAP7_75t_R)         0.00      66.46 f
  data arrival time                                                 66.46

  clock clk (rise edge)                                   0.00       0.00
  clock network delay (ideal)                             0.00       0.00
  read_data_q_reg_3_/CLK (ASYNC_DFFHx1_ASAP7_75t_R)                  0.00 r
  clock reconvergence pessimism                           0.00       0.00
  clock uncertainty                                     100.00     100.00
  library hold time                                       6.50     106.50
  data required time                                               106.50
  ------------------------------------------------------------------------------
  data required time                                               106.50
  data arrival time                                                -66.46
  ------------------------------------------------------------------------------
  slack (VIOLATED)                                                 -40.04


  Startpoint: read_data_q_reg_2_
               (rising edge-triggered flip-flop clocked by clk)
  Endpoint: read_data_q_reg_2_
               (rising edge-triggered flip-flop clocked by clk)
  Path Group: clk
  Path Type: min

  Point                                                   Incr       Path
  ------------------------------------------------------------------------------
  clock clk (rise edge)                                   0.00       0.00
  clock network delay (ideal)                             0.00       0.00
  read_data_q_reg_2_/CLK (ASYNC_DFFHx1_ASAP7_75t_R)       0.00       0.00 r
  read_data_q_reg_2_/QN (ASYNC_DFFHx1_ASAP7_75t_R)       53.10      53.10 r
  U808/Y (OAI211xp5_ASAP7_75t_R)                         13.35      66.46 f
  read_data_q_reg_2_/D (ASYNC_DFFHx1_ASAP7_75t_R)         0.00      66.46 f
  data arrival time                                                 66.46

  clock clk (rise edge)                                   0.00       0.00
  clock network delay (ideal)                             0.00       0.00
  read_data_q_reg_2_/CLK (ASYNC_DFFHx1_ASAP7_75t_R)                  0.00 r
  clock reconvergence pessimism                           0.00       0.00
  clock uncertainty                                     100.00     100.00
  library hold time                                       6.50     106.50
  data required time                                               106.50
  ------------------------------------------------------------------------------
  data required time                                               106.50
  data arrival time                                                -66.46
  ------------------------------------------------------------------------------
  slack (VIOLATED)                                                 -40.04


  Startpoint: read_data_q_reg_1_
               (rising edge-triggered flip-flop clocked by clk)
  Endpoint: read_data_q_reg_1_
               (rising edge-triggered flip-flop clocked by clk)
  Path Group: clk
  Path Type: min

  Point                                                   Incr       Path
  ------------------------------------------------------------------------------
  clock clk (rise edge)                                   0.00       0.00
  clock network delay (ideal)                             0.00       0.00
  read_data_q_reg_1_/CLK (ASYNC_DFFHx1_ASAP7_75t_R)       0.00       0.00 r
  read_data_q_reg_1_/QN (ASYNC_DFFHx1_ASAP7_75t_R)       53.10      53.10 r
  U814/Y (OAI211xp5_ASAP7_75t_R)                         13.35      66.46 f
  read_data_q_reg_1_/D (ASYNC_DFFHx1_ASAP7_75t_R)         0.00      66.46 f
  data arrival time                                                 66.46

  clock clk (rise edge)                                   0.00       0.00
  clock network delay (ideal)                             0.00       0.00
  read_data_q_reg_1_/CLK (ASYNC_DFFHx1_ASAP7_75t_R)                  0.00 r
  clock reconvergence pessimism                           0.00       0.00
  clock uncertainty                                     100.00     100.00
  library hold time                                       6.50     106.50
  data required time                                               106.50
  ------------------------------------------------------------------------------
  data required time                                               106.50
  data arrival time                                                -66.46
  ------------------------------------------------------------------------------
  slack (VIOLATED)                                                 -40.04


  Startpoint: read_data_q_reg_0_
               (rising edge-triggered flip-flop clocked by clk)
  Endpoint: read_data_q_reg_0_
               (rising edge-triggered flip-flop clocked by clk)
  Path Group: clk
  Path Type: min

  Point                                                   Incr       Path
  ------------------------------------------------------------------------------
  clock clk (rise edge)                                   0.00       0.00
  clock network delay (ideal)                             0.00       0.00
  read_data_q_reg_0_/CLK (ASYNC_DFFHx1_ASAP7_75t_R)       0.00       0.00 r
  read_data_q_reg_0_/QN (ASYNC_DFFHx1_ASAP7_75t_R)       53.10      53.10 r
  U820/Y (OAI211xp5_ASAP7_75t_R)                         13.35      66.46 f
  read_data_q_reg_0_/D (ASYNC_DFFHx1_ASAP7_75t_R)         0.00      66.46 f
  data arrival time                                                 66.46

  clock clk (rise edge)                                   0.00       0.00
  clock network delay (ideal)                             0.00       0.00
  read_data_q_reg_0_/CLK (ASYNC_DFFHx1_ASAP7_75t_R)                  0.00 r
  clock reconvergence pessimism                           0.00       0.00
  clock uncertainty                                     100.00     100.00
  library hold time                                       6.50     106.50
  data required time                                               106.50
  ------------------------------------------------------------------------------
  data required time                                               106.50
  data arrival time                                                -66.46
  ------------------------------------------------------------------------------
  slack (VIOLATED)                                                 -40.04


  Startpoint: fifo_full_o_reg
               (rising edge-triggered flip-flop clocked by clk)
  Endpoint: fifo_full_o_reg
               (rising edge-triggered flip-flop clocked by clk)
  Path Group: clk
  Path Type: min

  Point                                                   Incr       Path
  ------------------------------------------------------------------------------
  clock clk (rise edge)                                   0.00       0.00
  clock network delay (ideal)                             0.00       0.00
  fifo_full_o_reg/CLK (ASYNC_DFFHx1_ASAP7_75t_R)          0.00       0.00 r
  fifo_full_o_reg/QN (ASYNC_DFFHx1_ASAP7_75t_R)          56.05      56.05 r
  U673/Y (OAI32xp33_ASAP7_75t_R)                         12.16      68.21 f
  fifo_full_o_reg/D (ASYNC_DFFHx1_ASAP7_75t_R)            0.00      68.21 f
  data arrival time                                                 68.21

  clock clk (rise edge)                                   0.00       0.00
  clock network delay (ideal)                             0.00       0.00
  fifo_full_o_reg/CLK (ASYNC_DFFHx1_ASAP7_75t_R)                     0.00 r
  clock reconvergence pessimism                           0.00       0.00
  clock uncertainty                                     100.00     100.00
  library hold time                                       7.21     107.21
  data required time                                               107.21
  ------------------------------------------------------------------------------
  data required time                                               107.21
  data arrival time                                                -68.21
  ------------------------------------------------------------------------------
  slack (VIOLATED)                                                 -39.00


  Startpoint: write_pointer_reg_3_
               (rising edge-triggered flip-flop clocked by clk)
  Endpoint: write_pointer_reg_3_
               (rising edge-triggered flip-flop clocked by clk)
  Path Group: clk
  Path Type: min

  Point                                                   Incr       Path
  ------------------------------------------------------------------------------
  clock clk (rise edge)                                   0.00       0.00
  clock network delay (ideal)                             0.00       0.00
  write_pointer_reg_3_/CLK (ASYNC_DFFHx1_ASAP7_75t_R)     0.00       0.00 r
  write_pointer_reg_3_/QN (ASYNC_DFFHx1_ASAP7_75t_R)     54.43      54.43 r
  U661/SN (HAxp5_ASAP7_75t_R)                            16.52      70.95 f
  write_pointer_reg_3_/D (ASYNC_DFFHx1_ASAP7_75t_R)       0.00      70.95 f
  data arrival time                                                 70.95

  clock clk (rise edge)                                   0.00       0.00
  clock network delay (ideal)                             0.00       0.00
  write_pointer_reg_3_/CLK (ASYNC_DFFHx1_ASAP7_75t_R)                0.00 r
  clock reconvergence pessimism                           0.00       0.00
  clock uncertainty                                     100.00     100.00
  library hold time                                       6.83     106.83
  data required time                                               106.83
  ------------------------------------------------------------------------------
  data required time                                               106.83
  data arrival time                                                -70.95
  ------------------------------------------------------------------------------
  slack (VIOLATED)                                                 -35.87


  Startpoint: read_pointer_reg_3_
               (rising edge-triggered flip-flop clocked by clk)
  Endpoint: read_pointer_reg_3_
               (rising edge-triggered flip-flop clocked by clk)
  Path Group: clk
  Path Type: min

  Point                                                   Incr       Path
  ------------------------------------------------------------------------------
  clock clk (rise edge)                                   0.00       0.00
  clock network delay (ideal)                             0.00       0.00
  read_pointer_reg_3_/CLK (ASYNC_DFFHx1_ASAP7_75t_R)      0.00       0.00 r
  read_pointer_reg_3_/QN (ASYNC_DFFHx1_ASAP7_75t_R)      54.43      54.43 r
  U662/SN (HAxp5_ASAP7_75t_R)                            17.59      72.02 f
  read_pointer_reg_3_/D (ASYNC_DFFHx1_ASAP7_75t_R)        0.00      72.02 f
  data arrival time                                                 72.02

  clock clk (rise edge)                                   0.00       0.00
  clock network delay (ideal)                             0.00       0.00
  read_pointer_reg_3_/CLK (ASYNC_DFFHx1_ASAP7_75t_R)                 0.00 r
  clock reconvergence pessimism                           0.00       0.00
  clock uncertainty                                     100.00     100.00
  library hold time                                       6.52     106.52
  data required time                                               106.52
  ------------------------------------------------------------------------------
  data required time                                               106.52
  data arrival time                                                -72.02
  ------------------------------------------------------------------------------
  slack (VIOLATED)                                                 -34.50


  Startpoint: write_pointer_reg_1_
               (rising edge-triggered flip-flop clocked by clk)
  Endpoint: write_pointer_reg_1_
               (rising edge-triggered flip-flop clocked by clk)
  Path Group: clk
  Path Type: min

  Point                                                   Incr       Path
  ------------------------------------------------------------------------------
  clock clk (rise edge)                                   0.00       0.00
  clock network delay (ideal)                             0.00       0.00
  write_pointer_reg_1_/CLK (ASYNC_DFFHx1_ASAP7_75t_R)     0.00       0.00 r
  write_pointer_reg_1_/QN (ASYNC_DFFHx1_ASAP7_75t_R)     59.14      59.14 r
  U455/Y (AOI21xp33_ASAP7_75t_R)                         18.00      77.15 f
  write_pointer_reg_1_/D (ASYNC_DFFHx1_ASAP7_75t_R)       0.00      77.15 f
  data arrival time                                                 77.15

  clock clk (rise edge)                                   0.00       0.00
  clock network delay (ideal)                             0.00       0.00
  write_pointer_reg_1_/CLK (ASYNC_DFFHx1_ASAP7_75t_R)                0.00 r
  clock reconvergence pessimism                           0.00       0.00
  clock uncertainty                                     100.00     100.00
  library hold time                                       7.05     107.05
  data required time                                               107.05
  ------------------------------------------------------------------------------
  data required time                                               107.05
  data arrival time                                                -77.15
  ------------------------------------------------------------------------------
  slack (VIOLATED)                                                 -29.90


  Startpoint: write_pointer_reg_0_
               (rising edge-triggered flip-flop clocked by clk)
  Endpoint: write_pointer_reg_0_
               (rising edge-triggered flip-flop clocked by clk)
  Path Group: clk
  Path Type: min

  Point                                                   Incr       Path
  ------------------------------------------------------------------------------
  clock clk (rise edge)                                   0.00       0.00
  clock network delay (ideal)                             0.00       0.00
  write_pointer_reg_0_/CLK (ASYNC_DFFHx1_ASAP7_75t_R)     0.00       0.00 r
  write_pointer_reg_0_/QN (ASYNC_DFFHx1_ASAP7_75t_R)     56.31      56.31 r
  U660/Y (OAI21xp33_ASAP7_75t_R)                         20.24      76.55 f
  write_pointer_reg_0_/D (ASYNC_DFFHx1_ASAP7_75t_R)       0.00      76.55 f
  data arrival time                                                 76.55

  clock clk (rise edge)                                   0.00       0.00
  clock network delay (ideal)                             0.00       0.00
  write_pointer_reg_0_/CLK (ASYNC_DFFHx1_ASAP7_75t_R)                0.00 r
  clock reconvergence pessimism                           0.00       0.00
  clock uncertainty                                     100.00     100.00
  library hold time                                       4.71     104.71
  data required time                                               104.71
  ------------------------------------------------------------------------------
  data required time                                               104.71
  data arrival time                                                -76.55
  ------------------------------------------------------------------------------
  slack (VIOLATED)                                                 -28.16


  Startpoint: read_pointer_reg_1_
               (rising edge-triggered flip-flop clocked by clk)
  Endpoint: read_pointer_reg_2_
               (rising edge-triggered flip-flop clocked by clk)
  Path Group: clk
  Path Type: min

  Point                                                   Incr       Path
  ------------------------------------------------------------------------------
  clock clk (rise edge)                                   0.00       0.00
  clock network delay (ideal)                             0.00       0.00
  read_pointer_reg_1_/CLK (ASYNC_DFFHx1_ASAP7_75t_R)      0.00       0.00 r
  read_pointer_reg_1_/QN (ASYNC_DFFHx1_ASAP7_75t_R)      60.56      60.56 r
  U457/Y (O2A1O1Ixp33_ASAP7_75t_R)                       19.25      79.81 f
  read_pointer_reg_2_/D (ASYNC_DFFHx1_ASAP7_75t_R)        0.00      79.81 f
  data arrival time                                                 79.81

  clock clk (rise edge)                                   0.00       0.00
  clock network delay (ideal)                             0.00       0.00
  read_pointer_reg_2_/CLK (ASYNC_DFFHx1_ASAP7_75t_R)                 0.00 r
  clock reconvergence pessimism                           0.00       0.00
  clock uncertainty                                     100.00     100.00
  library hold time                                       5.99     105.99
  data required time                                               105.99
  ------------------------------------------------------------------------------
  data required time                                               105.99
  data arrival time                                                -79.81
  ------------------------------------------------------------------------------
  slack (VIOLATED)                                                 -26.18


  Startpoint: read_pointer_reg_1_
               (rising edge-triggered flip-flop clocked by clk)
  Endpoint: read_pointer_reg_1_
               (rising edge-triggered flip-flop clocked by clk)
  Path Group: clk
  Path Type: min

  Point                                                   Incr       Path
  ------------------------------------------------------------------------------
  clock clk (rise edge)                                   0.00       0.00
  clock network delay (ideal)                             0.00       0.00
  read_pointer_reg_1_/CLK (ASYNC_DFFHx1_ASAP7_75t_R)      0.00       0.00 r
  read_pointer_reg_1_/QN (ASYNC_DFFHx1_ASAP7_75t_R)      60.56      60.56 r
  U659/Y (AOI22xp33_ASAP7_75t_R)                         22.27      82.83 f
  read_pointer_reg_1_/D (ASYNC_DFFHx1_ASAP7_75t_R)        0.00      82.83 f
  data arrival time                                                 82.83

  clock clk (rise edge)                                   0.00       0.00
  clock network delay (ideal)                             0.00       0.00
  read_pointer_reg_1_/CLK (ASYNC_DFFHx1_ASAP7_75t_R)                 0.00 r
  clock reconvergence pessimism                           0.00       0.00
  clock uncertainty                                     100.00     100.00
  library hold time                                       4.59     104.59
  data required time                                               104.59
  ------------------------------------------------------------------------------
  data required time                                               104.59
  data arrival time                                                -82.83
  ------------------------------------------------------------------------------
  slack (VIOLATED)                                                 -21.76


  Startpoint: write_pointer_reg_2_
               (rising edge-triggered flip-flop clocked by clk)
  Endpoint: write_pointer_reg_2_
               (rising edge-triggered flip-flop clocked by clk)
  Path Group: clk
  Path Type: min

  Point                                                   Incr       Path
  ------------------------------------------------------------------------------
  clock clk (rise edge)                                   0.00       0.00
  clock network delay (ideal)                             0.00       0.00
  write_pointer_reg_2_/CLK (ASYNC_DFFHx1_ASAP7_75t_R)     0.00       0.00 r
  write_pointer_reg_2_/QN (ASYNC_DFFHx1_ASAP7_75t_R)     61.77      61.77 r
  U460/Y (OAI21xp33_ASAP7_75t_R)                         21.22      82.99 f
  write_pointer_reg_2_/D (ASYNC_DFFHx1_ASAP7_75t_R)       0.00      82.99 f
  data arrival time                                                 82.99

  clock clk (rise edge)                                   0.00       0.00
  clock network delay (ideal)                             0.00       0.00
  write_pointer_reg_2_/CLK (ASYNC_DFFHx1_ASAP7_75t_R)                0.00 r
  clock reconvergence pessimism                           0.00       0.00
  clock uncertainty                                     100.00     100.00
  library hold time                                       4.59     104.59
  data required time                                               104.59
  ------------------------------------------------------------------------------
  data required time                                               104.59
  data arrival time                                                -82.99
  ------------------------------------------------------------------------------
  slack (VIOLATED)                                                 -21.60


  Startpoint: fifo_empty_o_reg
               (rising edge-triggered flip-flop clocked by clk)
  Endpoint: fifo_empty_o_reg
               (rising edge-triggered flip-flop clocked by clk)
  Path Group: clk
  Path Type: min

  Point                                                   Incr       Path
  ------------------------------------------------------------------------------
  clock clk (rise edge)                                   0.00       0.00
  clock network delay (ideal)                             0.00       0.00
  fifo_empty_o_reg/CLK (ASYNC_DFFHx1_ASAP7_75t_R)         0.00       0.00 r
  fifo_empty_o_reg/QN (ASYNC_DFFHx1_ASAP7_75t_R)         82.10      82.10 r
  U671/Y (AOI32xp33_ASAP7_75t_R)                         19.55     101.65 f
  fifo_empty_o_reg/D (ASYNC_DFFHx1_ASAP7_75t_R)           0.00     101.65 f
  data arrival time                                                101.65

  clock clk (rise edge)                                   0.00       0.00
  clock network delay (ideal)                             0.00       0.00
  fifo_empty_o_reg/CLK (ASYNC_DFFHx1_ASAP7_75t_R)                    0.00 r
  clock reconvergence pessimism                           0.00       0.00
  clock uncertainty                                     100.00     100.00
  library hold time                                       6.10     106.10
  data required time                                               106.10
  ------------------------------------------------------------------------------
  data required time                                               106.10
  data arrival time                                               -101.65
  ------------------------------------------------------------------------------
  slack (VIOLATED)                                                  -4.44


1
