****************************************
Report : timing
	-path_type full
	-delay_type min
	-slack_lesser_than 0.00
	-max_paths 300
	-sort_by slack
Design : sync_fifo
Version: W-2024.09-SP5-5
Date   : Sun Sep 20 21:23:51 2026
****************************************


  Startpoint: u_read_clock_gate_en_latched_reg
               (negative level-sensitive latch clocked by clk)
  Endpoint: U631 (falling clock gating-check end-point clocked by clk')
  Path Group: **clock_gating_default**
  Path Type: min

  Point                                                   Incr       Path
  ------------------------------------------------------------------------------
  clock clk (fall edge)                                5000.00    5000.00
  clock network delay (ideal)                             0.00    5000.00
  u_read_clock_gate_en_latched_reg/CLK (DLLx1_ASAP7_75t_R)
                                                          0.00    5000.00 f
  u_read_clock_gate_en_latched_reg/Q (DLLx1_ASAP7_75t_R)
                                                         29.21    5029.21 r
  U631/A (NOR2xp33_ASAP7_75t_R)                           0.00    5029.21 r
  data arrival time                                               5029.21

  clock clk' (rise edge)                               5000.00    5000.00
  clock network delay (ideal)                             0.00    5000.00
  U631/B (NOR2xp33_ASAP7_75t_R)                                   5000.00 r
  clock reconvergence pessimism                           0.00    5000.00
  clock uncertainty                                     100.00    5100.00
  clock gating hold time                                  0.00    5100.00
  data required time                                              5100.00
  ------------------------------------------------------------------------------
  data required time                                              5100.00
  data arrival time                                              -5029.21
  ------------------------------------------------------------------------------
  slack (VIOLATED)                                                 -70.79


  Startpoint: u_write_clock_gate_en_latched_reg
               (negative level-sensitive latch clocked by clk)
  Endpoint: U630 (falling clock gating-check end-point clocked by clk')
  Path Group: **clock_gating_default**
  Path Type: min

  Point                                                   Incr       Path
  ------------------------------------------------------------------------------
  clock clk (fall edge)                                5000.00    5000.00
  clock network delay (ideal)                             0.00    5000.00
  u_write_clock_gate_en_latched_reg/CLK (DLLx1_ASAP7_75t_R)
                                                          0.00    5000.00 f
  u_write_clock_gate_en_latched_reg/Q (DLLx1_ASAP7_75t_R)
                                                         29.21    5029.21 r
  U630/A (NOR2xp33_ASAP7_75t_R)                           0.00    5029.21 r
  data arrival time                                               5029.21

  clock clk' (rise edge)                               5000.00    5000.00
  clock network delay (ideal)                             0.00    5000.00
  U630/B (NOR2xp33_ASAP7_75t_R)                                   5000.00 r
  clock reconvergence pessimism                           0.00    5000.00
  clock uncertainty                                     100.00    5100.00
  clock gating hold time                                  0.00    5100.00
  data required time                                              5100.00
  ------------------------------------------------------------------------------
  data required time                                              5100.00
  data arrival time                                              -5029.21
  ------------------------------------------------------------------------------
  slack (VIOLATED)                                                 -70.79


  Startpoint: fifo_mem_reg_7__22_
               (rising edge-triggered flip-flop clocked by clk)
  Endpoint: fifo_mem_reg_7__22_
               (rising edge-triggered flip-flop clocked by clk)
  Path Group: clk
  Path Type: min

  Point                                                   Incr       Path
  ------------------------------------------------------------------------------
  clock clk (rise edge)                                   0.00       0.00
  clock network delay (ideal)                             0.00       0.00
  fifo_mem_reg_7__22_/CLK (DFFHQNx1_ASAP7_75t_R)          0.00       0.00 r
  fifo_mem_reg_7__22_/QN (DFFHQNx1_ASAP7_75t_R)          48.37      48.37 r
  U552/Y (AOI22xp33_ASAP7_75t_R)                         12.41      60.79 f
  fifo_mem_reg_7__22_/D (DFFHQNx1_ASAP7_75t_R)            0.00      60.79 f
  data arrival time                                                 60.79

  clock clk (rise edge)                                   0.00       0.00
  clock network delay (ideal)                             0.00       0.00
  fifo_mem_reg_7__22_/CLK (DFFHQNx1_ASAP7_75t_R)                     0.00 r
  clock reconvergence pessimism                           0.00       0.00
  clock uncertainty                                     100.00     100.00
  library hold time                                      13.32     113.32
  data required time                                               113.32
  ------------------------------------------------------------------------------
  data required time                                               113.32
  data arrival time                                                -60.79
  ------------------------------------------------------------------------------
  slack (VIOLATED)                                                 -52.54


  Startpoint: fifo_mem_reg_7__21_
               (rising edge-triggered flip-flop clocked by clk)
  Endpoint: fifo_mem_reg_7__21_
               (rising edge-triggered flip-flop clocked by clk)
  Path Group: clk
  Path Type: min

  Point                                                   Incr       Path
  ------------------------------------------------------------------------------
  clock clk (rise edge)                                   0.00       0.00
  clock network delay (ideal)                             0.00       0.00
  fifo_mem_reg_7__21_/CLK (DFFHQNx1_ASAP7_75t_R)          0.00       0.00 r
  fifo_mem_reg_7__21_/QN (DFFHQNx1_ASAP7_75t_R)          48.37      48.37 r
  U551/Y (AOI22xp33_ASAP7_75t_R)                         12.41      60.79 f
  fifo_mem_reg_7__21_/D (DFFHQNx1_ASAP7_75t_R)            0.00      60.79 f
  data arrival time                                                 60.79

  clock clk (rise edge)                                   0.00       0.00
  clock network delay (ideal)                             0.00       0.00
  fifo_mem_reg_7__21_/CLK (DFFHQNx1_ASAP7_75t_R)                     0.00 r
  clock reconvergence pessimism                           0.00       0.00
  clock uncertainty                                     100.00     100.00
  library hold time                                      13.32     113.32
  data required time                                               113.32
  ------------------------------------------------------------------------------
  data required time                                               113.32
  data arrival time                                                -60.79
  ------------------------------------------------------------------------------
  slack (VIOLATED)                                                 -52.54


  Startpoint: fifo_mem_reg_7__20_
               (rising edge-triggered flip-flop clocked by clk)
  Endpoint: fifo_mem_reg_7__20_
               (rising edge-triggered flip-flop clocked by clk)
  Path Group: clk
  Path Type: min

  Point                                                   Incr       Path
  ------------------------------------------------------------------------------
  clock clk (rise edge)                                   0.00       0.00
  clock network delay (ideal)                             0.00       0.00
  fifo_mem_reg_7__20_/CLK (DFFHQNx1_ASAP7_75t_R)          0.00       0.00 r
  fifo_mem_reg_7__20_/QN (DFFHQNx1_ASAP7_75t_R)          48.37      48.37 r
  U550/Y (AOI22xp33_ASAP7_75t_R)                         12.41      60.79 f
  fifo_mem_reg_7__20_/D (DFFHQNx1_ASAP7_75t_R)            0.00      60.79 f
  data arrival time                                                 60.79

  clock clk (rise edge)                                   0.00       0.00
  clock network delay (ideal)                             0.00       0.00
  fifo_mem_reg_7__20_/CLK (DFFHQNx1_ASAP7_75t_R)                     0.00 r
  clock reconvergence pessimism                           0.00       0.00
  clock uncertainty                                     100.00     100.00
  library hold time                                      13.32     113.32
  data required time                                               113.32
  ------------------------------------------------------------------------------
  data required time                                               113.32
  data arrival time                                                -60.79
  ------------------------------------------------------------------------------
  slack (VIOLATED)                                                 -52.54


  Startpoint: fifo_mem_reg_7__19_
               (rising edge-triggered flip-flop clocked by clk)
  Endpoint: fifo_mem_reg_7__19_
               (rising edge-triggered flip-flop clocked by clk)
  Path Group: clk
  Path Type: min

  Point                                                   Incr       Path
  ------------------------------------------------------------------------------
  clock clk (rise edge)                                   0.00       0.00
  clock network delay (ideal)                             0.00       0.00
  fifo_mem_reg_7__19_/CLK (DFFHQNx1_ASAP7_75t_R)          0.00       0.00 r
  fifo_mem_reg_7__19_/QN (DFFHQNx1_ASAP7_75t_R)          48.37      48.37 r
  U549/Y (AOI22xp33_ASAP7_75t_R)                         12.41      60.79 f
  fifo_mem_reg_7__19_/D (DFFHQNx1_ASAP7_75t_R)            0.00      60.79 f
  data arrival time                                                 60.79

  clock clk (rise edge)                                   0.00       0.00
  clock network delay (ideal)                             0.00       0.00
  fifo_mem_reg_7__19_/CLK (DFFHQNx1_ASAP7_75t_R)                     0.00 r
  clock reconvergence pessimism                           0.00       0.00
  clock uncertainty                                     100.00     100.00
  library hold time                                      13.32     113.32
  data required time                                               113.32
  ------------------------------------------------------------------------------
  data required time                                               113.32
  data arrival time                                                -60.79
  ------------------------------------------------------------------------------
  slack (VIOLATED)                                                 -52.54


  Startpoint: fifo_mem_reg_7__18_
               (rising edge-triggered flip-flop clocked by clk)
  Endpoint: fifo_mem_reg_7__18_
               (rising edge-triggered flip-flop clocked by clk)
  Path Group: clk
  Path Type: min

  Point                                                   Incr       Path
  ------------------------------------------------------------------------------
  clock clk (rise edge)                                   0.00       0.00
  clock network delay (ideal)                             0.00       0.00
  fifo_mem_reg_7__18_/CLK (DFFHQNx1_ASAP7_75t_R)          0.00       0.00 r
  fifo_mem_reg_7__18_/QN (DFFHQNx1_ASAP7_75t_R)          48.37      48.37 r
  U548/Y (AOI22xp33_ASAP7_75t_R)                         12.41      60.79 f
  fifo_mem_reg_7__18_/D (DFFHQNx1_ASAP7_75t_R)            0.00      60.79 f
  data arrival time                                                 60.79

  clock clk (rise edge)                                   0.00       0.00
  clock network delay (ideal)                             0.00       0.00
  fifo_mem_reg_7__18_/CLK (DFFHQNx1_ASAP7_75t_R)                     0.00 r
  clock reconvergence pessimism                           0.00       0.00
  clock uncertainty                                     100.00     100.00
  library hold time                                      13.32     113.32
  data required time                                               113.32
  ------------------------------------------------------------------------------
  data required time                                               113.32
  data arrival time                                                -60.79
  ------------------------------------------------------------------------------
  slack (VIOLATED)                                                 -52.54


  Startpoint: fifo_mem_reg_7__17_
               (rising edge-triggered flip-flop clocked by clk)
  Endpoint: fifo_mem_reg_7__17_
               (rising edge-triggered flip-flop clocked by clk)
  Path Group: clk
  Path Type: min

  Point                                                   Incr       Path
  ------------------------------------------------------------------------------
  clock clk (rise edge)                                   0.00       0.00
  clock network delay (ideal)                             0.00       0.00
  fifo_mem_reg_7__17_/CLK (DFFHQNx1_ASAP7_75t_R)          0.00       0.00 r
  fifo_mem_reg_7__17_/QN (DFFHQNx1_ASAP7_75t_R)          48.37      48.37 r
  U547/Y (AOI22xp33_ASAP7_75t_R)                         12.41      60.79 f
  fifo_mem_reg_7__17_/D (DFFHQNx1_ASAP7_75t_R)            0.00      60.79 f
  data arrival time                                                 60.79

  clock clk (rise edge)                                   0.00       0.00
  clock network delay (ideal)                             0.00       0.00
  fifo_mem_reg_7__17_/CLK (DFFHQNx1_ASAP7_75t_R)                     0.00 r
  clock reconvergence pessimism                           0.00       0.00
  clock uncertainty                                     100.00     100.00
  library hold time                                      13.32     113.32
  data required time                                               113.32
  ------------------------------------------------------------------------------
  data required time                                               113.32
  data arrival time                                                -60.79
  ------------------------------------------------------------------------------
  slack (VIOLATED)                                                 -52.54


  Startpoint: fifo_mem_reg_7__16_
               (rising edge-triggered flip-flop clocked by clk)
  Endpoint: fifo_mem_reg_7__16_
               (rising edge-triggered flip-flop clocked by clk)
  Path Group: clk
  Path Type: min

  Point                                                   Incr       Path
  ------------------------------------------------------------------------------
  clock clk (rise edge)                                   0.00       0.00
  clock network delay (ideal)                             0.00       0.00
  fifo_mem_reg_7__16_/CLK (DFFHQNx1_ASAP7_75t_R)          0.00       0.00 r
  fifo_mem_reg_7__16_/QN (DFFHQNx1_ASAP7_75t_R)          48.37      48.37 r
  U546/Y (AOI22xp33_ASAP7_75t_R)                         12.41      60.79 f
  fifo_mem_reg_7__16_/D (DFFHQNx1_ASAP7_75t_R)            0.00      60.79 f
  data arrival time                                                 60.79

  clock clk (rise edge)                                   0.00       0.00
  clock network delay (ideal)                             0.00       0.00
  fifo_mem_reg_7__16_/CLK (DFFHQNx1_ASAP7_75t_R)                     0.00 r
  clock reconvergence pessimism                           0.00       0.00
  clock uncertainty                                     100.00     100.00
  library hold time                                      13.32     113.32
  data required time                                               113.32
  ------------------------------------------------------------------------------
  data required time                                               113.32
  data arrival time                                                -60.79
  ------------------------------------------------------------------------------
  slack (VIOLATED)                                                 -52.54


  Startpoint: fifo_mem_reg_7__15_
               (rising edge-triggered flip-flop clocked by clk)
  Endpoint: fifo_mem_reg_7__15_
               (rising edge-triggered flip-flop clocked by clk)
  Path Group: clk
  Path Type: min

  Point                                                   Incr       Path
  ------------------------------------------------------------------------------
  clock clk (rise edge)                                   0.00       0.00
  clock network delay (ideal)                             0.00       0.00
  fifo_mem_reg_7__15_/CLK (DFFHQNx1_ASAP7_75t_R)          0.00       0.00 r
  fifo_mem_reg_7__15_/QN (DFFHQNx1_ASAP7_75t_R)          48.37      48.37 r
  U545/Y (AOI22xp33_ASAP7_75t_R)                         12.41      60.79 f
  fifo_mem_reg_7__15_/D (DFFHQNx1_ASAP7_75t_R)            0.00      60.79 f
  data arrival time                                                 60.79

  clock clk (rise edge)                                   0.00       0.00
  clock network delay (ideal)                             0.00       0.00
  fifo_mem_reg_7__15_/CLK (DFFHQNx1_ASAP7_75t_R)                     0.00 r
  clock reconvergence pessimism                           0.00       0.00
  clock uncertainty                                     100.00     100.00
  library hold time                                      13.32     113.32
  data required time                                               113.32
  ------------------------------------------------------------------------------
  data required time                                               113.32
  data arrival time                                                -60.79
  ------------------------------------------------------------------------------
  slack (VIOLATED)                                                 -52.54


  Startpoint: fifo_mem_reg_7__14_
               (rising edge-triggered flip-flop clocked by clk)
  Endpoint: fifo_mem_reg_7__14_
               (rising edge-triggered flip-flop clocked by clk)
  Path Group: clk
  Path Type: min

  Point                                                   Incr       Path
  ------------------------------------------------------------------------------
  clock clk (rise edge)                                   0.00       0.00
  clock network delay (ideal)                             0.00       0.00
  fifo_mem_reg_7__14_/CLK (DFFHQNx1_ASAP7_75t_R)          0.00       0.00 r
  fifo_mem_reg_7__14_/QN (DFFHQNx1_ASAP7_75t_R)          48.37      48.37 r
  U544/Y (AOI22xp33_ASAP7_75t_R)                         12.41      60.79 f
  fifo_mem_reg_7__14_/D (DFFHQNx1_ASAP7_75t_R)            0.00      60.79 f
  data arrival time                                                 60.79

  clock clk (rise edge)                                   0.00       0.00
  clock network delay (ideal)                             0.00       0.00
  fifo_mem_reg_7__14_/CLK (DFFHQNx1_ASAP7_75t_R)                     0.00 r
  clock reconvergence pessimism                           0.00       0.00
  clock uncertainty                                     100.00     100.00
  library hold time                                      13.32     113.32
  data required time                                               113.32
  ------------------------------------------------------------------------------
  data required time                                               113.32
  data arrival time                                                -60.79
  ------------------------------------------------------------------------------
  slack (VIOLATED)                                                 -52.54


  Startpoint: fifo_mem_reg_7__13_
               (rising edge-triggered flip-flop clocked by clk)
  Endpoint: fifo_mem_reg_7__13_
               (rising edge-triggered flip-flop clocked by clk)
  Path Group: clk
  Path Type: min

  Point                                                   Incr       Path
  ------------------------------------------------------------------------------
  clock clk (rise edge)                                   0.00       0.00
  clock network delay (ideal)                             0.00       0.00
  fifo_mem_reg_7__13_/CLK (DFFHQNx1_ASAP7_75t_R)          0.00       0.00 r
  fifo_mem_reg_7__13_/QN (DFFHQNx1_ASAP7_75t_R)          48.37      48.37 r
  U543/Y (AOI22xp33_ASAP7_75t_R)                         12.41      60.79 f
  fifo_mem_reg_7__13_/D (DFFHQNx1_ASAP7_75t_R)            0.00      60.79 f
  data arrival time                                                 60.79

  clock clk (rise edge)                                   0.00       0.00
  clock network delay (ideal)                             0.00       0.00
  fifo_mem_reg_7__13_/CLK (DFFHQNx1_ASAP7_75t_R)                     0.00 r
  clock reconvergence pessimism                           0.00       0.00
  clock uncertainty                                     100.00     100.00
  library hold time                                      13.32     113.32
  data required time                                               113.32
  ------------------------------------------------------------------------------
  data required time                                               113.32
  data arrival time                                                -60.79
  ------------------------------------------------------------------------------
  slack (VIOLATED)                                                 -52.54


  Startpoint: fifo_mem_reg_7__12_
               (rising edge-triggered flip-flop clocked by clk)
  Endpoint: fifo_mem_reg_7__12_
               (rising edge-triggered flip-flop clocked by clk)
  Path Group: clk
  Path Type: min

  Point                                                   Incr       Path
  ------------------------------------------------------------------------------
  clock clk (rise edge)                                   0.00       0.00
  clock network delay (ideal)                             0.00       0.00
  fifo_mem_reg_7__12_/CLK (DFFHQNx1_ASAP7_75t_R)          0.00       0.00 r
  fifo_mem_reg_7__12_/QN (DFFHQNx1_ASAP7_75t_R)          48.37      48.37 r
  U542/Y (AOI22xp33_ASAP7_75t_R)                         12.41      60.79 f
  fifo_mem_reg_7__12_/D (DFFHQNx1_ASAP7_75t_R)            0.00      60.79 f
  data arrival time                                                 60.79

  clock clk (rise edge)                                   0.00       0.00
  clock network delay (ideal)                             0.00       0.00
  fifo_mem_reg_7__12_/CLK (DFFHQNx1_ASAP7_75t_R)                     0.00 r
  clock reconvergence pessimism                           0.00       0.00
  clock uncertainty                                     100.00     100.00
  library hold time                                      13.32     113.32
  data required time                                               113.32
  ------------------------------------------------------------------------------
  data required time                                               113.32
  data arrival time                                                -60.79
  ------------------------------------------------------------------------------
  slack (VIOLATED)                                                 -52.54


  Startpoint: fifo_mem_reg_7__11_
               (rising edge-triggered flip-flop clocked by clk)
  Endpoint: fifo_mem_reg_7__11_
               (rising edge-triggered flip-flop clocked by clk)
  Path Group: clk
  Path Type: min

  Point                                                   Incr       Path
  ------------------------------------------------------------------------------
  clock clk (rise edge)                                   0.00       0.00
  clock network delay (ideal)                             0.00       0.00
  fifo_mem_reg_7__11_/CLK (DFFHQNx1_ASAP7_75t_R)          0.00       0.00 r
  fifo_mem_reg_7__11_/QN (DFFHQNx1_ASAP7_75t_R)          48.37      48.37 r
  U541/Y (AOI22xp33_ASAP7_75t_R)                         12.41      60.79 f
  fifo_mem_reg_7__11_/D (DFFHQNx1_ASAP7_75t_R)            0.00      60.79 f
  data arrival time                                                 60.79

  clock clk (rise edge)                                   0.00       0.00
  clock network delay (ideal)                             0.00       0.00
  fifo_mem_reg_7__11_/CLK (DFFHQNx1_ASAP7_75t_R)                     0.00 r
  clock reconvergence pessimism                           0.00       0.00
  clock uncertainty                                     100.00     100.00
  library hold time                                      13.32     113.32
  data required time                                               113.32
  ------------------------------------------------------------------------------
  data required time                                               113.32
  data arrival time                                                -60.79
  ------------------------------------------------------------------------------
  slack (VIOLATED)                                                 -52.54


  Startpoint: fifo_mem_reg_7__10_
               (rising edge-triggered flip-flop clocked by clk)
  Endpoint: fifo_mem_reg_7__10_
               (rising edge-triggered flip-flop clocked by clk)
  Path Group: clk
  Path Type: min

  Point                                                   Incr       Path
  ------------------------------------------------------------------------------
  clock clk (rise edge)                                   0.00       0.00
  clock network delay (ideal)                             0.00       0.00
  fifo_mem_reg_7__10_/CLK (DFFHQNx1_ASAP7_75t_R)          0.00       0.00 r
  fifo_mem_reg_7__10_/QN (DFFHQNx1_ASAP7_75t_R)          48.37      48.37 r
  U540/Y (AOI22xp33_ASAP7_75t_R)                         12.41      60.79 f
  fifo_mem_reg_7__10_/D (DFFHQNx1_ASAP7_75t_R)            0.00      60.79 f
  data arrival time                                                 60.79

  clock clk (rise edge)                                   0.00       0.00
  clock network delay (ideal)                             0.00       0.00
  fifo_mem_reg_7__10_/CLK (DFFHQNx1_ASAP7_75t_R)                     0.00 r
  clock reconvergence pessimism                           0.00       0.00
  clock uncertainty                                     100.00     100.00
  library hold time                                      13.32     113.32
  data required time                                               113.32
  ------------------------------------------------------------------------------
  data required time                                               113.32
  data arrival time                                                -60.79
  ------------------------------------------------------------------------------
  slack (VIOLATED)                                                 -52.54


  Startpoint: fifo_mem_reg_7__9_
               (rising edge-triggered flip-flop clocked by clk)
  Endpoint: fifo_mem_reg_7__9_
               (rising edge-triggered flip-flop clocked by clk)
  Path Group: clk
  Path Type: min

  Point                                                   Incr       Path
  ------------------------------------------------------------------------------
  clock clk (rise edge)                                   0.00       0.00
  clock network delay (ideal)                             0.00       0.00
  fifo_mem_reg_7__9_/CLK (DFFHQNx1_ASAP7_75t_R)           0.00       0.00 r
  fifo_mem_reg_7__9_/QN (DFFHQNx1_ASAP7_75t_R)           48.37      48.37 r
  U539/Y (AOI22xp33_ASAP7_75t_R)                         12.41      60.79 f
  fifo_mem_reg_7__9_/D (DFFHQNx1_ASAP7_75t_R)             0.00      60.79 f
  data arrival time                                                 60.79

  clock clk (rise edge)                                   0.00       0.00
  clock network delay (ideal)                             0.00       0.00
  fifo_mem_reg_7__9_/CLK (DFFHQNx1_ASAP7_75t_R)                      0.00 r
  clock reconvergence pessimism                           0.00       0.00
  clock uncertainty                                     100.00     100.00
  library hold time                                      13.32     113.32
  data required time                                               113.32
  ------------------------------------------------------------------------------
  data required time                                               113.32
  data arrival time                                                -60.79
  ------------------------------------------------------------------------------
  slack (VIOLATED)                                                 -52.54


  Startpoint: fifo_mem_reg_7__8_
               (rising edge-triggered flip-flop clocked by clk)
  Endpoint: fifo_mem_reg_7__8_
               (rising edge-triggered flip-flop clocked by clk)
  Path Group: clk
  Path Type: min

  Point                                                   Incr       Path
  ------------------------------------------------------------------------------
  clock clk (rise edge)                                   0.00       0.00
  clock network delay (ideal)                             0.00       0.00
  fifo_mem_reg_7__8_/CLK (DFFHQNx1_ASAP7_75t_R)           0.00       0.00 r
  fifo_mem_reg_7__8_/QN (DFFHQNx1_ASAP7_75t_R)           48.37      48.37 r
  U538/Y (AOI22xp33_ASAP7_75t_R)                         12.41      60.79 f
  fifo_mem_reg_7__8_/D (DFFHQNx1_ASAP7_75t_R)             0.00      60.79 f
  data arrival time                                                 60.79

  clock clk (rise edge)                                   0.00       0.00
  clock network delay (ideal)                             0.00       0.00
  fifo_mem_reg_7__8_/CLK (DFFHQNx1_ASAP7_75t_R)                      0.00 r
  clock reconvergence pessimism                           0.00       0.00
  clock uncertainty                                     100.00     100.00
  library hold time                                      13.32     113.32
  data required time                                               113.32
  ------------------------------------------------------------------------------
  data required time                                               113.32
  data arrival time                                                -60.79
  ------------------------------------------------------------------------------
  slack (VIOLATED)                                                 -52.54


  Startpoint: fifo_mem_reg_7__7_
               (rising edge-triggered flip-flop clocked by clk)
  Endpoint: fifo_mem_reg_7__7_
               (rising edge-triggered flip-flop clocked by clk)
  Path Group: clk
  Path Type: min

  Point                                                   Incr       Path
  ------------------------------------------------------------------------------
  clock clk (rise edge)                                   0.00       0.00
  clock network delay (ideal)                             0.00       0.00
  fifo_mem_reg_7__7_/CLK (DFFHQNx1_ASAP7_75t_R)           0.00       0.00 r
  fifo_mem_reg_7__7_/QN (DFFHQNx1_ASAP7_75t_R)           48.37      48.37 r
  U537/Y (AOI22xp33_ASAP7_75t_R)                         12.41      60.79 f
  fifo_mem_reg_7__7_/D (DFFHQNx1_ASAP7_75t_R)             0.00      60.79 f
  data arrival time                                                 60.79

  clock clk (rise edge)                                   0.00       0.00
  clock network delay (ideal)                             0.00       0.00
  fifo_mem_reg_7__7_/CLK (DFFHQNx1_ASAP7_75t_R)                      0.00 r
  clock reconvergence pessimism                           0.00       0.00
  clock uncertainty                                     100.00     100.00
  library hold time                                      13.32     113.32
  data required time                                               113.32
  ------------------------------------------------------------------------------
  data required time                                               113.32
  data arrival time                                                -60.79
  ------------------------------------------------------------------------------
  slack (VIOLATED)                                                 -52.54


  Startpoint: fifo_mem_reg_7__6_
               (rising edge-triggered flip-flop clocked by clk)
  Endpoint: fifo_mem_reg_7__6_
               (rising edge-triggered flip-flop clocked by clk)
  Path Group: clk
  Path Type: min

  Point                                                   Incr       Path
  ------------------------------------------------------------------------------
  clock clk (rise edge)                                   0.00       0.00
  clock network delay (ideal)                             0.00       0.00
  fifo_mem_reg_7__6_/CLK (DFFHQNx1_ASAP7_75t_R)           0.00       0.00 r
  fifo_mem_reg_7__6_/QN (DFFHQNx1_ASAP7_75t_R)           48.37      48.37 r
  U536/Y (AOI22xp33_ASAP7_75t_R)                         12.41      60.79 f
  fifo_mem_reg_7__6_/D (DFFHQNx1_ASAP7_75t_R)             0.00      60.79 f
  data arrival time                                                 60.79

  clock clk (rise edge)                                   0.00       0.00
  clock network delay (ideal)                             0.00       0.00
  fifo_mem_reg_7__6_/CLK (DFFHQNx1_ASAP7_75t_R)                      0.00 r
  clock reconvergence pessimism                           0.00       0.00
  clock uncertainty                                     100.00     100.00
  library hold time                                      13.32     113.32
  data required time                                               113.32
  ------------------------------------------------------------------------------
  data required time                                               113.32
  data arrival time                                                -60.79
  ------------------------------------------------------------------------------
  slack (VIOLATED)                                                 -52.54


  Startpoint: fifo_mem_reg_7__5_
               (rising edge-triggered flip-flop clocked by clk)
  Endpoint: fifo_mem_reg_7__5_
               (rising edge-triggered flip-flop clocked by clk)
  Path Group: clk
  Path Type: min

  Point                                                   Incr       Path
  ------------------------------------------------------------------------------
  clock clk (rise edge)                                   0.00       0.00
  clock network delay (ideal)                             0.00       0.00
  fifo_mem_reg_7__5_/CLK (DFFHQNx1_ASAP7_75t_R)           0.00       0.00 r
  fifo_mem_reg_7__5_/QN (DFFHQNx1_ASAP7_75t_R)           48.37      48.37 r
  U535/Y (AOI22xp33_ASAP7_75t_R)                         12.41      60.79 f
  fifo_mem_reg_7__5_/D (DFFHQNx1_ASAP7_75t_R)             0.00      60.79 f
  data arrival time                                                 60.79

  clock clk (rise edge)                                   0.00       0.00
  clock network delay (ideal)                             0.00       0.00
  fifo_mem_reg_7__5_/CLK (DFFHQNx1_ASAP7_75t_R)                      0.00 r
  clock reconvergence pessimism                           0.00       0.00
  clock uncertainty                                     100.00     100.00
  library hold time                                      13.32     113.32
  data required time                                               113.32
  ------------------------------------------------------------------------------
  data required time                                               113.32
  data arrival time                                                -60.79
  ------------------------------------------------------------------------------
  slack (VIOLATED)                                                 -52.54


  Startpoint: fifo_mem_reg_7__4_
               (rising edge-triggered flip-flop clocked by clk)
  Endpoint: fifo_mem_reg_7__4_
               (rising edge-triggered flip-flop clocked by clk)
  Path Group: clk
  Path Type: min

  Point                                                   Incr       Path
  ------------------------------------------------------------------------------
  clock clk (rise edge)                                   0.00       0.00
  clock network delay (ideal)                             0.00       0.00
  fifo_mem_reg_7__4_/CLK (DFFHQNx1_ASAP7_75t_R)           0.00       0.00 r
  fifo_mem_reg_7__4_/QN (DFFHQNx1_ASAP7_75t_R)           48.37      48.37 r
  U534/Y (AOI22xp33_ASAP7_75t_R)                         12.41      60.79 f
  fifo_mem_reg_7__4_/D (DFFHQNx1_ASAP7_75t_R)             0.00      60.79 f
  data arrival time                                                 60.79

  clock clk (rise edge)                                   0.00       0.00
  clock network delay (ideal)                             0.00       0.00
  fifo_mem_reg_7__4_/CLK (DFFHQNx1_ASAP7_75t_R)                      0.00 r
  clock reconvergence pessimism                           0.00       0.00
  clock uncertainty                                     100.00     100.00
  library hold time                                      13.32     113.32
  data required time                                               113.32
  ------------------------------------------------------------------------------
  data required time                                               113.32
  data arrival time                                                -60.79
  ------------------------------------------------------------------------------
  slack (VIOLATED)                                                 -52.54


  Startpoint: fifo_mem_reg_7__3_
               (rising edge-triggered flip-flop clocked by clk)
  Endpoint: fifo_mem_reg_7__3_
               (rising edge-triggered flip-flop clocked by clk)
  Path Group: clk
  Path Type: min

  Point                                                   Incr       Path
  ------------------------------------------------------------------------------
  clock clk (rise edge)                                   0.00       0.00
  clock network delay (ideal)                             0.00       0.00
  fifo_mem_reg_7__3_/CLK (DFFHQNx1_ASAP7_75t_R)           0.00       0.00 r
  fifo_mem_reg_7__3_/QN (DFFHQNx1_ASAP7_75t_R)           48.37      48.37 r
  U533/Y (AOI22xp33_ASAP7_75t_R)                         12.41      60.79 f
  fifo_mem_reg_7__3_/D (DFFHQNx1_ASAP7_75t_R)             0.00      60.79 f
  data arrival time                                                 60.79

  clock clk (rise edge)                                   0.00       0.00
  clock network delay (ideal)                             0.00       0.00
  fifo_mem_reg_7__3_/CLK (DFFHQNx1_ASAP7_75t_R)                      0.00 r
  clock reconvergence pessimism                           0.00       0.00
  clock uncertainty                                     100.00     100.00
  library hold time                                      13.32     113.32
  data required time                                               113.32
  ------------------------------------------------------------------------------
  data required time                                               113.32
  data arrival time                                                -60.79
  ------------------------------------------------------------------------------
  slack (VIOLATED)                                                 -52.54


  Startpoint: fifo_mem_reg_7__2_
               (rising edge-triggered flip-flop clocked by clk)
  Endpoint: fifo_mem_reg_7__2_
               (rising edge-triggered flip-flop clocked by clk)
  Path Group: clk
  Path Type: min

  Point                                                   Incr       Path
  ------------------------------------------------------------------------------
  clock clk (rise edge)                                   0.00       0.00
  clock network delay (ideal)                             0.00       0.00
  fifo_mem_reg_7__2_/CLK (DFFHQNx1_ASAP7_75t_R)           0.00       0.00 r
  fifo_mem_reg_7__2_/QN (DFFHQNx1_ASAP7_75t_R)           48.37      48.37 r
  U532/Y (AOI22xp33_ASAP7_75t_R)                         12.41      60.79 f
  fifo_mem_reg_7__2_/D (DFFHQNx1_ASAP7_75t_R)             0.00      60.79 f
  data arrival time                                                 60.79

  clock clk (rise edge)                                   0.00       0.00
  clock network delay (ideal)                             0.00       0.00
  fifo_mem_reg_7__2_/CLK (DFFHQNx1_ASAP7_75t_R)                      0.00 r
  clock reconvergence pessimism                           0.00       0.00
  clock uncertainty                                     100.00     100.00
  library hold time                                      13.32     113.32
  data required time                                               113.32
  ------------------------------------------------------------------------------
  data required time                                               113.32
  data arrival time                                                -60.79
  ------------------------------------------------------------------------------
  slack (VIOLATED)                                                 -52.54


  Startpoint: fifo_mem_reg_7__1_
               (rising edge-triggered flip-flop clocked by clk)
  Endpoint: fifo_mem_reg_7__1_
               (rising edge-triggered flip-flop clocked by clk)
  Path Group: clk
  Path Type: min

  Point                                                   Incr       Path
  ------------------------------------------------------------------------------
  clock clk (rise edge)                                   0.00       0.00
  clock network delay (ideal)                             0.00       0.00
  fifo_mem_reg_7__1_/CLK (DFFHQNx1_ASAP7_75t_R)           0.00       0.00 r
  fifo_mem_reg_7__1_/QN (DFFHQNx1_ASAP7_75t_R)           48.37      48.37 r
  U531/Y (AOI22xp33_ASAP7_75t_R)                         12.41      60.79 f
  fifo_mem_reg_7__1_/D (DFFHQNx1_ASAP7_75t_R)             0.00      60.79 f
  data arrival time                                                 60.79

  clock clk (rise edge)                                   0.00       0.00
  clock network delay (ideal)                             0.00       0.00
  fifo_mem_reg_7__1_/CLK (DFFHQNx1_ASAP7_75t_R)                      0.00 r
  clock reconvergence pessimism                           0.00       0.00
  clock uncertainty                                     100.00     100.00
  library hold time                                      13.32     113.32
  data required time                                               113.32
  ------------------------------------------------------------------------------
  data required time                                               113.32
  data arrival time                                                -60.79
  ------------------------------------------------------------------------------
  slack (VIOLATED)                                                 -52.54


  Startpoint: fifo_mem_reg_2__22_
               (rising edge-triggered flip-flop clocked by clk)
  Endpoint: fifo_mem_reg_2__22_
               (rising edge-triggered flip-flop clocked by clk)
  Path Group: clk
  Path Type: min

  Point                                                   Incr       Path
  ------------------------------------------------------------------------------
  clock clk (rise edge)                                   0.00       0.00
  clock network delay (ideal)                             0.00       0.00
  fifo_mem_reg_2__22_/CLK (DFFHQNx1_ASAP7_75t_R)          0.00       0.00 r
  fifo_mem_reg_2__22_/QN (DFFHQNx1_ASAP7_75t_R)          48.37      48.37 r
  U478/Y (AOI22xp33_ASAP7_75t_R)                         12.41      60.79 f
  fifo_mem_reg_2__22_/D (DFFHQNx1_ASAP7_75t_R)            0.00      60.79 f
  data arrival time                                                 60.79

  clock clk (rise edge)                                   0.00       0.00
  clock network delay (ideal)                             0.00       0.00
  fifo_mem_reg_2__22_/CLK (DFFHQNx1_ASAP7_75t_R)                     0.00 r
  clock reconvergence pessimism                           0.00       0.00
  clock uncertainty                                     100.00     100.00
  library hold time                                      13.32     113.32
  data required time                                               113.32
  ------------------------------------------------------------------------------
  data required time                                               113.32
  data arrival time                                                -60.79
  ------------------------------------------------------------------------------
  slack (VIOLATED)                                                 -52.54


  Startpoint: fifo_mem_reg_2__21_
               (rising edge-triggered flip-flop clocked by clk)
  Endpoint: fifo_mem_reg_2__21_
               (rising edge-triggered flip-flop clocked by clk)
  Path Group: clk
  Path Type: min

  Point                                                   Incr       Path
  ------------------------------------------------------------------------------
  clock clk (rise edge)                                   0.00       0.00
  clock network delay (ideal)                             0.00       0.00
  fifo_mem_reg_2__21_/CLK (DFFHQNx1_ASAP7_75t_R)          0.00       0.00 r
  fifo_mem_reg_2__21_/QN (DFFHQNx1_ASAP7_75t_R)          48.37      48.37 r
  U479/Y (AOI22xp33_ASAP7_75t_R)                         12.41      60.79 f
  fifo_mem_reg_2__21_/D (DFFHQNx1_ASAP7_75t_R)            0.00      60.79 f
  data arrival time                                                 60.79

  clock clk (rise edge)                                   0.00       0.00
  clock network delay (ideal)                             0.00       0.00
  fifo_mem_reg_2__21_/CLK (DFFHQNx1_ASAP7_75t_R)                     0.00 r
  clock reconvergence pessimism                           0.00       0.00
  clock uncertainty                                     100.00     100.00
  library hold time                                      13.32     113.32
  data required time                                               113.32
  ------------------------------------------------------------------------------
  data required time                                               113.32
  data arrival time                                                -60.79
  ------------------------------------------------------------------------------
  slack (VIOLATED)                                                 -52.54


  Startpoint: fifo_mem_reg_2__20_
               (rising edge-triggered flip-flop clocked by clk)
  Endpoint: fifo_mem_reg_2__20_
               (rising edge-triggered flip-flop clocked by clk)
  Path Group: clk
  Path Type: min

  Point                                                   Incr       Path
  ------------------------------------------------------------------------------
  clock clk (rise edge)                                   0.00       0.00
  clock network delay (ideal)                             0.00       0.00
  fifo_mem_reg_2__20_/CLK (DFFHQNx1_ASAP7_75t_R)          0.00       0.00 r
  fifo_mem_reg_2__20_/QN (DFFHQNx1_ASAP7_75t_R)          48.37      48.37 r
  U480/Y (AOI22xp33_ASAP7_75t_R)                         12.41      60.79 f
  fifo_mem_reg_2__20_/D (DFFHQNx1_ASAP7_75t_R)            0.00      60.79 f
  data arrival time                                                 60.79

  clock clk (rise edge)                                   0.00       0.00
  clock network delay (ideal)                             0.00       0.00
  fifo_mem_reg_2__20_/CLK (DFFHQNx1_ASAP7_75t_R)                     0.00 r
  clock reconvergence pessimism                           0.00       0.00
  clock uncertainty                                     100.00     100.00
  library hold time                                      13.32     113.32
  data required time                                               113.32
  ------------------------------------------------------------------------------
  data required time                                               113.32
  data arrival time                                                -60.79
  ------------------------------------------------------------------------------
  slack (VIOLATED)                                                 -52.54


  Startpoint: fifo_mem_reg_2__19_
               (rising edge-triggered flip-flop clocked by clk)
  Endpoint: fifo_mem_reg_2__19_
               (rising edge-triggered flip-flop clocked by clk)
  Path Group: clk
  Path Type: min

  Point                                                   Incr       Path
  ------------------------------------------------------------------------------
  clock clk (rise edge)                                   0.00       0.00
  clock network delay (ideal)                             0.00       0.00
  fifo_mem_reg_2__19_/CLK (DFFHQNx1_ASAP7_75t_R)          0.00       0.00 r
  fifo_mem_reg_2__19_/QN (DFFHQNx1_ASAP7_75t_R)          48.37      48.37 r
  U482/Y (AOI22xp33_ASAP7_75t_R)                         12.41      60.79 f
  fifo_mem_reg_2__19_/D (DFFHQNx1_ASAP7_75t_R)            0.00      60.79 f
  data arrival time                                                 60.79

  clock clk (rise edge)                                   0.00       0.00
  clock network delay (ideal)                             0.00       0.00
  fifo_mem_reg_2__19_/CLK (DFFHQNx1_ASAP7_75t_R)                     0.00 r
  clock reconvergence pessimism                           0.00       0.00
  clock uncertainty                                     100.00     100.00
  library hold time                                      13.32     113.32
  data required time                                               113.32
  ------------------------------------------------------------------------------
  data required time                                               113.32
  data arrival time                                                -60.79
  ------------------------------------------------------------------------------
  slack (VIOLATED)                                                 -52.54


  Startpoint: fifo_mem_reg_2__18_
               (rising edge-triggered flip-flop clocked by clk)
  Endpoint: fifo_mem_reg_2__18_
               (rising edge-triggered flip-flop clocked by clk)
  Path Group: clk
  Path Type: min

  Point                                                   Incr       Path
  ------------------------------------------------------------------------------
  clock clk (rise edge)                                   0.00       0.00
  clock network delay (ideal)                             0.00       0.00
  fifo_mem_reg_2__18_/CLK (DFFHQNx1_ASAP7_75t_R)          0.00       0.00 r
  fifo_mem_reg_2__18_/QN (DFFHQNx1_ASAP7_75t_R)          48.37      48.37 r
  U483/Y (AOI22xp33_ASAP7_75t_R)                         12.41      60.79 f
  fifo_mem_reg_2__18_/D (DFFHQNx1_ASAP7_75t_R)            0.00      60.79 f
  data arrival time                                                 60.79

  clock clk (rise edge)                                   0.00       0.00
  clock network delay (ideal)                             0.00       0.00
  fifo_mem_reg_2__18_/CLK (DFFHQNx1_ASAP7_75t_R)                     0.00 r
  clock reconvergence pessimism                           0.00       0.00
  clock uncertainty                                     100.00     100.00
  library hold time                                      13.32     113.32
  data required time                                               113.32
  ------------------------------------------------------------------------------
  data required time                                               113.32
  data arrival time                                                -60.79
  ------------------------------------------------------------------------------
  slack (VIOLATED)                                                 -52.54


  Startpoint: fifo_mem_reg_2__17_
               (rising edge-triggered flip-flop clocked by clk)
  Endpoint: fifo_mem_reg_2__17_
               (rising edge-triggered flip-flop clocked by clk)
  Path Group: clk
  Path Type: min

  Point                                                   Incr       Path
  ------------------------------------------------------------------------------
  clock clk (rise edge)                                   0.00       0.00
  clock network delay (ideal)                             0.00       0.00
  fifo_mem_reg_2__17_/CLK (DFFHQNx1_ASAP7_75t_R)          0.00       0.00 r
  fifo_mem_reg_2__17_/QN (DFFHQNx1_ASAP7_75t_R)          48.37      48.37 r
  U484/Y (AOI22xp33_ASAP7_75t_R)                         12.41      60.79 f
  fifo_mem_reg_2__17_/D (DFFHQNx1_ASAP7_75t_R)            0.00      60.79 f
  data arrival time                                                 60.79

  clock clk (rise edge)                                   0.00       0.00
  clock network delay (ideal)                             0.00       0.00
  fifo_mem_reg_2__17_/CLK (DFFHQNx1_ASAP7_75t_R)                     0.00 r
  clock reconvergence pessimism                           0.00       0.00
  clock uncertainty                                     100.00     100.00
  library hold time                                      13.32     113.32
  data required time                                               113.32
  ------------------------------------------------------------------------------
  data required time                                               113.32
  data arrival time                                                -60.79
  ------------------------------------------------------------------------------
  slack (VIOLATED)                                                 -52.54


  Startpoint: fifo_mem_reg_2__16_
               (rising edge-triggered flip-flop clocked by clk)
  Endpoint: fifo_mem_reg_2__16_
               (rising edge-triggered flip-flop clocked by clk)
  Path Group: clk
  Path Type: min

  Point                                                   Incr       Path
  ------------------------------------------------------------------------------
  clock clk (rise edge)                                   0.00       0.00
  clock network delay (ideal)                             0.00       0.00
  fifo_mem_reg_2__16_/CLK (DFFHQNx1_ASAP7_75t_R)          0.00       0.00 r
  fifo_mem_reg_2__16_/QN (DFFHQNx1_ASAP7_75t_R)          48.37      48.37 r
  U485/Y (AOI22xp33_ASAP7_75t_R)                         12.41      60.79 f
  fifo_mem_reg_2__16_/D (DFFHQNx1_ASAP7_75t_R)            0.00      60.79 f
  data arrival time                                                 60.79

  clock clk (rise edge)                                   0.00       0.00
  clock network delay (ideal)                             0.00       0.00
  fifo_mem_reg_2__16_/CLK (DFFHQNx1_ASAP7_75t_R)                     0.00 r
  clock reconvergence pessimism                           0.00       0.00
  clock uncertainty                                     100.00     100.00
  library hold time                                      13.32     113.32
  data required time                                               113.32
  ------------------------------------------------------------------------------
  data required time                                               113.32
  data arrival time                                                -60.79
  ------------------------------------------------------------------------------
  slack (VIOLATED)                                                 -52.54


  Startpoint: fifo_mem_reg_2__15_
               (rising edge-triggered flip-flop clocked by clk)
  Endpoint: fifo_mem_reg_2__15_
               (rising edge-triggered flip-flop clocked by clk)
  Path Group: clk
  Path Type: min

  Point                                                   Incr       Path
  ------------------------------------------------------------------------------
  clock clk (rise edge)                                   0.00       0.00
  clock network delay (ideal)                             0.00       0.00
  fifo_mem_reg_2__15_/CLK (DFFHQNx1_ASAP7_75t_R)          0.00       0.00 r
  fifo_mem_reg_2__15_/QN (DFFHQNx1_ASAP7_75t_R)          48.37      48.37 r
  U486/Y (AOI22xp33_ASAP7_75t_R)                         12.41      60.79 f
  fifo_mem_reg_2__15_/D (DFFHQNx1_ASAP7_75t_R)            0.00      60.79 f
  data arrival time                                                 60.79

  clock clk (rise edge)                                   0.00       0.00
  clock network delay (ideal)                             0.00       0.00
  fifo_mem_reg_2__15_/CLK (DFFHQNx1_ASAP7_75t_R)                     0.00 r
  clock reconvergence pessimism                           0.00       0.00
  clock uncertainty                                     100.00     100.00
  library hold time                                      13.32     113.32
  data required time                                               113.32
  ------------------------------------------------------------------------------
  data required time                                               113.32
  data arrival time                                                -60.79
  ------------------------------------------------------------------------------
  slack (VIOLATED)                                                 -52.54


  Startpoint: fifo_mem_reg_2__14_
               (rising edge-triggered flip-flop clocked by clk)
  Endpoint: fifo_mem_reg_2__14_
               (rising edge-triggered flip-flop clocked by clk)
  Path Group: clk
  Path Type: min

  Point                                                   Incr       Path
  ------------------------------------------------------------------------------
  clock clk (rise edge)                                   0.00       0.00
  clock network delay (ideal)                             0.00       0.00
  fifo_mem_reg_2__14_/CLK (DFFHQNx1_ASAP7_75t_R)          0.00       0.00 r
  fifo_mem_reg_2__14_/QN (DFFHQNx1_ASAP7_75t_R)          48.37      48.37 r
  U487/Y (AOI22xp33_ASAP7_75t_R)                         12.41      60.79 f
  fifo_mem_reg_2__14_/D (DFFHQNx1_ASAP7_75t_R)            0.00      60.79 f
  data arrival time                                                 60.79

  clock clk (rise edge)                                   0.00       0.00
  clock network delay (ideal)                             0.00       0.00
  fifo_mem_reg_2__14_/CLK (DFFHQNx1_ASAP7_75t_R)                     0.00 r
  clock reconvergence pessimism                           0.00       0.00
  clock uncertainty                                     100.00     100.00
  library hold time                                      13.32     113.32
  data required time                                               113.32
  ------------------------------------------------------------------------------
  data required time                                               113.32
  data arrival time                                                -60.79
  ------------------------------------------------------------------------------
  slack (VIOLATED)                                                 -52.54


  Startpoint: fifo_mem_reg_2__13_
               (rising edge-triggered flip-flop clocked by clk)
  Endpoint: fifo_mem_reg_2__13_
               (rising edge-triggered flip-flop clocked by clk)
  Path Group: clk
  Path Type: min

  Point                                                   Incr       Path
  ------------------------------------------------------------------------------
  clock clk (rise edge)                                   0.00       0.00
  clock network delay (ideal)                             0.00       0.00
  fifo_mem_reg_2__13_/CLK (DFFHQNx1_ASAP7_75t_R)          0.00       0.00 r
  fifo_mem_reg_2__13_/QN (DFFHQNx1_ASAP7_75t_R)          48.37      48.37 r
  U488/Y (AOI22xp33_ASAP7_75t_R)                         12.41      60.79 f
  fifo_mem_reg_2__13_/D (DFFHQNx1_ASAP7_75t_R)            0.00      60.79 f
  data arrival time                                                 60.79

  clock clk (rise edge)                                   0.00       0.00
  clock network delay (ideal)                             0.00       0.00
  fifo_mem_reg_2__13_/CLK (DFFHQNx1_ASAP7_75t_R)                     0.00 r
  clock reconvergence pessimism                           0.00       0.00
  clock uncertainty                                     100.00     100.00
  library hold time                                      13.32     113.32
  data required time                                               113.32
  ------------------------------------------------------------------------------
  data required time                                               113.32
  data arrival time                                                -60.79
  ------------------------------------------------------------------------------
  slack (VIOLATED)                                                 -52.54


  Startpoint: fifo_mem_reg_2__12_
               (rising edge-triggered flip-flop clocked by clk)
  Endpoint: fifo_mem_reg_2__12_
               (rising edge-triggered flip-flop clocked by clk)
  Path Group: clk
  Path Type: min

  Point                                                   Incr       Path
  ------------------------------------------------------------------------------
  clock clk (rise edge)                                   0.00       0.00
  clock network delay (ideal)                             0.00       0.00
  fifo_mem_reg_2__12_/CLK (DFFHQNx1_ASAP7_75t_R)          0.00       0.00 r
  fifo_mem_reg_2__12_/QN (DFFHQNx1_ASAP7_75t_R)          48.37      48.37 r
  U489/Y (AOI22xp33_ASAP7_75t_R)                         12.41      60.79 f
  fifo_mem_reg_2__12_/D (DFFHQNx1_ASAP7_75t_R)            0.00      60.79 f
  data arrival time                                                 60.79

  clock clk (rise edge)                                   0.00       0.00
  clock network delay (ideal)                             0.00       0.00
  fifo_mem_reg_2__12_/CLK (DFFHQNx1_ASAP7_75t_R)                     0.00 r
  clock reconvergence pessimism                           0.00       0.00
  clock uncertainty                                     100.00     100.00
  library hold time                                      13.32     113.32
  data required time                                               113.32
  ------------------------------------------------------------------------------
  data required time                                               113.32
  data arrival time                                                -60.79
  ------------------------------------------------------------------------------
  slack (VIOLATED)                                                 -52.54


  Startpoint: fifo_mem_reg_2__11_
               (rising edge-triggered flip-flop clocked by clk)
  Endpoint: fifo_mem_reg_2__11_
               (rising edge-triggered flip-flop clocked by clk)
  Path Group: clk
  Path Type: min

  Point                                                   Incr       Path
  ------------------------------------------------------------------------------
  clock clk (rise edge)                                   0.00       0.00
  clock network delay (ideal)                             0.00       0.00
  fifo_mem_reg_2__11_/CLK (DFFHQNx1_ASAP7_75t_R)          0.00       0.00 r
  fifo_mem_reg_2__11_/QN (DFFHQNx1_ASAP7_75t_R)          48.37      48.37 r
  U490/Y (AOI22xp33_ASAP7_75t_R)                         12.41      60.79 f
  fifo_mem_reg_2__11_/D (DFFHQNx1_ASAP7_75t_R)            0.00      60.79 f
  data arrival time                                                 60.79

  clock clk (rise edge)                                   0.00       0.00
  clock network delay (ideal)                             0.00       0.00
  fifo_mem_reg_2__11_/CLK (DFFHQNx1_ASAP7_75t_R)                     0.00 r
  clock reconvergence pessimism                           0.00       0.00
  clock uncertainty                                     100.00     100.00
  library hold time                                      13.32     113.32
  data required time                                               113.32
  ------------------------------------------------------------------------------
  data required time                                               113.32
  data arrival time                                                -60.79
  ------------------------------------------------------------------------------
  slack (VIOLATED)                                                 -52.54


  Startpoint: fifo_mem_reg_2__10_
               (rising edge-triggered flip-flop clocked by clk)
  Endpoint: fifo_mem_reg_2__10_
               (rising edge-triggered flip-flop clocked by clk)
  Path Group: clk
  Path Type: min

  Point                                                   Incr       Path
  ------------------------------------------------------------------------------
  clock clk (rise edge)                                   0.00       0.00
  clock network delay (ideal)                             0.00       0.00
  fifo_mem_reg_2__10_/CLK (DFFHQNx1_ASAP7_75t_R)          0.00       0.00 r
  fifo_mem_reg_2__10_/QN (DFFHQNx1_ASAP7_75t_R)          48.37      48.37 r
  U491/Y (AOI22xp33_ASAP7_75t_R)                         12.41      60.79 f
  fifo_mem_reg_2__10_/D (DFFHQNx1_ASAP7_75t_R)            0.00      60.79 f
  data arrival time                                                 60.79

  clock clk (rise edge)                                   0.00       0.00
  clock network delay (ideal)                             0.00       0.00
  fifo_mem_reg_2__10_/CLK (DFFHQNx1_ASAP7_75t_R)                     0.00 r
  clock reconvergence pessimism                           0.00       0.00
  clock uncertainty                                     100.00     100.00
  library hold time                                      13.32     113.32
  data required time                                               113.32
  ------------------------------------------------------------------------------
  data required time                                               113.32
  data arrival time                                                -60.79
  ------------------------------------------------------------------------------
  slack (VIOLATED)                                                 -52.54


  Startpoint: fifo_mem_reg_2__9_
               (rising edge-triggered flip-flop clocked by clk)
  Endpoint: fifo_mem_reg_2__9_
               (rising edge-triggered flip-flop clocked by clk)
  Path Group: clk
  Path Type: min

  Point                                                   Incr       Path
  ------------------------------------------------------------------------------
  clock clk (rise edge)                                   0.00       0.00
  clock network delay (ideal)                             0.00       0.00
  fifo_mem_reg_2__9_/CLK (DFFHQNx1_ASAP7_75t_R)           0.00       0.00 r
  fifo_mem_reg_2__9_/QN (DFFHQNx1_ASAP7_75t_R)           48.37      48.37 r
  U492/Y (AOI22xp33_ASAP7_75t_R)                         12.41      60.79 f
  fifo_mem_reg_2__9_/D (DFFHQNx1_ASAP7_75t_R)             0.00      60.79 f
  data arrival time                                                 60.79

  clock clk (rise edge)                                   0.00       0.00
  clock network delay (ideal)                             0.00       0.00
  fifo_mem_reg_2__9_/CLK (DFFHQNx1_ASAP7_75t_R)                      0.00 r
  clock reconvergence pessimism                           0.00       0.00
  clock uncertainty                                     100.00     100.00
  library hold time                                      13.32     113.32
  data required time                                               113.32
  ------------------------------------------------------------------------------
  data required time                                               113.32
  data arrival time                                                -60.79
  ------------------------------------------------------------------------------
  slack (VIOLATED)                                                 -52.54


  Startpoint: fifo_mem_reg_2__8_
               (rising edge-triggered flip-flop clocked by clk)
  Endpoint: fifo_mem_reg_2__8_
               (rising edge-triggered flip-flop clocked by clk)
  Path Group: clk
  Path Type: min

  Point                                                   Incr       Path
  ------------------------------------------------------------------------------
  clock clk (rise edge)                                   0.00       0.00
  clock network delay (ideal)                             0.00       0.00
  fifo_mem_reg_2__8_/CLK (DFFHQNx1_ASAP7_75t_R)           0.00       0.00 r
  fifo_mem_reg_2__8_/QN (DFFHQNx1_ASAP7_75t_R)           48.37      48.37 r
  U493/Y (AOI22xp33_ASAP7_75t_R)                         12.41      60.79 f
  fifo_mem_reg_2__8_/D (DFFHQNx1_ASAP7_75t_R)             0.00      60.79 f
  data arrival time                                                 60.79

  clock clk (rise edge)                                   0.00       0.00
  clock network delay (ideal)                             0.00       0.00
  fifo_mem_reg_2__8_/CLK (DFFHQNx1_ASAP7_75t_R)                      0.00 r
  clock reconvergence pessimism                           0.00       0.00
  clock uncertainty                                     100.00     100.00
  library hold time                                      13.32     113.32
  data required time                                               113.32
  ------------------------------------------------------------------------------
  data required time                                               113.32
  data arrival time                                                -60.79
  ------------------------------------------------------------------------------
  slack (VIOLATED)                                                 -52.54


  Startpoint: fifo_mem_reg_2__7_
               (rising edge-triggered flip-flop clocked by clk)
  Endpoint: fifo_mem_reg_2__7_
               (rising edge-triggered flip-flop clocked by clk)
  Path Group: clk
  Path Type: min

  Point                                                   Incr       Path
  ------------------------------------------------------------------------------
  clock clk (rise edge)                                   0.00       0.00
  clock network delay (ideal)                             0.00       0.00
  fifo_mem_reg_2__7_/CLK (DFFHQNx1_ASAP7_75t_R)           0.00       0.00 r
  fifo_mem_reg_2__7_/QN (DFFHQNx1_ASAP7_75t_R)           48.37      48.37 r
  U494/Y (AOI22xp33_ASAP7_75t_R)                         12.41      60.79 f
  fifo_mem_reg_2__7_/D (DFFHQNx1_ASAP7_75t_R)             0.00      60.79 f
  data arrival time                                                 60.79

  clock clk (rise edge)                                   0.00       0.00
  clock network delay (ideal)                             0.00       0.00
  fifo_mem_reg_2__7_/CLK (DFFHQNx1_ASAP7_75t_R)                      0.00 r
  clock reconvergence pessimism                           0.00       0.00
  clock uncertainty                                     100.00     100.00
  library hold time                                      13.32     113.32
  data required time                                               113.32
  ------------------------------------------------------------------------------
  data required time                                               113.32
  data arrival time                                                -60.79
  ------------------------------------------------------------------------------
  slack (VIOLATED)                                                 -52.54


  Startpoint: fifo_mem_reg_2__6_
               (rising edge-triggered flip-flop clocked by clk)
  Endpoint: fifo_mem_reg_2__6_
               (rising edge-triggered flip-flop clocked by clk)
  Path Group: clk
  Path Type: min

  Point                                                   Incr       Path
  ------------------------------------------------------------------------------
  clock clk (rise edge)                                   0.00       0.00
  clock network delay (ideal)                             0.00       0.00
  fifo_mem_reg_2__6_/CLK (DFFHQNx1_ASAP7_75t_R)           0.00       0.00 r
  fifo_mem_reg_2__6_/QN (DFFHQNx1_ASAP7_75t_R)           48.37      48.37 r
  U495/Y (AOI22xp33_ASAP7_75t_R)                         12.41      60.79 f
  fifo_mem_reg_2__6_/D (DFFHQNx1_ASAP7_75t_R)             0.00      60.79 f
  data arrival time                                                 60.79

  clock clk (rise edge)                                   0.00       0.00
  clock network delay (ideal)                             0.00       0.00
  fifo_mem_reg_2__6_/CLK (DFFHQNx1_ASAP7_75t_R)                      0.00 r
  clock reconvergence pessimism                           0.00       0.00
  clock uncertainty                                     100.00     100.00
  library hold time                                      13.32     113.32
  data required time                                               113.32
  ------------------------------------------------------------------------------
  data required time                                               113.32
  data arrival time                                                -60.79
  ------------------------------------------------------------------------------
  slack (VIOLATED)                                                 -52.54


  Startpoint: fifo_mem_reg_2__5_
               (rising edge-triggered flip-flop clocked by clk)
  Endpoint: fifo_mem_reg_2__5_
               (rising edge-triggered flip-flop clocked by clk)
  Path Group: clk
  Path Type: min

  Point                                                   Incr       Path
  ------------------------------------------------------------------------------
  clock clk (rise edge)                                   0.00       0.00
  clock network delay (ideal)                             0.00       0.00
  fifo_mem_reg_2__5_/CLK (DFFHQNx1_ASAP7_75t_R)           0.00       0.00 r
  fifo_mem_reg_2__5_/QN (DFFHQNx1_ASAP7_75t_R)           48.37      48.37 r
  U496/Y (AOI22xp33_ASAP7_75t_R)                         12.41      60.79 f
  fifo_mem_reg_2__5_/D (DFFHQNx1_ASAP7_75t_R)             0.00      60.79 f
  data arrival time                                                 60.79

  clock clk (rise edge)                                   0.00       0.00
  clock network delay (ideal)                             0.00       0.00
  fifo_mem_reg_2__5_/CLK (DFFHQNx1_ASAP7_75t_R)                      0.00 r
  clock reconvergence pessimism                           0.00       0.00
  clock uncertainty                                     100.00     100.00
  library hold time                                      13.32     113.32
  data required time                                               113.32
  ------------------------------------------------------------------------------
  data required time                                               113.32
  data arrival time                                                -60.79
  ------------------------------------------------------------------------------
  slack (VIOLATED)                                                 -52.54


  Startpoint: fifo_mem_reg_2__4_
               (rising edge-triggered flip-flop clocked by clk)
  Endpoint: fifo_mem_reg_2__4_
               (rising edge-triggered flip-flop clocked by clk)
  Path Group: clk
  Path Type: min

  Point                                                   Incr       Path
  ------------------------------------------------------------------------------
  clock clk (rise edge)                                   0.00       0.00
  clock network delay (ideal)                             0.00       0.00
  fifo_mem_reg_2__4_/CLK (DFFHQNx1_ASAP7_75t_R)           0.00       0.00 r
  fifo_mem_reg_2__4_/QN (DFFHQNx1_ASAP7_75t_R)           48.37      48.37 r
  U497/Y (AOI22xp33_ASAP7_75t_R)                         12.41      60.79 f
  fifo_mem_reg_2__4_/D (DFFHQNx1_ASAP7_75t_R)             0.00      60.79 f
  data arrival time                                                 60.79

  clock clk (rise edge)                                   0.00       0.00
  clock network delay (ideal)                             0.00       0.00
  fifo_mem_reg_2__4_/CLK (DFFHQNx1_ASAP7_75t_R)                      0.00 r
  clock reconvergence pessimism                           0.00       0.00
  clock uncertainty                                     100.00     100.00
  library hold time                                      13.32     113.32
  data required time                                               113.32
  ------------------------------------------------------------------------------
  data required time                                               113.32
  data arrival time                                                -60.79
  ------------------------------------------------------------------------------
  slack (VIOLATED)                                                 -52.54


  Startpoint: fifo_mem_reg_2__3_
               (rising edge-triggered flip-flop clocked by clk)
  Endpoint: fifo_mem_reg_2__3_
               (rising edge-triggered flip-flop clocked by clk)
  Path Group: clk
  Path Type: min

  Point                                                   Incr       Path
  ------------------------------------------------------------------------------
  clock clk (rise edge)                                   0.00       0.00
  clock network delay (ideal)                             0.00       0.00
  fifo_mem_reg_2__3_/CLK (DFFHQNx1_ASAP7_75t_R)           0.00       0.00 r
  fifo_mem_reg_2__3_/QN (DFFHQNx1_ASAP7_75t_R)           48.37      48.37 r
  U498/Y (AOI22xp33_ASAP7_75t_R)                         12.41      60.79 f
  fifo_mem_reg_2__3_/D (DFFHQNx1_ASAP7_75t_R)             0.00      60.79 f
  data arrival time                                                 60.79

  clock clk (rise edge)                                   0.00       0.00
  clock network delay (ideal)                             0.00       0.00
  fifo_mem_reg_2__3_/CLK (DFFHQNx1_ASAP7_75t_R)                      0.00 r
  clock reconvergence pessimism                           0.00       0.00
  clock uncertainty                                     100.00     100.00
  library hold time                                      13.32     113.32
  data required time                                               113.32
  ------------------------------------------------------------------------------
  data required time                                               113.32
  data arrival time                                                -60.79
  ------------------------------------------------------------------------------
  slack (VIOLATED)                                                 -52.54


  Startpoint: fifo_mem_reg_2__2_
               (rising edge-triggered flip-flop clocked by clk)
  Endpoint: fifo_mem_reg_2__2_
               (rising edge-triggered flip-flop clocked by clk)
  Path Group: clk
  Path Type: min

  Point                                                   Incr       Path
  ------------------------------------------------------------------------------
  clock clk (rise edge)                                   0.00       0.00
  clock network delay (ideal)                             0.00       0.00
  fifo_mem_reg_2__2_/CLK (DFFHQNx1_ASAP7_75t_R)           0.00       0.00 r
  fifo_mem_reg_2__2_/QN (DFFHQNx1_ASAP7_75t_R)           48.37      48.37 r
  U499/Y (AOI22xp33_ASAP7_75t_R)                         12.41      60.79 f
  fifo_mem_reg_2__2_/D (DFFHQNx1_ASAP7_75t_R)             0.00      60.79 f
  data arrival time                                                 60.79

  clock clk (rise edge)                                   0.00       0.00
  clock network delay (ideal)                             0.00       0.00
  fifo_mem_reg_2__2_/CLK (DFFHQNx1_ASAP7_75t_R)                      0.00 r
  clock reconvergence pessimism                           0.00       0.00
  clock uncertainty                                     100.00     100.00
  library hold time                                      13.32     113.32
  data required time                                               113.32
  ------------------------------------------------------------------------------
  data required time                                               113.32
  data arrival time                                                -60.79
  ------------------------------------------------------------------------------
  slack (VIOLATED)                                                 -52.54


  Startpoint: fifo_mem_reg_2__1_
               (rising edge-triggered flip-flop clocked by clk)
  Endpoint: fifo_mem_reg_2__1_
               (rising edge-triggered flip-flop clocked by clk)
  Path Group: clk
  Path Type: min

  Point                                                   Incr       Path
  ------------------------------------------------------------------------------
  clock clk (rise edge)                                   0.00       0.00
  clock network delay (ideal)                             0.00       0.00
  fifo_mem_reg_2__1_/CLK (DFFHQNx1_ASAP7_75t_R)           0.00       0.00 r
  fifo_mem_reg_2__1_/QN (DFFHQNx1_ASAP7_75t_R)           48.37      48.37 r
  U500/Y (AOI22xp33_ASAP7_75t_R)                         12.41      60.79 f
  fifo_mem_reg_2__1_/D (DFFHQNx1_ASAP7_75t_R)             0.00      60.79 f
  data arrival time                                                 60.79

  clock clk (rise edge)                                   0.00       0.00
  clock network delay (ideal)                             0.00       0.00
  fifo_mem_reg_2__1_/CLK (DFFHQNx1_ASAP7_75t_R)                      0.00 r
  clock reconvergence pessimism                           0.00       0.00
  clock uncertainty                                     100.00     100.00
  library hold time                                      13.32     113.32
  data required time                                               113.32
  ------------------------------------------------------------------------------
  data required time                                               113.32
  data arrival time                                                -60.79
  ------------------------------------------------------------------------------
  slack (VIOLATED)                                                 -52.54


  Startpoint: fifo_mem_reg_3__22_
               (rising edge-triggered flip-flop clocked by clk)
  Endpoint: fifo_mem_reg_3__22_
               (rising edge-triggered flip-flop clocked by clk)
  Path Group: clk
  Path Type: min

  Point                                                   Incr       Path
  ------------------------------------------------------------------------------
  clock clk (rise edge)                                   0.00       0.00
  clock network delay (ideal)                             0.00       0.00
  fifo_mem_reg_3__22_/CLK (DFFHQNx1_ASAP7_75t_R)          0.00       0.00 r
  fifo_mem_reg_3__22_/QN (DFFHQNx1_ASAP7_75t_R)          48.37      48.37 r
  U505/Y (AOI22xp33_ASAP7_75t_R)                         12.41      60.79 f
  fifo_mem_reg_3__22_/D (DFFHQNx1_ASAP7_75t_R)            0.00      60.79 f
  data arrival time                                                 60.79

  clock clk (rise edge)                                   0.00       0.00
  clock network delay (ideal)                             0.00       0.00
  fifo_mem_reg_3__22_/CLK (DFFHQNx1_ASAP7_75t_R)                     0.00 r
  clock reconvergence pessimism                           0.00       0.00
  clock uncertainty                                     100.00     100.00
  library hold time                                      13.32     113.32
  data required time                                               113.32
  ------------------------------------------------------------------------------
  data required time                                               113.32
  data arrival time                                                -60.79
  ------------------------------------------------------------------------------
  slack (VIOLATED)                                                 -52.54


  Startpoint: fifo_mem_reg_3__21_
               (rising edge-triggered flip-flop clocked by clk)
  Endpoint: fifo_mem_reg_3__21_
               (rising edge-triggered flip-flop clocked by clk)
  Path Group: clk
  Path Type: min

  Point                                                   Incr       Path
  ------------------------------------------------------------------------------
  clock clk (rise edge)                                   0.00       0.00
  clock network delay (ideal)                             0.00       0.00
  fifo_mem_reg_3__21_/CLK (DFFHQNx1_ASAP7_75t_R)          0.00       0.00 r
  fifo_mem_reg_3__21_/QN (DFFHQNx1_ASAP7_75t_R)          48.37      48.37 r
  U506/Y (AOI22xp33_ASAP7_75t_R)                         12.41      60.79 f
  fifo_mem_reg_3__21_/D (DFFHQNx1_ASAP7_75t_R)            0.00      60.79 f
  data arrival time                                                 60.79

  clock clk (rise edge)                                   0.00       0.00
  clock network delay (ideal)                             0.00       0.00
  fifo_mem_reg_3__21_/CLK (DFFHQNx1_ASAP7_75t_R)                     0.00 r
  clock reconvergence pessimism                           0.00       0.00
  clock uncertainty                                     100.00     100.00
  library hold time                                      13.32     113.32
  data required time                                               113.32
  ------------------------------------------------------------------------------
  data required time                                               113.32
  data arrival time                                                -60.79
  ------------------------------------------------------------------------------
  slack (VIOLATED)                                                 -52.54


  Startpoint: fifo_mem_reg_3__20_
               (rising edge-triggered flip-flop clocked by clk)
  Endpoint: fifo_mem_reg_3__20_
               (rising edge-triggered flip-flop clocked by clk)
  Path Group: clk
  Path Type: min

  Point                                                   Incr       Path
  ------------------------------------------------------------------------------
  clock clk (rise edge)                                   0.00       0.00
  clock network delay (ideal)                             0.00       0.00
  fifo_mem_reg_3__20_/CLK (DFFHQNx1_ASAP7_75t_R)          0.00       0.00 r
  fifo_mem_reg_3__20_/QN (DFFHQNx1_ASAP7_75t_R)          48.37      48.37 r
  U507/Y (AOI22xp33_ASAP7_75t_R)                         12.41      60.79 f
  fifo_mem_reg_3__20_/D (DFFHQNx1_ASAP7_75t_R)            0.00      60.79 f
  data arrival time                                                 60.79

  clock clk (rise edge)                                   0.00       0.00
  clock network delay (ideal)                             0.00       0.00
  fifo_mem_reg_3__20_/CLK (DFFHQNx1_ASAP7_75t_R)                     0.00 r
  clock reconvergence pessimism                           0.00       0.00
  clock uncertainty                                     100.00     100.00
  library hold time                                      13.32     113.32
  data required time                                               113.32
  ------------------------------------------------------------------------------
  data required time                                               113.32
  data arrival time                                                -60.79
  ------------------------------------------------------------------------------
  slack (VIOLATED)                                                 -52.54


  Startpoint: fifo_mem_reg_3__19_
               (rising edge-triggered flip-flop clocked by clk)
  Endpoint: fifo_mem_reg_3__19_
               (rising edge-triggered flip-flop clocked by clk)
  Path Group: clk
  Path Type: min

  Point                                                   Incr       Path
  ------------------------------------------------------------------------------
  clock clk (rise edge)                                   0.00       0.00
  clock network delay (ideal)                             0.00       0.00
  fifo_mem_reg_3__19_/CLK (DFFHQNx1_ASAP7_75t_R)          0.00       0.00 r
  fifo_mem_reg_3__19_/QN (DFFHQNx1_ASAP7_75t_R)          48.37      48.37 r
  U508/Y (AOI22xp33_ASAP7_75t_R)                         12.41      60.79 f
  fifo_mem_reg_3__19_/D (DFFHQNx1_ASAP7_75t_R)            0.00      60.79 f
  data arrival time                                                 60.79

  clock clk (rise edge)                                   0.00       0.00
  clock network delay (ideal)                             0.00       0.00
  fifo_mem_reg_3__19_/CLK (DFFHQNx1_ASAP7_75t_R)                     0.00 r
  clock reconvergence pessimism                           0.00       0.00
  clock uncertainty                                     100.00     100.00
  library hold time                                      13.32     113.32
  data required time                                               113.32
  ------------------------------------------------------------------------------
  data required time                                               113.32
  data arrival time                                                -60.79
  ------------------------------------------------------------------------------
  slack (VIOLATED)                                                 -52.54


  Startpoint: fifo_mem_reg_3__18_
               (rising edge-triggered flip-flop clocked by clk)
  Endpoint: fifo_mem_reg_3__18_
               (rising edge-triggered flip-flop clocked by clk)
  Path Group: clk
  Path Type: min

  Point                                                   Incr       Path
  ------------------------------------------------------------------------------
  clock clk (rise edge)                                   0.00       0.00
  clock network delay (ideal)                             0.00       0.00
  fifo_mem_reg_3__18_/CLK (DFFHQNx1_ASAP7_75t_R)          0.00       0.00 r
  fifo_mem_reg_3__18_/QN (DFFHQNx1_ASAP7_75t_R)          48.37      48.37 r
  U509/Y (AOI22xp33_ASAP7_75t_R)                         12.41      60.79 f
  fifo_mem_reg_3__18_/D (DFFHQNx1_ASAP7_75t_R)            0.00      60.79 f
  data arrival time                                                 60.79

  clock clk (rise edge)                                   0.00       0.00
  clock network delay (ideal)                             0.00       0.00
  fifo_mem_reg_3__18_/CLK (DFFHQNx1_ASAP7_75t_R)                     0.00 r
  clock reconvergence pessimism                           0.00       0.00
  clock uncertainty                                     100.00     100.00
  library hold time                                      13.32     113.32
  data required time                                               113.32
  ------------------------------------------------------------------------------
  data required time                                               113.32
  data arrival time                                                -60.79
  ------------------------------------------------------------------------------
  slack (VIOLATED)                                                 -52.54


  Startpoint: fifo_mem_reg_3__17_
               (rising edge-triggered flip-flop clocked by clk)
  Endpoint: fifo_mem_reg_3__17_
               (rising edge-triggered flip-flop clocked by clk)
  Path Group: clk
  Path Type: min

  Point                                                   Incr       Path
  ------------------------------------------------------------------------------
  clock clk (rise edge)                                   0.00       0.00
  clock network delay (ideal)                             0.00       0.00
  fifo_mem_reg_3__17_/CLK (DFFHQNx1_ASAP7_75t_R)          0.00       0.00 r
  fifo_mem_reg_3__17_/QN (DFFHQNx1_ASAP7_75t_R)          48.37      48.37 r
  U510/Y (AOI22xp33_ASAP7_75t_R)                         12.41      60.79 f
  fifo_mem_reg_3__17_/D (DFFHQNx1_ASAP7_75t_R)            0.00      60.79 f
  data arrival time                                                 60.79

  clock clk (rise edge)                                   0.00       0.00
  clock network delay (ideal)                             0.00       0.00
  fifo_mem_reg_3__17_/CLK (DFFHQNx1_ASAP7_75t_R)                     0.00 r
  clock reconvergence pessimism                           0.00       0.00
  clock uncertainty                                     100.00     100.00
  library hold time                                      13.32     113.32
  data required time                                               113.32
  ------------------------------------------------------------------------------
  data required time                                               113.32
  data arrival time                                                -60.79
  ------------------------------------------------------------------------------
  slack (VIOLATED)                                                 -52.54


  Startpoint: fifo_mem_reg_3__16_
               (rising edge-triggered flip-flop clocked by clk)
  Endpoint: fifo_mem_reg_3__16_
               (rising edge-triggered flip-flop clocked by clk)
  Path Group: clk
  Path Type: min

  Point                                                   Incr       Path
  ------------------------------------------------------------------------------
  clock clk (rise edge)                                   0.00       0.00
  clock network delay (ideal)                             0.00       0.00
  fifo_mem_reg_3__16_/CLK (DFFHQNx1_ASAP7_75t_R)          0.00       0.00 r
  fifo_mem_reg_3__16_/QN (DFFHQNx1_ASAP7_75t_R)          48.37      48.37 r
  U511/Y (AOI22xp33_ASAP7_75t_R)                         12.41      60.79 f
  fifo_mem_reg_3__16_/D (DFFHQNx1_ASAP7_75t_R)            0.00      60.79 f
  data arrival time                                                 60.79

  clock clk (rise edge)                                   0.00       0.00
  clock network delay (ideal)                             0.00       0.00
  fifo_mem_reg_3__16_/CLK (DFFHQNx1_ASAP7_75t_R)                     0.00 r
  clock reconvergence pessimism                           0.00       0.00
  clock uncertainty                                     100.00     100.00
  library hold time                                      13.32     113.32
  data required time                                               113.32
  ------------------------------------------------------------------------------
  data required time                                               113.32
  data arrival time                                                -60.79
  ------------------------------------------------------------------------------
  slack (VIOLATED)                                                 -52.54


  Startpoint: fifo_mem_reg_3__15_
               (rising edge-triggered flip-flop clocked by clk)
  Endpoint: fifo_mem_reg_3__15_
               (rising edge-triggered flip-flop clocked by clk)
  Path Group: clk
  Path Type: min

  Point                                                   Incr       Path
  ------------------------------------------------------------------------------
  clock clk (rise edge)                                   0.00       0.00
  clock network delay (ideal)                             0.00       0.00
  fifo_mem_reg_3__15_/CLK (DFFHQNx1_ASAP7_75t_R)          0.00       0.00 r
  fifo_mem_reg_3__15_/QN (DFFHQNx1_ASAP7_75t_R)          48.37      48.37 r
  U512/Y (AOI22xp33_ASAP7_75t_R)                         12.41      60.79 f
  fifo_mem_reg_3__15_/D (DFFHQNx1_ASAP7_75t_R)            0.00      60.79 f
  data arrival time                                                 60.79

  clock clk (rise edge)                                   0.00       0.00
  clock network delay (ideal)                             0.00       0.00
  fifo_mem_reg_3__15_/CLK (DFFHQNx1_ASAP7_75t_R)                     0.00 r
  clock reconvergence pessimism                           0.00       0.00
  clock uncertainty                                     100.00     100.00
  library hold time                                      13.32     113.32
  data required time                                               113.32
  ------------------------------------------------------------------------------
  data required time                                               113.32
  data arrival time                                                -60.79
  ------------------------------------------------------------------------------
  slack (VIOLATED)                                                 -52.54


  Startpoint: fifo_mem_reg_3__14_
               (rising edge-triggered flip-flop clocked by clk)
  Endpoint: fifo_mem_reg_3__14_
               (rising edge-triggered flip-flop clocked by clk)
  Path Group: clk
  Path Type: min

  Point                                                   Incr       Path
  ------------------------------------------------------------------------------
  clock clk (rise edge)                                   0.00       0.00
  clock network delay (ideal)                             0.00       0.00
  fifo_mem_reg_3__14_/CLK (DFFHQNx1_ASAP7_75t_R)          0.00       0.00 r
  fifo_mem_reg_3__14_/QN (DFFHQNx1_ASAP7_75t_R)          48.37      48.37 r
  U513/Y (AOI22xp33_ASAP7_75t_R)                         12.41      60.79 f
  fifo_mem_reg_3__14_/D (DFFHQNx1_ASAP7_75t_R)            0.00      60.79 f
  data arrival time                                                 60.79

  clock clk (rise edge)                                   0.00       0.00
  clock network delay (ideal)                             0.00       0.00
  fifo_mem_reg_3__14_/CLK (DFFHQNx1_ASAP7_75t_R)                     0.00 r
  clock reconvergence pessimism                           0.00       0.00
  clock uncertainty                                     100.00     100.00
  library hold time                                      13.32     113.32
  data required time                                               113.32
  ------------------------------------------------------------------------------
  data required time                                               113.32
  data arrival time                                                -60.79
  ------------------------------------------------------------------------------
  slack (VIOLATED)                                                 -52.54


  Startpoint: fifo_mem_reg_3__13_
               (rising edge-triggered flip-flop clocked by clk)
  Endpoint: fifo_mem_reg_3__13_
               (rising edge-triggered flip-flop clocked by clk)
  Path Group: clk
  Path Type: min

  Point                                                   Incr       Path
  ------------------------------------------------------------------------------
  clock clk (rise edge)                                   0.00       0.00
  clock network delay (ideal)                             0.00       0.00
  fifo_mem_reg_3__13_/CLK (DFFHQNx1_ASAP7_75t_R)          0.00       0.00 r
  fifo_mem_reg_3__13_/QN (DFFHQNx1_ASAP7_75t_R)          48.37      48.37 r
  U514/Y (AOI22xp33_ASAP7_75t_R)                         12.41      60.79 f
  fifo_mem_reg_3__13_/D (DFFHQNx1_ASAP7_75t_R)            0.00      60.79 f
  data arrival time                                                 60.79

  clock clk (rise edge)                                   0.00       0.00
  clock network delay (ideal)                             0.00       0.00
  fifo_mem_reg_3__13_/CLK (DFFHQNx1_ASAP7_75t_R)                     0.00 r
  clock reconvergence pessimism                           0.00       0.00
  clock uncertainty                                     100.00     100.00
  library hold time                                      13.32     113.32
  data required time                                               113.32
  ------------------------------------------------------------------------------
  data required time                                               113.32
  data arrival time                                                -60.79
  ------------------------------------------------------------------------------
  slack (VIOLATED)                                                 -52.54


  Startpoint: fifo_mem_reg_3__12_
               (rising edge-triggered flip-flop clocked by clk)
  Endpoint: fifo_mem_reg_3__12_
               (rising edge-triggered flip-flop clocked by clk)
  Path Group: clk
  Path Type: min

  Point                                                   Incr       Path
  ------------------------------------------------------------------------------
  clock clk (rise edge)                                   0.00       0.00
  clock network delay (ideal)                             0.00       0.00
  fifo_mem_reg_3__12_/CLK (DFFHQNx1_ASAP7_75t_R)          0.00       0.00 r
  fifo_mem_reg_3__12_/QN (DFFHQNx1_ASAP7_75t_R)          48.37      48.37 r
  U515/Y (AOI22xp33_ASAP7_75t_R)                         12.41      60.79 f
  fifo_mem_reg_3__12_/D (DFFHQNx1_ASAP7_75t_R)            0.00      60.79 f
  data arrival time                                                 60.79

  clock clk (rise edge)                                   0.00       0.00
  clock network delay (ideal)                             0.00       0.00
  fifo_mem_reg_3__12_/CLK (DFFHQNx1_ASAP7_75t_R)                     0.00 r
  clock reconvergence pessimism                           0.00       0.00
  clock uncertainty                                     100.00     100.00
  library hold time                                      13.32     113.32
  data required time                                               113.32
  ------------------------------------------------------------------------------
  data required time                                               113.32
  data arrival time                                                -60.79
  ------------------------------------------------------------------------------
  slack (VIOLATED)                                                 -52.54


  Startpoint: fifo_mem_reg_3__11_
               (rising edge-triggered flip-flop clocked by clk)
  Endpoint: fifo_mem_reg_3__11_
               (rising edge-triggered flip-flop clocked by clk)
  Path Group: clk
  Path Type: min

  Point                                                   Incr       Path
  ------------------------------------------------------------------------------
  clock clk (rise edge)                                   0.00       0.00
  clock network delay (ideal)                             0.00       0.00
  fifo_mem_reg_3__11_/CLK (DFFHQNx1_ASAP7_75t_R)          0.00       0.00 r
  fifo_mem_reg_3__11_/QN (DFFHQNx1_ASAP7_75t_R)          48.37      48.37 r
  U516/Y (AOI22xp33_ASAP7_75t_R)                         12.41      60.79 f
  fifo_mem_reg_3__11_/D (DFFHQNx1_ASAP7_75t_R)            0.00      60.79 f
  data arrival time                                                 60.79

  clock clk (rise edge)                                   0.00       0.00
  clock network delay (ideal)                             0.00       0.00
  fifo_mem_reg_3__11_/CLK (DFFHQNx1_ASAP7_75t_R)                     0.00 r
  clock reconvergence pessimism                           0.00       0.00
  clock uncertainty                                     100.00     100.00
  library hold time                                      13.32     113.32
  data required time                                               113.32
  ------------------------------------------------------------------------------
  data required time                                               113.32
  data arrival time                                                -60.79
  ------------------------------------------------------------------------------
  slack (VIOLATED)                                                 -52.54


  Startpoint: fifo_mem_reg_3__10_
               (rising edge-triggered flip-flop clocked by clk)
  Endpoint: fifo_mem_reg_3__10_
               (rising edge-triggered flip-flop clocked by clk)
  Path Group: clk
  Path Type: min

  Point                                                   Incr       Path
  ------------------------------------------------------------------------------
  clock clk (rise edge)                                   0.00       0.00
  clock network delay (ideal)                             0.00       0.00
  fifo_mem_reg_3__10_/CLK (DFFHQNx1_ASAP7_75t_R)          0.00       0.00 r
  fifo_mem_reg_3__10_/QN (DFFHQNx1_ASAP7_75t_R)          48.37      48.37 r
  U517/Y (AOI22xp33_ASAP7_75t_R)                         12.41      60.79 f
  fifo_mem_reg_3__10_/D (DFFHQNx1_ASAP7_75t_R)            0.00      60.79 f
  data arrival time                                                 60.79

  clock clk (rise edge)                                   0.00       0.00
  clock network delay (ideal)                             0.00       0.00
  fifo_mem_reg_3__10_/CLK (DFFHQNx1_ASAP7_75t_R)                     0.00 r
  clock reconvergence pessimism                           0.00       0.00
  clock uncertainty                                     100.00     100.00
  library hold time                                      13.32     113.32
  data required time                                               113.32
  ------------------------------------------------------------------------------
  data required time                                               113.32
  data arrival time                                                -60.79
  ------------------------------------------------------------------------------
  slack (VIOLATED)                                                 -52.54


  Startpoint: fifo_mem_reg_3__9_
               (rising edge-triggered flip-flop clocked by clk)
  Endpoint: fifo_mem_reg_3__9_
               (rising edge-triggered flip-flop clocked by clk)
  Path Group: clk
  Path Type: min

  Point                                                   Incr       Path
  ------------------------------------------------------------------------------
  clock clk (rise edge)                                   0.00       0.00
  clock network delay (ideal)                             0.00       0.00
  fifo_mem_reg_3__9_/CLK (DFFHQNx1_ASAP7_75t_R)           0.00       0.00 r
  fifo_mem_reg_3__9_/QN (DFFHQNx1_ASAP7_75t_R)           48.37      48.37 r
  U518/Y (AOI22xp33_ASAP7_75t_R)                         12.41      60.79 f
  fifo_mem_reg_3__9_/D (DFFHQNx1_ASAP7_75t_R)             0.00      60.79 f
  data arrival time                                                 60.79

  clock clk (rise edge)                                   0.00       0.00
  clock network delay (ideal)                             0.00       0.00
  fifo_mem_reg_3__9_/CLK (DFFHQNx1_ASAP7_75t_R)                      0.00 r
  clock reconvergence pessimism                           0.00       0.00
  clock uncertainty                                     100.00     100.00
  library hold time                                      13.32     113.32
  data required time                                               113.32
  ------------------------------------------------------------------------------
  data required time                                               113.32
  data arrival time                                                -60.79
  ------------------------------------------------------------------------------
  slack (VIOLATED)                                                 -52.54


  Startpoint: fifo_mem_reg_3__8_
               (rising edge-triggered flip-flop clocked by clk)
  Endpoint: fifo_mem_reg_3__8_
               (rising edge-triggered flip-flop clocked by clk)
  Path Group: clk
  Path Type: min

  Point                                                   Incr       Path
  ------------------------------------------------------------------------------
  clock clk (rise edge)                                   0.00       0.00
  clock network delay (ideal)                             0.00       0.00
  fifo_mem_reg_3__8_/CLK (DFFHQNx1_ASAP7_75t_R)           0.00       0.00 r
  fifo_mem_reg_3__8_/QN (DFFHQNx1_ASAP7_75t_R)           48.37      48.37 r
  U519/Y (AOI22xp33_ASAP7_75t_R)                         12.41      60.79 f
  fifo_mem_reg_3__8_/D (DFFHQNx1_ASAP7_75t_R)             0.00      60.79 f
  data arrival time                                                 60.79

  clock clk (rise edge)                                   0.00       0.00
  clock network delay (ideal)                             0.00       0.00
  fifo_mem_reg_3__8_/CLK (DFFHQNx1_ASAP7_75t_R)                      0.00 r
  clock reconvergence pessimism                           0.00       0.00
  clock uncertainty                                     100.00     100.00
  library hold time                                      13.32     113.32
  data required time                                               113.32
  ------------------------------------------------------------------------------
  data required time                                               113.32
  data arrival time                                                -60.79
  ------------------------------------------------------------------------------
  slack (VIOLATED)                                                 -52.54


  Startpoint: fifo_mem_reg_3__7_
               (rising edge-triggered flip-flop clocked by clk)
  Endpoint: fifo_mem_reg_3__7_
               (rising edge-triggered flip-flop clocked by clk)
  Path Group: clk
  Path Type: min

  Point                                                   Incr       Path
  ------------------------------------------------------------------------------
  clock clk (rise edge)                                   0.00       0.00
  clock network delay (ideal)                             0.00       0.00
  fifo_mem_reg_3__7_/CLK (DFFHQNx1_ASAP7_75t_R)           0.00       0.00 r
  fifo_mem_reg_3__7_/QN (DFFHQNx1_ASAP7_75t_R)           48.37      48.37 r
  U520/Y (AOI22xp33_ASAP7_75t_R)                         12.41      60.79 f
  fifo_mem_reg_3__7_/D (DFFHQNx1_ASAP7_75t_R)             0.00      60.79 f
  data arrival time                                                 60.79

  clock clk (rise edge)                                   0.00       0.00
  clock network delay (ideal)                             0.00       0.00
  fifo_mem_reg_3__7_/CLK (DFFHQNx1_ASAP7_75t_R)                      0.00 r
  clock reconvergence pessimism                           0.00       0.00
  clock uncertainty                                     100.00     100.00
  library hold time                                      13.32     113.32
  data required time                                               113.32
  ------------------------------------------------------------------------------
  data required time                                               113.32
  data arrival time                                                -60.79
  ------------------------------------------------------------------------------
  slack (VIOLATED)                                                 -52.54


  Startpoint: fifo_mem_reg_3__6_
               (rising edge-triggered flip-flop clocked by clk)
  Endpoint: fifo_mem_reg_3__6_
               (rising edge-triggered flip-flop clocked by clk)
  Path Group: clk
  Path Type: min

  Point                                                   Incr       Path
  ------------------------------------------------------------------------------
  clock clk (rise edge)                                   0.00       0.00
  clock network delay (ideal)                             0.00       0.00
  fifo_mem_reg_3__6_/CLK (DFFHQNx1_ASAP7_75t_R)           0.00       0.00 r
  fifo_mem_reg_3__6_/QN (DFFHQNx1_ASAP7_75t_R)           48.37      48.37 r
  U521/Y (AOI22xp33_ASAP7_75t_R)                         12.41      60.79 f
  fifo_mem_reg_3__6_/D (DFFHQNx1_ASAP7_75t_R)             0.00      60.79 f
  data arrival time                                                 60.79

  clock clk (rise edge)                                   0.00       0.00
  clock network delay (ideal)                             0.00       0.00
  fifo_mem_reg_3__6_/CLK (DFFHQNx1_ASAP7_75t_R)                      0.00 r
  clock reconvergence pessimism                           0.00       0.00
  clock uncertainty                                     100.00     100.00
  library hold time                                      13.32     113.32
  data required time                                               113.32
  ------------------------------------------------------------------------------
  data required time                                               113.32
  data arrival time                                                -60.79
  ------------------------------------------------------------------------------
  slack (VIOLATED)                                                 -52.54


  Startpoint: fifo_mem_reg_3__5_
               (rising edge-triggered flip-flop clocked by clk)
  Endpoint: fifo_mem_reg_3__5_
               (rising edge-triggered flip-flop clocked by clk)
  Path Group: clk
  Path Type: min

  Point                                                   Incr       Path
  ------------------------------------------------------------------------------
  clock clk (rise edge)                                   0.00       0.00
  clock network delay (ideal)                             0.00       0.00
  fifo_mem_reg_3__5_/CLK (DFFHQNx1_ASAP7_75t_R)           0.00       0.00 r
  fifo_mem_reg_3__5_/QN (DFFHQNx1_ASAP7_75t_R)           48.37      48.37 r
  U522/Y (AOI22xp33_ASAP7_75t_R)                         12.41      60.79 f
  fifo_mem_reg_3__5_/D (DFFHQNx1_ASAP7_75t_R)             0.00      60.79 f
  data arrival time                                                 60.79

  clock clk (rise edge)                                   0.00       0.00
  clock network delay (ideal)                             0.00       0.00
  fifo_mem_reg_3__5_/CLK (DFFHQNx1_ASAP7_75t_R)                      0.00 r
  clock reconvergence pessimism                           0.00       0.00
  clock uncertainty                                     100.00     100.00
  library hold time                                      13.32     113.32
  data required time                                               113.32
  ------------------------------------------------------------------------------
  data required time                                               113.32
  data arrival time                                                -60.79
  ------------------------------------------------------------------------------
  slack (VIOLATED)                                                 -52.54


  Startpoint: fifo_mem_reg_3__4_
               (rising edge-triggered flip-flop clocked by clk)
  Endpoint: fifo_mem_reg_3__4_
               (rising edge-triggered flip-flop clocked by clk)
  Path Group: clk
  Path Type: min

  Point                                                   Incr       Path
  ------------------------------------------------------------------------------
  clock clk (rise edge)                                   0.00       0.00
  clock network delay (ideal)                             0.00       0.00
  fifo_mem_reg_3__4_/CLK (DFFHQNx1_ASAP7_75t_R)           0.00       0.00 r
  fifo_mem_reg_3__4_/QN (DFFHQNx1_ASAP7_75t_R)           48.37      48.37 r
  U503/Y (AOI22xp33_ASAP7_75t_R)                         12.41      60.79 f
  fifo_mem_reg_3__4_/D (DFFHQNx1_ASAP7_75t_R)             0.00      60.79 f
  data arrival time                                                 60.79

  clock clk (rise edge)                                   0.00       0.00
  clock network delay (ideal)                             0.00       0.00
  fifo_mem_reg_3__4_/CLK (DFFHQNx1_ASAP7_75t_R)                      0.00 r
  clock reconvergence pessimism                           0.00       0.00
  clock uncertainty                                     100.00     100.00
  library hold time                                      13.32     113.32
  data required time                                               113.32
  ------------------------------------------------------------------------------
  data required time                                               113.32
  data arrival time                                                -60.79
  ------------------------------------------------------------------------------
  slack (VIOLATED)                                                 -52.54


  Startpoint: fifo_mem_reg_3__3_
               (rising edge-triggered flip-flop clocked by clk)
  Endpoint: fifo_mem_reg_3__3_
               (rising edge-triggered flip-flop clocked by clk)
  Path Group: clk
  Path Type: min

  Point                                                   Incr       Path
  ------------------------------------------------------------------------------
  clock clk (rise edge)                                   0.00       0.00
  clock network delay (ideal)                             0.00       0.00
  fifo_mem_reg_3__3_/CLK (DFFHQNx1_ASAP7_75t_R)           0.00       0.00 r
  fifo_mem_reg_3__3_/QN (DFFHQNx1_ASAP7_75t_R)           48.37      48.37 r
  U524/Y (AOI22xp33_ASAP7_75t_R)                         12.41      60.79 f
  fifo_mem_reg_3__3_/D (DFFHQNx1_ASAP7_75t_R)             0.00      60.79 f
  data arrival time                                                 60.79

  clock clk (rise edge)                                   0.00       0.00
  clock network delay (ideal)                             0.00       0.00
  fifo_mem_reg_3__3_/CLK (DFFHQNx1_ASAP7_75t_R)                      0.00 r
  clock reconvergence pessimism                           0.00       0.00
  clock uncertainty                                     100.00     100.00
  library hold time                                      13.32     113.32
  data required time                                               113.32
  ------------------------------------------------------------------------------
  data required time                                               113.32
  data arrival time                                                -60.79
  ------------------------------------------------------------------------------
  slack (VIOLATED)                                                 -52.54


  Startpoint: fifo_mem_reg_3__2_
               (rising edge-triggered flip-flop clocked by clk)
  Endpoint: fifo_mem_reg_3__2_
               (rising edge-triggered flip-flop clocked by clk)
  Path Group: clk
  Path Type: min

  Point                                                   Incr       Path
  ------------------------------------------------------------------------------
  clock clk (rise edge)                                   0.00       0.00
  clock network delay (ideal)                             0.00       0.00
  fifo_mem_reg_3__2_/CLK (DFFHQNx1_ASAP7_75t_R)           0.00       0.00 r
  fifo_mem_reg_3__2_/QN (DFFHQNx1_ASAP7_75t_R)           48.37      48.37 r
  U525/Y (AOI22xp33_ASAP7_75t_R)                         12.41      60.79 f
  fifo_mem_reg_3__2_/D (DFFHQNx1_ASAP7_75t_R)             0.00      60.79 f
  data arrival time                                                 60.79

  clock clk (rise edge)                                   0.00       0.00
  clock network delay (ideal)                             0.00       0.00
  fifo_mem_reg_3__2_/CLK (DFFHQNx1_ASAP7_75t_R)                      0.00 r
  clock reconvergence pessimism                           0.00       0.00
  clock uncertainty                                     100.00     100.00
  library hold time                                      13.32     113.32
  data required time                                               113.32
  ------------------------------------------------------------------------------
  data required time                                               113.32
  data arrival time                                                -60.79
  ------------------------------------------------------------------------------
  slack (VIOLATED)                                                 -52.54


  Startpoint: fifo_mem_reg_3__1_
               (rising edge-triggered flip-flop clocked by clk)
  Endpoint: fifo_mem_reg_3__1_
               (rising edge-triggered flip-flop clocked by clk)
  Path Group: clk
  Path Type: min

  Point                                                   Incr       Path
  ------------------------------------------------------------------------------
  clock clk (rise edge)                                   0.00       0.00
  clock network delay (ideal)                             0.00       0.00
  fifo_mem_reg_3__1_/CLK (DFFHQNx1_ASAP7_75t_R)           0.00       0.00 r
  fifo_mem_reg_3__1_/QN (DFFHQNx1_ASAP7_75t_R)           48.37      48.37 r
  U526/Y (AOI22xp33_ASAP7_75t_R)                         12.41      60.79 f
  fifo_mem_reg_3__1_/D (DFFHQNx1_ASAP7_75t_R)             0.00      60.79 f
  data arrival time                                                 60.79

  clock clk (rise edge)                                   0.00       0.00
  clock network delay (ideal)                             0.00       0.00
  fifo_mem_reg_3__1_/CLK (DFFHQNx1_ASAP7_75t_R)                      0.00 r
  clock reconvergence pessimism                           0.00       0.00
  clock uncertainty                                     100.00     100.00
  library hold time                                      13.32     113.32
  data required time                                               113.32
  ------------------------------------------------------------------------------
  data required time                                               113.32
  data arrival time                                                -60.79
  ------------------------------------------------------------------------------
  slack (VIOLATED)                                                 -52.54


  Startpoint: fifo_mem_reg_6__22_
               (rising edge-triggered flip-flop clocked by clk)
  Endpoint: fifo_mem_reg_6__22_
               (rising edge-triggered flip-flop clocked by clk)
  Path Group: clk
  Path Type: min

  Point                                                   Incr       Path
  ------------------------------------------------------------------------------
  clock clk (rise edge)                                   0.00       0.00
  clock network delay (ideal)                             0.00       0.00
  fifo_mem_reg_6__22_/CLK (DFFHQNx1_ASAP7_75t_R)          0.00       0.00 r
  fifo_mem_reg_6__22_/QN (DFFHQNx1_ASAP7_75t_R)          48.37      48.37 r
  U576/Y (AOI22xp33_ASAP7_75t_R)                         12.41      60.79 f
  fifo_mem_reg_6__22_/D (DFFHQNx1_ASAP7_75t_R)            0.00      60.79 f
  data arrival time                                                 60.79

  clock clk (rise edge)                                   0.00       0.00
  clock network delay (ideal)                             0.00       0.00
  fifo_mem_reg_6__22_/CLK (DFFHQNx1_ASAP7_75t_R)                     0.00 r
  clock reconvergence pessimism                           0.00       0.00
  clock uncertainty                                     100.00     100.00
  library hold time                                      13.32     113.32
  data required time                                               113.32
  ------------------------------------------------------------------------------
  data required time                                               113.32
  data arrival time                                                -60.79
  ------------------------------------------------------------------------------
  slack (VIOLATED)                                                 -52.54


  Startpoint: fifo_mem_reg_6__21_
               (rising edge-triggered flip-flop clocked by clk)
  Endpoint: fifo_mem_reg_6__21_
               (rising edge-triggered flip-flop clocked by clk)
  Path Group: clk
  Path Type: min

  Point                                                   Incr       Path
  ------------------------------------------------------------------------------
  clock clk (rise edge)                                   0.00       0.00
  clock network delay (ideal)                             0.00       0.00
  fifo_mem_reg_6__21_/CLK (DFFHQNx1_ASAP7_75t_R)          0.00       0.00 r
  fifo_mem_reg_6__21_/QN (DFFHQNx1_ASAP7_75t_R)          48.37      48.37 r
  U575/Y (AOI22xp33_ASAP7_75t_R)                         12.41      60.79 f
  fifo_mem_reg_6__21_/D (DFFHQNx1_ASAP7_75t_R)            0.00      60.79 f
  data arrival time                                                 60.79

  clock clk (rise edge)                                   0.00       0.00
  clock network delay (ideal)                             0.00       0.00
  fifo_mem_reg_6__21_/CLK (DFFHQNx1_ASAP7_75t_R)                     0.00 r
  clock reconvergence pessimism                           0.00       0.00
  clock uncertainty                                     100.00     100.00
  library hold time                                      13.32     113.32
  data required time                                               113.32
  ------------------------------------------------------------------------------
  data required time                                               113.32
  data arrival time                                                -60.79
  ------------------------------------------------------------------------------
  slack (VIOLATED)                                                 -52.54


  Startpoint: fifo_mem_reg_6__20_
               (rising edge-triggered flip-flop clocked by clk)
  Endpoint: fifo_mem_reg_6__20_
               (rising edge-triggered flip-flop clocked by clk)
  Path Group: clk
  Path Type: min

  Point                                                   Incr       Path
  ------------------------------------------------------------------------------
  clock clk (rise edge)                                   0.00       0.00
  clock network delay (ideal)                             0.00       0.00
  fifo_mem_reg_6__20_/CLK (DFFHQNx1_ASAP7_75t_R)          0.00       0.00 r
  fifo_mem_reg_6__20_/QN (DFFHQNx1_ASAP7_75t_R)          48.37      48.37 r
  U574/Y (AOI22xp33_ASAP7_75t_R)                         12.41      60.79 f
  fifo_mem_reg_6__20_/D (DFFHQNx1_ASAP7_75t_R)            0.00      60.79 f
  data arrival time                                                 60.79

  clock clk (rise edge)                                   0.00       0.00
  clock network delay (ideal)                             0.00       0.00
  fifo_mem_reg_6__20_/CLK (DFFHQNx1_ASAP7_75t_R)                     0.00 r
  clock reconvergence pessimism                           0.00       0.00
  clock uncertainty                                     100.00     100.00
  library hold time                                      13.32     113.32
  data required time                                               113.32
  ------------------------------------------------------------------------------
  data required time                                               113.32
  data arrival time                                                -60.79
  ------------------------------------------------------------------------------
  slack (VIOLATED)                                                 -52.54


  Startpoint: fifo_mem_reg_6__19_
               (rising edge-triggered flip-flop clocked by clk)
  Endpoint: fifo_mem_reg_6__19_
               (rising edge-triggered flip-flop clocked by clk)
  Path Group: clk
  Path Type: min

  Point                                                   Incr       Path
  ------------------------------------------------------------------------------
  clock clk (rise edge)                                   0.00       0.00
  clock network delay (ideal)                             0.00       0.00
  fifo_mem_reg_6__19_/CLK (DFFHQNx1_ASAP7_75t_R)          0.00       0.00 r
  fifo_mem_reg_6__19_/QN (DFFHQNx1_ASAP7_75t_R)          48.37      48.37 r
  U573/Y (AOI22xp33_ASAP7_75t_R)                         12.41      60.79 f
  fifo_mem_reg_6__19_/D (DFFHQNx1_ASAP7_75t_R)            0.00      60.79 f
  data arrival time                                                 60.79

  clock clk (rise edge)                                   0.00       0.00
  clock network delay (ideal)                             0.00       0.00
  fifo_mem_reg_6__19_/CLK (DFFHQNx1_ASAP7_75t_R)                     0.00 r
  clock reconvergence pessimism                           0.00       0.00
  clock uncertainty                                     100.00     100.00
  library hold time                                      13.32     113.32
  data required time                                               113.32
  ------------------------------------------------------------------------------
  data required time                                               113.32
  data arrival time                                                -60.79
  ------------------------------------------------------------------------------
  slack (VIOLATED)                                                 -52.54


  Startpoint: fifo_mem_reg_6__18_
               (rising edge-triggered flip-flop clocked by clk)
  Endpoint: fifo_mem_reg_6__18_
               (rising edge-triggered flip-flop clocked by clk)
  Path Group: clk
  Path Type: min

  Point                                                   Incr       Path
  ------------------------------------------------------------------------------
  clock clk (rise edge)                                   0.00       0.00
  clock network delay (ideal)                             0.00       0.00
  fifo_mem_reg_6__18_/CLK (DFFHQNx1_ASAP7_75t_R)          0.00       0.00 r
  fifo_mem_reg_6__18_/QN (DFFHQNx1_ASAP7_75t_R)          48.37      48.37 r
  U572/Y (AOI22xp33_ASAP7_75t_R)                         12.41      60.79 f
  fifo_mem_reg_6__18_/D (DFFHQNx1_ASAP7_75t_R)            0.00      60.79 f
  data arrival time                                                 60.79

  clock clk (rise edge)                                   0.00       0.00
  clock network delay (ideal)                             0.00       0.00
  fifo_mem_reg_6__18_/CLK (DFFHQNx1_ASAP7_75t_R)                     0.00 r
  clock reconvergence pessimism                           0.00       0.00
  clock uncertainty                                     100.00     100.00
  library hold time                                      13.32     113.32
  data required time                                               113.32
  ------------------------------------------------------------------------------
  data required time                                               113.32
  data arrival time                                                -60.79
  ------------------------------------------------------------------------------
  slack (VIOLATED)                                                 -52.54


  Startpoint: fifo_mem_reg_6__17_
               (rising edge-triggered flip-flop clocked by clk)
  Endpoint: fifo_mem_reg_6__17_
               (rising edge-triggered flip-flop clocked by clk)
  Path Group: clk
  Path Type: min

  Point                                                   Incr       Path
  ------------------------------------------------------------------------------
  clock clk (rise edge)                                   0.00       0.00
  clock network delay (ideal)                             0.00       0.00
  fifo_mem_reg_6__17_/CLK (DFFHQNx1_ASAP7_75t_R)          0.00       0.00 r
  fifo_mem_reg_6__17_/QN (DFFHQNx1_ASAP7_75t_R)          48.37      48.37 r
  U571/Y (AOI22xp33_ASAP7_75t_R)                         12.41      60.79 f
  fifo_mem_reg_6__17_/D (DFFHQNx1_ASAP7_75t_R)            0.00      60.79 f
  data arrival time                                                 60.79

  clock clk (rise edge)                                   0.00       0.00
  clock network delay (ideal)                             0.00       0.00
  fifo_mem_reg_6__17_/CLK (DFFHQNx1_ASAP7_75t_R)                     0.00 r
  clock reconvergence pessimism                           0.00       0.00
  clock uncertainty                                     100.00     100.00
  library hold time                                      13.32     113.32
  data required time                                               113.32
  ------------------------------------------------------------------------------
  data required time                                               113.32
  data arrival time                                                -60.79
  ------------------------------------------------------------------------------
  slack (VIOLATED)                                                 -52.54


  Startpoint: fifo_mem_reg_6__16_
               (rising edge-triggered flip-flop clocked by clk)
  Endpoint: fifo_mem_reg_6__16_
               (rising edge-triggered flip-flop clocked by clk)
  Path Group: clk
  Path Type: min

  Point                                                   Incr       Path
  ------------------------------------------------------------------------------
  clock clk (rise edge)                                   0.00       0.00
  clock network delay (ideal)                             0.00       0.00
  fifo_mem_reg_6__16_/CLK (DFFHQNx1_ASAP7_75t_R)          0.00       0.00 r
  fifo_mem_reg_6__16_/QN (DFFHQNx1_ASAP7_75t_R)          48.37      48.37 r
  U570/Y (AOI22xp33_ASAP7_75t_R)                         12.41      60.79 f
  fifo_mem_reg_6__16_/D (DFFHQNx1_ASAP7_75t_R)            0.00      60.79 f
  data arrival time                                                 60.79

  clock clk (rise edge)                                   0.00       0.00
  clock network delay (ideal)                             0.00       0.00
  fifo_mem_reg_6__16_/CLK (DFFHQNx1_ASAP7_75t_R)                     0.00 r
  clock reconvergence pessimism                           0.00       0.00
  clock uncertainty                                     100.00     100.00
  library hold time                                      13.32     113.32
  data required time                                               113.32
  ------------------------------------------------------------------------------
  data required time                                               113.32
  data arrival time                                                -60.79
  ------------------------------------------------------------------------------
  slack (VIOLATED)                                                 -52.54


  Startpoint: fifo_mem_reg_6__15_
               (rising edge-triggered flip-flop clocked by clk)
  Endpoint: fifo_mem_reg_6__15_
               (rising edge-triggered flip-flop clocked by clk)
  Path Group: clk
  Path Type: min

  Point                                                   Incr       Path
  ------------------------------------------------------------------------------
  clock clk (rise edge)                                   0.00       0.00
  clock network delay (ideal)                             0.00       0.00
  fifo_mem_reg_6__15_/CLK (DFFHQNx1_ASAP7_75t_R)          0.00       0.00 r
  fifo_mem_reg_6__15_/QN (DFFHQNx1_ASAP7_75t_R)          48.37      48.37 r
  U569/Y (AOI22xp33_ASAP7_75t_R)                         12.41      60.79 f
  fifo_mem_reg_6__15_/D (DFFHQNx1_ASAP7_75t_R)            0.00      60.79 f
  data arrival time                                                 60.79

  clock clk (rise edge)                                   0.00       0.00
  clock network delay (ideal)                             0.00       0.00
  fifo_mem_reg_6__15_/CLK (DFFHQNx1_ASAP7_75t_R)                     0.00 r
  clock reconvergence pessimism                           0.00       0.00
  clock uncertainty                                     100.00     100.00
  library hold time                                      13.32     113.32
  data required time                                               113.32
  ------------------------------------------------------------------------------
  data required time                                               113.32
  data arrival time                                                -60.79
  ------------------------------------------------------------------------------
  slack (VIOLATED)                                                 -52.54


  Startpoint: fifo_mem_reg_6__14_
               (rising edge-triggered flip-flop clocked by clk)
  Endpoint: fifo_mem_reg_6__14_
               (rising edge-triggered flip-flop clocked by clk)
  Path Group: clk
  Path Type: min

  Point                                                   Incr       Path
  ------------------------------------------------------------------------------
  clock clk (rise edge)                                   0.00       0.00
  clock network delay (ideal)                             0.00       0.00
  fifo_mem_reg_6__14_/CLK (DFFHQNx1_ASAP7_75t_R)          0.00       0.00 r
  fifo_mem_reg_6__14_/QN (DFFHQNx1_ASAP7_75t_R)          48.37      48.37 r
  U568/Y (AOI22xp33_ASAP7_75t_R)                         12.41      60.79 f
  fifo_mem_reg_6__14_/D (DFFHQNx1_ASAP7_75t_R)            0.00      60.79 f
  data arrival time                                                 60.79

  clock clk (rise edge)                                   0.00       0.00
  clock network delay (ideal)                             0.00       0.00
  fifo_mem_reg_6__14_/CLK (DFFHQNx1_ASAP7_75t_R)                     0.00 r
  clock reconvergence pessimism                           0.00       0.00
  clock uncertainty                                     100.00     100.00
  library hold time                                      13.32     113.32
  data required time                                               113.32
  ------------------------------------------------------------------------------
  data required time                                               113.32
  data arrival time                                                -60.79
  ------------------------------------------------------------------------------
  slack (VIOLATED)                                                 -52.54


  Startpoint: fifo_mem_reg_6__13_
               (rising edge-triggered flip-flop clocked by clk)
  Endpoint: fifo_mem_reg_6__13_
               (rising edge-triggered flip-flop clocked by clk)
  Path Group: clk
  Path Type: min

  Point                                                   Incr       Path
  ------------------------------------------------------------------------------
  clock clk (rise edge)                                   0.00       0.00
  clock network delay (ideal)                             0.00       0.00
  fifo_mem_reg_6__13_/CLK (DFFHQNx1_ASAP7_75t_R)          0.00       0.00 r
  fifo_mem_reg_6__13_/QN (DFFHQNx1_ASAP7_75t_R)          48.37      48.37 r
  U567/Y (AOI22xp33_ASAP7_75t_R)                         12.41      60.79 f
  fifo_mem_reg_6__13_/D (DFFHQNx1_ASAP7_75t_R)            0.00      60.79 f
  data arrival time                                                 60.79

  clock clk (rise edge)                                   0.00       0.00
  clock network delay (ideal)                             0.00       0.00
  fifo_mem_reg_6__13_/CLK (DFFHQNx1_ASAP7_75t_R)                     0.00 r
  clock reconvergence pessimism                           0.00       0.00
  clock uncertainty                                     100.00     100.00
  library hold time                                      13.32     113.32
  data required time                                               113.32
  ------------------------------------------------------------------------------
  data required time                                               113.32
  data arrival time                                                -60.79
  ------------------------------------------------------------------------------
  slack (VIOLATED)                                                 -52.54


  Startpoint: fifo_mem_reg_6__12_
               (rising edge-triggered flip-flop clocked by clk)
  Endpoint: fifo_mem_reg_6__12_
               (rising edge-triggered flip-flop clocked by clk)
  Path Group: clk
  Path Type: min

  Point                                                   Incr       Path
  ------------------------------------------------------------------------------
  clock clk (rise edge)                                   0.00       0.00
  clock network delay (ideal)                             0.00       0.00
  fifo_mem_reg_6__12_/CLK (DFFHQNx1_ASAP7_75t_R)          0.00       0.00 r
  fifo_mem_reg_6__12_/QN (DFFHQNx1_ASAP7_75t_R)          48.37      48.37 r
  U566/Y (AOI22xp33_ASAP7_75t_R)                         12.41      60.79 f
  fifo_mem_reg_6__12_/D (DFFHQNx1_ASAP7_75t_R)            0.00      60.79 f
  data arrival time                                                 60.79

  clock clk (rise edge)                                   0.00       0.00
  clock network delay (ideal)                             0.00       0.00
  fifo_mem_reg_6__12_/CLK (DFFHQNx1_ASAP7_75t_R)                     0.00 r
  clock reconvergence pessimism                           0.00       0.00
  clock uncertainty                                     100.00     100.00
  library hold time                                      13.32     113.32
  data required time                                               113.32
  ------------------------------------------------------------------------------
  data required time                                               113.32
  data arrival time                                                -60.79
  ------------------------------------------------------------------------------
  slack (VIOLATED)                                                 -52.54


  Startpoint: fifo_mem_reg_6__11_
               (rising edge-triggered flip-flop clocked by clk)
  Endpoint: fifo_mem_reg_6__11_
               (rising edge-triggered flip-flop clocked by clk)
  Path Group: clk
  Path Type: min

  Point                                                   Incr       Path
  ------------------------------------------------------------------------------
  clock clk (rise edge)                                   0.00       0.00
  clock network delay (ideal)                             0.00       0.00
  fifo_mem_reg_6__11_/CLK (DFFHQNx1_ASAP7_75t_R)          0.00       0.00 r
  fifo_mem_reg_6__11_/QN (DFFHQNx1_ASAP7_75t_R)          48.37      48.37 r
  U565/Y (AOI22xp33_ASAP7_75t_R)                         12.41      60.79 f
  fifo_mem_reg_6__11_/D (DFFHQNx1_ASAP7_75t_R)            0.00      60.79 f
  data arrival time                                                 60.79

  clock clk (rise edge)                                   0.00       0.00
  clock network delay (ideal)                             0.00       0.00
  fifo_mem_reg_6__11_/CLK (DFFHQNx1_ASAP7_75t_R)                     0.00 r
  clock reconvergence pessimism                           0.00       0.00
  clock uncertainty                                     100.00     100.00
  library hold time                                      13.32     113.32
  data required time                                               113.32
  ------------------------------------------------------------------------------
  data required time                                               113.32
  data arrival time                                                -60.79
  ------------------------------------------------------------------------------
  slack (VIOLATED)                                                 -52.54


  Startpoint: fifo_mem_reg_6__10_
               (rising edge-triggered flip-flop clocked by clk)
  Endpoint: fifo_mem_reg_6__10_
               (rising edge-triggered flip-flop clocked by clk)
  Path Group: clk
  Path Type: min

  Point                                                   Incr       Path
  ------------------------------------------------------------------------------
  clock clk (rise edge)                                   0.00       0.00
  clock network delay (ideal)                             0.00       0.00
  fifo_mem_reg_6__10_/CLK (DFFHQNx1_ASAP7_75t_R)          0.00       0.00 r
  fifo_mem_reg_6__10_/QN (DFFHQNx1_ASAP7_75t_R)          48.37      48.37 r
  U564/Y (AOI22xp33_ASAP7_75t_R)                         12.41      60.79 f
  fifo_mem_reg_6__10_/D (DFFHQNx1_ASAP7_75t_R)            0.00      60.79 f
  data arrival time                                                 60.79

  clock clk (rise edge)                                   0.00       0.00
  clock network delay (ideal)                             0.00       0.00
  fifo_mem_reg_6__10_/CLK (DFFHQNx1_ASAP7_75t_R)                     0.00 r
  clock reconvergence pessimism                           0.00       0.00
  clock uncertainty                                     100.00     100.00
  library hold time                                      13.32     113.32
  data required time                                               113.32
  ------------------------------------------------------------------------------
  data required time                                               113.32
  data arrival time                                                -60.79
  ------------------------------------------------------------------------------
  slack (VIOLATED)                                                 -52.54


  Startpoint: fifo_mem_reg_6__9_
               (rising edge-triggered flip-flop clocked by clk)
  Endpoint: fifo_mem_reg_6__9_
               (rising edge-triggered flip-flop clocked by clk)
  Path Group: clk
  Path Type: min

  Point                                                   Incr       Path
  ------------------------------------------------------------------------------
  clock clk (rise edge)                                   0.00       0.00
  clock network delay (ideal)                             0.00       0.00
  fifo_mem_reg_6__9_/CLK (DFFHQNx1_ASAP7_75t_R)           0.00       0.00 r
  fifo_mem_reg_6__9_/QN (DFFHQNx1_ASAP7_75t_R)           48.37      48.37 r
  U563/Y (AOI22xp33_ASAP7_75t_R)                         12.41      60.79 f
  fifo_mem_reg_6__9_/D (DFFHQNx1_ASAP7_75t_R)             0.00      60.79 f
  data arrival time                                                 60.79

  clock clk (rise edge)                                   0.00       0.00
  clock network delay (ideal)                             0.00       0.00
  fifo_mem_reg_6__9_/CLK (DFFHQNx1_ASAP7_75t_R)                      0.00 r
  clock reconvergence pessimism                           0.00       0.00
  clock uncertainty                                     100.00     100.00
  library hold time                                      13.32     113.32
  data required time                                               113.32
  ------------------------------------------------------------------------------
  data required time                                               113.32
  data arrival time                                                -60.79
  ------------------------------------------------------------------------------
  slack (VIOLATED)                                                 -52.54


  Startpoint: fifo_mem_reg_6__8_
               (rising edge-triggered flip-flop clocked by clk)
  Endpoint: fifo_mem_reg_6__8_
               (rising edge-triggered flip-flop clocked by clk)
  Path Group: clk
  Path Type: min

  Point                                                   Incr       Path
  ------------------------------------------------------------------------------
  clock clk (rise edge)                                   0.00       0.00
  clock network delay (ideal)                             0.00       0.00
  fifo_mem_reg_6__8_/CLK (DFFHQNx1_ASAP7_75t_R)           0.00       0.00 r
  fifo_mem_reg_6__8_/QN (DFFHQNx1_ASAP7_75t_R)           48.37      48.37 r
  U562/Y (AOI22xp33_ASAP7_75t_R)                         12.41      60.79 f
  fifo_mem_reg_6__8_/D (DFFHQNx1_ASAP7_75t_R)             0.00      60.79 f
  data arrival time                                                 60.79

  clock clk (rise edge)                                   0.00       0.00
  clock network delay (ideal)                             0.00       0.00
  fifo_mem_reg_6__8_/CLK (DFFHQNx1_ASAP7_75t_R)                      0.00 r
  clock reconvergence pessimism                           0.00       0.00
  clock uncertainty                                     100.00     100.00
  library hold time                                      13.32     113.32
  data required time                                               113.32
  ------------------------------------------------------------------------------
  data required time                                               113.32
  data arrival time                                                -60.79
  ------------------------------------------------------------------------------
  slack (VIOLATED)                                                 -52.54


  Startpoint: fifo_mem_reg_6__7_
               (rising edge-triggered flip-flop clocked by clk)
  Endpoint: fifo_mem_reg_6__7_
               (rising edge-triggered flip-flop clocked by clk)
  Path Group: clk
  Path Type: min

  Point                                                   Incr       Path
  ------------------------------------------------------------------------------
  clock clk (rise edge)                                   0.00       0.00
  clock network delay (ideal)                             0.00       0.00
  fifo_mem_reg_6__7_/CLK (DFFHQNx1_ASAP7_75t_R)           0.00       0.00 r
  fifo_mem_reg_6__7_/QN (DFFHQNx1_ASAP7_75t_R)           48.37      48.37 r
  U561/Y (AOI22xp33_ASAP7_75t_R)                         12.41      60.79 f
  fifo_mem_reg_6__7_/D (DFFHQNx1_ASAP7_75t_R)             0.00      60.79 f
  data arrival time                                                 60.79

  clock clk (rise edge)                                   0.00       0.00
  clock network delay (ideal)                             0.00       0.00
  fifo_mem_reg_6__7_/CLK (DFFHQNx1_ASAP7_75t_R)                      0.00 r
  clock reconvergence pessimism                           0.00       0.00
  clock uncertainty                                     100.00     100.00
  library hold time                                      13.32     113.32
  data required time                                               113.32
  ------------------------------------------------------------------------------
  data required time                                               113.32
  data arrival time                                                -60.79
  ------------------------------------------------------------------------------
  slack (VIOLATED)                                                 -52.54


  Startpoint: fifo_mem_reg_6__6_
               (rising edge-triggered flip-flop clocked by clk)
  Endpoint: fifo_mem_reg_6__6_
               (rising edge-triggered flip-flop clocked by clk)
  Path Group: clk
  Path Type: min

  Point                                                   Incr       Path
  ------------------------------------------------------------------------------
  clock clk (rise edge)                                   0.00       0.00
  clock network delay (ideal)                             0.00       0.00
  fifo_mem_reg_6__6_/CLK (DFFHQNx1_ASAP7_75t_R)           0.00       0.00 r
  fifo_mem_reg_6__6_/QN (DFFHQNx1_ASAP7_75t_R)           48.37      48.37 r
  U560/Y (AOI22xp33_ASAP7_75t_R)                         12.41      60.79 f
  fifo_mem_reg_6__6_/D (DFFHQNx1_ASAP7_75t_R)             0.00      60.79 f
  data arrival time                                                 60.79

  clock clk (rise edge)                                   0.00       0.00
  clock network delay (ideal)                             0.00       0.00
  fifo_mem_reg_6__6_/CLK (DFFHQNx1_ASAP7_75t_R)                      0.00 r
  clock reconvergence pessimism                           0.00       0.00
  clock uncertainty                                     100.00     100.00
  library hold time                                      13.32     113.32
  data required time                                               113.32
  ------------------------------------------------------------------------------
  data required time                                               113.32
  data arrival time                                                -60.79
  ------------------------------------------------------------------------------
  slack (VIOLATED)                                                 -52.54


  Startpoint: fifo_mem_reg_6__5_
               (rising edge-triggered flip-flop clocked by clk)
  Endpoint: fifo_mem_reg_6__5_
               (rising edge-triggered flip-flop clocked by clk)
  Path Group: clk
  Path Type: min

  Point                                                   Incr       Path
  ------------------------------------------------------------------------------
  clock clk (rise edge)                                   0.00       0.00
  clock network delay (ideal)                             0.00       0.00
  fifo_mem_reg_6__5_/CLK (DFFHQNx1_ASAP7_75t_R)           0.00       0.00 r
  fifo_mem_reg_6__5_/QN (DFFHQNx1_ASAP7_75t_R)           48.37      48.37 r
  U559/Y (AOI22xp33_ASAP7_75t_R)                         12.41      60.79 f
  fifo_mem_reg_6__5_/D (DFFHQNx1_ASAP7_75t_R)             0.00      60.79 f
  data arrival time                                                 60.79

  clock clk (rise edge)                                   0.00       0.00
  clock network delay (ideal)                             0.00       0.00
  fifo_mem_reg_6__5_/CLK (DFFHQNx1_ASAP7_75t_R)                      0.00 r
  clock reconvergence pessimism                           0.00       0.00
  clock uncertainty                                     100.00     100.00
  library hold time                                      13.32     113.32
  data required time                                               113.32
  ------------------------------------------------------------------------------
  data required time                                               113.32
  data arrival time                                                -60.79
  ------------------------------------------------------------------------------
  slack (VIOLATED)                                                 -52.54


  Startpoint: fifo_mem_reg_6__4_
               (rising edge-triggered flip-flop clocked by clk)
  Endpoint: fifo_mem_reg_6__4_
               (rising edge-triggered flip-flop clocked by clk)
  Path Group: clk
  Path Type: min

  Point                                                   Incr       Path
  ------------------------------------------------------------------------------
  clock clk (rise edge)                                   0.00       0.00
  clock network delay (ideal)                             0.00       0.00
  fifo_mem_reg_6__4_/CLK (DFFHQNx1_ASAP7_75t_R)           0.00       0.00 r
  fifo_mem_reg_6__4_/QN (DFFHQNx1_ASAP7_75t_R)           48.37      48.37 r
  U558/Y (AOI22xp33_ASAP7_75t_R)                         12.41      60.79 f
  fifo_mem_reg_6__4_/D (DFFHQNx1_ASAP7_75t_R)             0.00      60.79 f
  data arrival time                                                 60.79

  clock clk (rise edge)                                   0.00       0.00
  clock network delay (ideal)                             0.00       0.00
  fifo_mem_reg_6__4_/CLK (DFFHQNx1_ASAP7_75t_R)                      0.00 r
  clock reconvergence pessimism                           0.00       0.00
  clock uncertainty                                     100.00     100.00
  library hold time                                      13.32     113.32
  data required time                                               113.32
  ------------------------------------------------------------------------------
  data required time                                               113.32
  data arrival time                                                -60.79
  ------------------------------------------------------------------------------
  slack (VIOLATED)                                                 -52.54


  Startpoint: fifo_mem_reg_6__3_
               (rising edge-triggered flip-flop clocked by clk)
  Endpoint: fifo_mem_reg_6__3_
               (rising edge-triggered flip-flop clocked by clk)
  Path Group: clk
  Path Type: min

  Point                                                   Incr       Path
  ------------------------------------------------------------------------------
  clock clk (rise edge)                                   0.00       0.00
  clock network delay (ideal)                             0.00       0.00
  fifo_mem_reg_6__3_/CLK (DFFHQNx1_ASAP7_75t_R)           0.00       0.00 r
  fifo_mem_reg_6__3_/QN (DFFHQNx1_ASAP7_75t_R)           48.37      48.37 r
  U557/Y (AOI22xp33_ASAP7_75t_R)                         12.41      60.79 f
  fifo_mem_reg_6__3_/D (DFFHQNx1_ASAP7_75t_R)             0.00      60.79 f
  data arrival time                                                 60.79

  clock clk (rise edge)                                   0.00       0.00
  clock network delay (ideal)                             0.00       0.00
  fifo_mem_reg_6__3_/CLK (DFFHQNx1_ASAP7_75t_R)                      0.00 r
  clock reconvergence pessimism                           0.00       0.00
  clock uncertainty                                     100.00     100.00
  library hold time                                      13.32     113.32
  data required time                                               113.32
  ------------------------------------------------------------------------------
  data required time                                               113.32
  data arrival time                                                -60.79
  ------------------------------------------------------------------------------
  slack (VIOLATED)                                                 -52.54


  Startpoint: fifo_mem_reg_6__2_
               (rising edge-triggered flip-flop clocked by clk)
  Endpoint: fifo_mem_reg_6__2_
               (rising edge-triggered flip-flop clocked by clk)
  Path Group: clk
  Path Type: min

  Point                                                   Incr       Path
  ------------------------------------------------------------------------------
  clock clk (rise edge)                                   0.00       0.00
  clock network delay (ideal)                             0.00       0.00
  fifo_mem_reg_6__2_/CLK (DFFHQNx1_ASAP7_75t_R)           0.00       0.00 r
  fifo_mem_reg_6__2_/QN (DFFHQNx1_ASAP7_75t_R)           48.37      48.37 r
  U556/Y (AOI22xp33_ASAP7_75t_R)                         12.41      60.79 f
  fifo_mem_reg_6__2_/D (DFFHQNx1_ASAP7_75t_R)             0.00      60.79 f
  data arrival time                                                 60.79

  clock clk (rise edge)                                   0.00       0.00
  clock network delay (ideal)                             0.00       0.00
  fifo_mem_reg_6__2_/CLK (DFFHQNx1_ASAP7_75t_R)                      0.00 r
  clock reconvergence pessimism                           0.00       0.00
  clock uncertainty                                     100.00     100.00
  library hold time                                      13.32     113.32
  data required time                                               113.32
  ------------------------------------------------------------------------------
  data required time                                               113.32
  data arrival time                                                -60.79
  ------------------------------------------------------------------------------
  slack (VIOLATED)                                                 -52.54


  Startpoint: fifo_mem_reg_6__1_
               (rising edge-triggered flip-flop clocked by clk)
  Endpoint: fifo_mem_reg_6__1_
               (rising edge-triggered flip-flop clocked by clk)
  Path Group: clk
  Path Type: min

  Point                                                   Incr       Path
  ------------------------------------------------------------------------------
  clock clk (rise edge)                                   0.00       0.00
  clock network delay (ideal)                             0.00       0.00
  fifo_mem_reg_6__1_/CLK (DFFHQNx1_ASAP7_75t_R)           0.00       0.00 r
  fifo_mem_reg_6__1_/QN (DFFHQNx1_ASAP7_75t_R)           48.37      48.37 r
  U555/Y (AOI22xp33_ASAP7_75t_R)                         12.41      60.79 f
  fifo_mem_reg_6__1_/D (DFFHQNx1_ASAP7_75t_R)             0.00      60.79 f
  data arrival time                                                 60.79

  clock clk (rise edge)                                   0.00       0.00
  clock network delay (ideal)                             0.00       0.00
  fifo_mem_reg_6__1_/CLK (DFFHQNx1_ASAP7_75t_R)                      0.00 r
  clock reconvergence pessimism                           0.00       0.00
  clock uncertainty                                     100.00     100.00
  library hold time                                      13.32     113.32
  data required time                                               113.32
  ------------------------------------------------------------------------------
  data required time                                               113.32
  data arrival time                                                -60.79
  ------------------------------------------------------------------------------
  slack (VIOLATED)                                                 -52.54


  Startpoint: fifo_mem_reg_0__22_
               (rising edge-triggered flip-flop clocked by clk)
  Endpoint: fifo_mem_reg_0__22_
               (rising edge-triggered flip-flop clocked by clk)
  Path Group: clk
  Path Type: min

  Point                                                   Incr       Path
  ------------------------------------------------------------------------------
  clock clk (rise edge)                                   0.00       0.00
  clock network delay (ideal)                             0.00       0.00
  fifo_mem_reg_0__22_/CLK (DFFHQNx1_ASAP7_75t_R)          0.00       0.00 r
  fifo_mem_reg_0__22_/QN (DFFHQNx1_ASAP7_75t_R)          48.61      48.61 r
  U528/Y (AOI22xp33_ASAP7_75t_R)                         12.48      61.09 f
  fifo_mem_reg_0__22_/D (DFFHQNx1_ASAP7_75t_R)            0.00      61.09 f
  data arrival time                                                 61.09

  clock clk (rise edge)                                   0.00       0.00
  clock network delay (ideal)                             0.00       0.00
  fifo_mem_reg_0__22_/CLK (DFFHQNx1_ASAP7_75t_R)                     0.00 r
  clock reconvergence pessimism                           0.00       0.00
  clock uncertainty                                     100.00     100.00
  library hold time                                      13.31     113.31
  data required time                                               113.31
  ------------------------------------------------------------------------------
  data required time                                               113.31
  data arrival time                                                -61.09
  ------------------------------------------------------------------------------
  slack (VIOLATED)                                                 -52.22


  Startpoint: fifo_mem_reg_0__21_
               (rising edge-triggered flip-flop clocked by clk)
  Endpoint: fifo_mem_reg_0__21_
               (rising edge-triggered flip-flop clocked by clk)
  Path Group: clk
  Path Type: min

  Point                                                   Incr       Path
  ------------------------------------------------------------------------------
  clock clk (rise edge)                                   0.00       0.00
  clock network delay (ideal)                             0.00       0.00
  fifo_mem_reg_0__21_/CLK (DFFHQNx1_ASAP7_75t_R)          0.00       0.00 r
  fifo_mem_reg_0__21_/QN (DFFHQNx1_ASAP7_75t_R)          48.61      48.61 r
  U527/Y (AOI22xp33_ASAP7_75t_R)                         12.48      61.09 f
  fifo_mem_reg_0__21_/D (DFFHQNx1_ASAP7_75t_R)            0.00      61.09 f
  data arrival time                                                 61.09

  clock clk (rise edge)                                   0.00       0.00
  clock network delay (ideal)                             0.00       0.00
  fifo_mem_reg_0__21_/CLK (DFFHQNx1_ASAP7_75t_R)                     0.00 r
  clock reconvergence pessimism                           0.00       0.00
  clock uncertainty                                     100.00     100.00
  library hold time                                      13.31     113.31
  data required time                                               113.31
  ------------------------------------------------------------------------------
  data required time                                               113.31
  data arrival time                                                -61.09
  ------------------------------------------------------------------------------
  slack (VIOLATED)                                                 -52.22


  Startpoint: fifo_mem_reg_0__20_
               (rising edge-triggered flip-flop clocked by clk)
  Endpoint: fifo_mem_reg_0__20_
               (rising edge-triggered flip-flop clocked by clk)
  Path Group: clk
  Path Type: min

  Point                                                   Incr       Path
  ------------------------------------------------------------------------------
  clock clk (rise edge)                                   0.00       0.00
  clock network delay (ideal)                             0.00       0.00
  fifo_mem_reg_0__20_/CLK (DFFHQNx1_ASAP7_75t_R)          0.00       0.00 r
  fifo_mem_reg_0__20_/QN (DFFHQNx1_ASAP7_75t_R)          48.61      48.61 r
  U430/Y (AOI22xp33_ASAP7_75t_R)                         12.48      61.09 f
  fifo_mem_reg_0__20_/D (DFFHQNx1_ASAP7_75t_R)            0.00      61.09 f
  data arrival time                                                 61.09

  clock clk (rise edge)                                   0.00       0.00
  clock network delay (ideal)                             0.00       0.00
  fifo_mem_reg_0__20_/CLK (DFFHQNx1_ASAP7_75t_R)                     0.00 r
  clock reconvergence pessimism                           0.00       0.00
  clock uncertainty                                     100.00     100.00
  library hold time                                      13.31     113.31
  data required time                                               113.31
  ------------------------------------------------------------------------------
  data required time                                               113.31
  data arrival time                                                -61.09
  ------------------------------------------------------------------------------
  slack (VIOLATED)                                                 -52.22


  Startpoint: fifo_mem_reg_0__19_
               (rising edge-triggered flip-flop clocked by clk)
  Endpoint: fifo_mem_reg_0__19_
               (rising edge-triggered flip-flop clocked by clk)
  Path Group: clk
  Path Type: min

  Point                                                   Incr       Path
  ------------------------------------------------------------------------------
  clock clk (rise edge)                                   0.00       0.00
  clock network delay (ideal)                             0.00       0.00
  fifo_mem_reg_0__19_/CLK (DFFHQNx1_ASAP7_75t_R)          0.00       0.00 r
  fifo_mem_reg_0__19_/QN (DFFHQNx1_ASAP7_75t_R)          48.61      48.61 r
  U431/Y (AOI22xp33_ASAP7_75t_R)                         12.48      61.09 f
  fifo_mem_reg_0__19_/D (DFFHQNx1_ASAP7_75t_R)            0.00      61.09 f
  data arrival time                                                 61.09

  clock clk (rise edge)                                   0.00       0.00
  clock network delay (ideal)                             0.00       0.00
  fifo_mem_reg_0__19_/CLK (DFFHQNx1_ASAP7_75t_R)                     0.00 r
  clock reconvergence pessimism                           0.00       0.00
  clock uncertainty                                     100.00     100.00
  library hold time                                      13.31     113.31
  data required time                                               113.31
  ------------------------------------------------------------------------------
  data required time                                               113.31
  data arrival time                                                -61.09
  ------------------------------------------------------------------------------
  slack (VIOLATED)                                                 -52.22


  Startpoint: fifo_mem_reg_0__18_
               (rising edge-triggered flip-flop clocked by clk)
  Endpoint: fifo_mem_reg_0__18_
               (rising edge-triggered flip-flop clocked by clk)
  Path Group: clk
  Path Type: min

  Point                                                   Incr       Path
  ------------------------------------------------------------------------------
  clock clk (rise edge)                                   0.00       0.00
  clock network delay (ideal)                             0.00       0.00
  fifo_mem_reg_0__18_/CLK (DFFHQNx1_ASAP7_75t_R)          0.00       0.00 r
  fifo_mem_reg_0__18_/QN (DFFHQNx1_ASAP7_75t_R)          48.61      48.61 r
  U432/Y (AOI22xp33_ASAP7_75t_R)                         12.48      61.09 f
  fifo_mem_reg_0__18_/D (DFFHQNx1_ASAP7_75t_R)            0.00      61.09 f
  data arrival time                                                 61.09

  clock clk (rise edge)                                   0.00       0.00
  clock network delay (ideal)                             0.00       0.00
  fifo_mem_reg_0__18_/CLK (DFFHQNx1_ASAP7_75t_R)                     0.00 r
  clock reconvergence pessimism                           0.00       0.00
  clock uncertainty                                     100.00     100.00
  library hold time                                      13.31     113.31
  data required time                                               113.31
  ------------------------------------------------------------------------------
  data required time                                               113.31
  data arrival time                                                -61.09
  ------------------------------------------------------------------------------
  slack (VIOLATED)                                                 -52.22


  Startpoint: fifo_mem_reg_0__17_
               (rising edge-triggered flip-flop clocked by clk)
  Endpoint: fifo_mem_reg_0__17_
               (rising edge-triggered flip-flop clocked by clk)
  Path Group: clk
  Path Type: min

  Point                                                   Incr       Path
  ------------------------------------------------------------------------------
  clock clk (rise edge)                                   0.00       0.00
  clock network delay (ideal)                             0.00       0.00
  fifo_mem_reg_0__17_/CLK (DFFHQNx1_ASAP7_75t_R)          0.00       0.00 r
  fifo_mem_reg_0__17_/QN (DFFHQNx1_ASAP7_75t_R)          48.61      48.61 r
  U433/Y (AOI22xp33_ASAP7_75t_R)                         12.48      61.09 f
  fifo_mem_reg_0__17_/D (DFFHQNx1_ASAP7_75t_R)            0.00      61.09 f
  data arrival time                                                 61.09

  clock clk (rise edge)                                   0.00       0.00
  clock network delay (ideal)                             0.00       0.00
  fifo_mem_reg_0__17_/CLK (DFFHQNx1_ASAP7_75t_R)                     0.00 r
  clock reconvergence pessimism                           0.00       0.00
  clock uncertainty                                     100.00     100.00
  library hold time                                      13.31     113.31
  data required time                                               113.31
  ------------------------------------------------------------------------------
  data required time                                               113.31
  data arrival time                                                -61.09
  ------------------------------------------------------------------------------
  slack (VIOLATED)                                                 -52.22


  Startpoint: fifo_mem_reg_0__16_
               (rising edge-triggered flip-flop clocked by clk)
  Endpoint: fifo_mem_reg_0__16_
               (rising edge-triggered flip-flop clocked by clk)
  Path Group: clk
  Path Type: min

  Point                                                   Incr       Path
  ------------------------------------------------------------------------------
  clock clk (rise edge)                                   0.00       0.00
  clock network delay (ideal)                             0.00       0.00
  fifo_mem_reg_0__16_/CLK (DFFHQNx1_ASAP7_75t_R)          0.00       0.00 r
  fifo_mem_reg_0__16_/QN (DFFHQNx1_ASAP7_75t_R)          48.61      48.61 r
  U434/Y (AOI22xp33_ASAP7_75t_R)                         12.48      61.09 f
  fifo_mem_reg_0__16_/D (DFFHQNx1_ASAP7_75t_R)            0.00      61.09 f
  data arrival time                                                 61.09

  clock clk (rise edge)                                   0.00       0.00
  clock network delay (ideal)                             0.00       0.00
  fifo_mem_reg_0__16_/CLK (DFFHQNx1_ASAP7_75t_R)                     0.00 r
  clock reconvergence pessimism                           0.00       0.00
  clock uncertainty                                     100.00     100.00
  library hold time                                      13.31     113.31
  data required time                                               113.31
  ------------------------------------------------------------------------------
  data required time                                               113.31
  data arrival time                                                -61.09
  ------------------------------------------------------------------------------
  slack (VIOLATED)                                                 -52.22


  Startpoint: fifo_mem_reg_0__15_
               (rising edge-triggered flip-flop clocked by clk)
  Endpoint: fifo_mem_reg_0__15_
               (rising edge-triggered flip-flop clocked by clk)
  Path Group: clk
  Path Type: min

  Point                                                   Incr       Path
  ------------------------------------------------------------------------------
  clock clk (rise edge)                                   0.00       0.00
  clock network delay (ideal)                             0.00       0.00
  fifo_mem_reg_0__15_/CLK (DFFHQNx1_ASAP7_75t_R)          0.00       0.00 r
  fifo_mem_reg_0__15_/QN (DFFHQNx1_ASAP7_75t_R)          48.61      48.61 r
  U435/Y (AOI22xp33_ASAP7_75t_R)                         12.48      61.09 f
  fifo_mem_reg_0__15_/D (DFFHQNx1_ASAP7_75t_R)            0.00      61.09 f
  data arrival time                                                 61.09

  clock clk (rise edge)                                   0.00       0.00
  clock network delay (ideal)                             0.00       0.00
  fifo_mem_reg_0__15_/CLK (DFFHQNx1_ASAP7_75t_R)                     0.00 r
  clock reconvergence pessimism                           0.00       0.00
  clock uncertainty                                     100.00     100.00
  library hold time                                      13.31     113.31
  data required time                                               113.31
  ------------------------------------------------------------------------------
  data required time                                               113.31
  data arrival time                                                -61.09
  ------------------------------------------------------------------------------
  slack (VIOLATED)                                                 -52.22


  Startpoint: fifo_mem_reg_0__14_
               (rising edge-triggered flip-flop clocked by clk)
  Endpoint: fifo_mem_reg_0__14_
               (rising edge-triggered flip-flop clocked by clk)
  Path Group: clk
  Path Type: min

  Point                                                   Incr       Path
  ------------------------------------------------------------------------------
  clock clk (rise edge)                                   0.00       0.00
  clock network delay (ideal)                             0.00       0.00
  fifo_mem_reg_0__14_/CLK (DFFHQNx1_ASAP7_75t_R)          0.00       0.00 r
  fifo_mem_reg_0__14_/QN (DFFHQNx1_ASAP7_75t_R)          48.61      48.61 r
  U436/Y (AOI22xp33_ASAP7_75t_R)                         12.48      61.09 f
  fifo_mem_reg_0__14_/D (DFFHQNx1_ASAP7_75t_R)            0.00      61.09 f
  data arrival time                                                 61.09

  clock clk (rise edge)                                   0.00       0.00
  clock network delay (ideal)                             0.00       0.00
  fifo_mem_reg_0__14_/CLK (DFFHQNx1_ASAP7_75t_R)                     0.00 r
  clock reconvergence pessimism                           0.00       0.00
  clock uncertainty                                     100.00     100.00
  library hold time                                      13.31     113.31
  data required time                                               113.31
  ------------------------------------------------------------------------------
  data required time                                               113.31
  data arrival time                                                -61.09
  ------------------------------------------------------------------------------
  slack (VIOLATED)                                                 -52.22


  Startpoint: fifo_mem_reg_0__13_
               (rising edge-triggered flip-flop clocked by clk)
  Endpoint: fifo_mem_reg_0__13_
               (rising edge-triggered flip-flop clocked by clk)
  Path Group: clk
  Path Type: min

  Point                                                   Incr       Path
  ------------------------------------------------------------------------------
  clock clk (rise edge)                                   0.00       0.00
  clock network delay (ideal)                             0.00       0.00
  fifo_mem_reg_0__13_/CLK (DFFHQNx1_ASAP7_75t_R)          0.00       0.00 r
  fifo_mem_reg_0__13_/QN (DFFHQNx1_ASAP7_75t_R)          48.61      48.61 r
  U437/Y (AOI22xp33_ASAP7_75t_R)                         12.48      61.09 f
  fifo_mem_reg_0__13_/D (DFFHQNx1_ASAP7_75t_R)            0.00      61.09 f
  data arrival time                                                 61.09

  clock clk (rise edge)                                   0.00       0.00
  clock network delay (ideal)                             0.00       0.00
  fifo_mem_reg_0__13_/CLK (DFFHQNx1_ASAP7_75t_R)                     0.00 r
  clock reconvergence pessimism                           0.00       0.00
  clock uncertainty                                     100.00     100.00
  library hold time                                      13.31     113.31
  data required time                                               113.31
  ------------------------------------------------------------------------------
  data required time                                               113.31
  data arrival time                                                -61.09
  ------------------------------------------------------------------------------
  slack (VIOLATED)                                                 -52.22


  Startpoint: fifo_mem_reg_0__12_
               (rising edge-triggered flip-flop clocked by clk)
  Endpoint: fifo_mem_reg_0__12_
               (rising edge-triggered flip-flop clocked by clk)
  Path Group: clk
  Path Type: min

  Point                                                   Incr       Path
  ------------------------------------------------------------------------------
  clock clk (rise edge)                                   0.00       0.00
  clock network delay (ideal)                             0.00       0.00
  fifo_mem_reg_0__12_/CLK (DFFHQNx1_ASAP7_75t_R)          0.00       0.00 r
  fifo_mem_reg_0__12_/QN (DFFHQNx1_ASAP7_75t_R)          48.61      48.61 r
  U438/Y (AOI22xp33_ASAP7_75t_R)                         12.48      61.09 f
  fifo_mem_reg_0__12_/D (DFFHQNx1_ASAP7_75t_R)            0.00      61.09 f
  data arrival time                                                 61.09

  clock clk (rise edge)                                   0.00       0.00
  clock network delay (ideal)                             0.00       0.00
  fifo_mem_reg_0__12_/CLK (DFFHQNx1_ASAP7_75t_R)                     0.00 r
  clock reconvergence pessimism                           0.00       0.00
  clock uncertainty                                     100.00     100.00
  library hold time                                      13.31     113.31
  data required time                                               113.31
  ------------------------------------------------------------------------------
  data required time                                               113.31
  data arrival time                                                -61.09
  ------------------------------------------------------------------------------
  slack (VIOLATED)                                                 -52.22


  Startpoint: fifo_mem_reg_0__11_
               (rising edge-triggered flip-flop clocked by clk)
  Endpoint: fifo_mem_reg_0__11_
               (rising edge-triggered flip-flop clocked by clk)
  Path Group: clk
  Path Type: min

  Point                                                   Incr       Path
  ------------------------------------------------------------------------------
  clock clk (rise edge)                                   0.00       0.00
  clock network delay (ideal)                             0.00       0.00
  fifo_mem_reg_0__11_/CLK (DFFHQNx1_ASAP7_75t_R)          0.00       0.00 r
  fifo_mem_reg_0__11_/QN (DFFHQNx1_ASAP7_75t_R)          48.61      48.61 r
  U439/Y (AOI22xp33_ASAP7_75t_R)                         12.48      61.09 f
  fifo_mem_reg_0__11_/D (DFFHQNx1_ASAP7_75t_R)            0.00      61.09 f
  data arrival time                                                 61.09

  clock clk (rise edge)                                   0.00       0.00
  clock network delay (ideal)                             0.00       0.00
  fifo_mem_reg_0__11_/CLK (DFFHQNx1_ASAP7_75t_R)                     0.00 r
  clock reconvergence pessimism                           0.00       0.00
  clock uncertainty                                     100.00     100.00
  library hold time                                      13.31     113.31
  data required time                                               113.31
  ------------------------------------------------------------------------------
  data required time                                               113.31
  data arrival time                                                -61.09
  ------------------------------------------------------------------------------
  slack (VIOLATED)                                                 -52.22


  Startpoint: fifo_mem_reg_0__10_
               (rising edge-triggered flip-flop clocked by clk)
  Endpoint: fifo_mem_reg_0__10_
               (rising edge-triggered flip-flop clocked by clk)
  Path Group: clk
  Path Type: min

  Point                                                   Incr       Path
  ------------------------------------------------------------------------------
  clock clk (rise edge)                                   0.00       0.00
  clock network delay (ideal)                             0.00       0.00
  fifo_mem_reg_0__10_/CLK (DFFHQNx1_ASAP7_75t_R)          0.00       0.00 r
  fifo_mem_reg_0__10_/QN (DFFHQNx1_ASAP7_75t_R)          48.61      48.61 r
  U440/Y (AOI22xp33_ASAP7_75t_R)                         12.48      61.09 f
  fifo_mem_reg_0__10_/D (DFFHQNx1_ASAP7_75t_R)            0.00      61.09 f
  data arrival time                                                 61.09

  clock clk (rise edge)                                   0.00       0.00
  clock network delay (ideal)                             0.00       0.00
  fifo_mem_reg_0__10_/CLK (DFFHQNx1_ASAP7_75t_R)                     0.00 r
  clock reconvergence pessimism                           0.00       0.00
  clock uncertainty                                     100.00     100.00
  library hold time                                      13.31     113.31
  data required time                                               113.31
  ------------------------------------------------------------------------------
  data required time                                               113.31
  data arrival time                                                -61.09
  ------------------------------------------------------------------------------
  slack (VIOLATED)                                                 -52.22


  Startpoint: fifo_mem_reg_0__9_
               (rising edge-triggered flip-flop clocked by clk)
  Endpoint: fifo_mem_reg_0__9_
               (rising edge-triggered flip-flop clocked by clk)
  Path Group: clk
  Path Type: min

  Point                                                   Incr       Path
  ------------------------------------------------------------------------------
  clock clk (rise edge)                                   0.00       0.00
  clock network delay (ideal)                             0.00       0.00
  fifo_mem_reg_0__9_/CLK (DFFHQNx1_ASAP7_75t_R)           0.00       0.00 r
  fifo_mem_reg_0__9_/QN (DFFHQNx1_ASAP7_75t_R)           48.61      48.61 r
  U441/Y (AOI22xp33_ASAP7_75t_R)                         12.48      61.09 f
  fifo_mem_reg_0__9_/D (DFFHQNx1_ASAP7_75t_R)             0.00      61.09 f
  data arrival time                                                 61.09

  clock clk (rise edge)                                   0.00       0.00
  clock network delay (ideal)                             0.00       0.00
  fifo_mem_reg_0__9_/CLK (DFFHQNx1_ASAP7_75t_R)                      0.00 r
  clock reconvergence pessimism                           0.00       0.00
  clock uncertainty                                     100.00     100.00
  library hold time                                      13.31     113.31
  data required time                                               113.31
  ------------------------------------------------------------------------------
  data required time                                               113.31
  data arrival time                                                -61.09
  ------------------------------------------------------------------------------
  slack (VIOLATED)                                                 -52.22


  Startpoint: fifo_mem_reg_0__8_
               (rising edge-triggered flip-flop clocked by clk)
  Endpoint: fifo_mem_reg_0__8_
               (rising edge-triggered flip-flop clocked by clk)
  Path Group: clk
  Path Type: min

  Point                                                   Incr       Path
  ------------------------------------------------------------------------------
  clock clk (rise edge)                                   0.00       0.00
  clock network delay (ideal)                             0.00       0.00
  fifo_mem_reg_0__8_/CLK (DFFHQNx1_ASAP7_75t_R)           0.00       0.00 r
  fifo_mem_reg_0__8_/QN (DFFHQNx1_ASAP7_75t_R)           48.61      48.61 r
  U442/Y (AOI22xp33_ASAP7_75t_R)                         12.48      61.09 f
  fifo_mem_reg_0__8_/D (DFFHQNx1_ASAP7_75t_R)             0.00      61.09 f
  data arrival time                                                 61.09

  clock clk (rise edge)                                   0.00       0.00
  clock network delay (ideal)                             0.00       0.00
  fifo_mem_reg_0__8_/CLK (DFFHQNx1_ASAP7_75t_R)                      0.00 r
  clock reconvergence pessimism                           0.00       0.00
  clock uncertainty                                     100.00     100.00
  library hold time                                      13.31     113.31
  data required time                                               113.31
  ------------------------------------------------------------------------------
  data required time                                               113.31
  data arrival time                                                -61.09
  ------------------------------------------------------------------------------
  slack (VIOLATED)                                                 -52.22


  Startpoint: fifo_mem_reg_0__7_
               (rising edge-triggered flip-flop clocked by clk)
  Endpoint: fifo_mem_reg_0__7_
               (rising edge-triggered flip-flop clocked by clk)
  Path Group: clk
  Path Type: min

  Point                                                   Incr       Path
  ------------------------------------------------------------------------------
  clock clk (rise edge)                                   0.00       0.00
  clock network delay (ideal)                             0.00       0.00
  fifo_mem_reg_0__7_/CLK (DFFHQNx1_ASAP7_75t_R)           0.00       0.00 r
  fifo_mem_reg_0__7_/QN (DFFHQNx1_ASAP7_75t_R)           48.61      48.61 r
  U443/Y (AOI22xp33_ASAP7_75t_R)                         12.48      61.09 f
  fifo_mem_reg_0__7_/D (DFFHQNx1_ASAP7_75t_R)             0.00      61.09 f
  data arrival time                                                 61.09

  clock clk (rise edge)                                   0.00       0.00
  clock network delay (ideal)                             0.00       0.00
  fifo_mem_reg_0__7_/CLK (DFFHQNx1_ASAP7_75t_R)                      0.00 r
  clock reconvergence pessimism                           0.00       0.00
  clock uncertainty                                     100.00     100.00
  library hold time                                      13.31     113.31
  data required time                                               113.31
  ------------------------------------------------------------------------------
  data required time                                               113.31
  data arrival time                                                -61.09
  ------------------------------------------------------------------------------
  slack (VIOLATED)                                                 -52.22


  Startpoint: fifo_mem_reg_0__6_
               (rising edge-triggered flip-flop clocked by clk)
  Endpoint: fifo_mem_reg_0__6_
               (rising edge-triggered flip-flop clocked by clk)
  Path Group: clk
  Path Type: min

  Point                                                   Incr       Path
  ------------------------------------------------------------------------------
  clock clk (rise edge)                                   0.00       0.00
  clock network delay (ideal)                             0.00       0.00
  fifo_mem_reg_0__6_/CLK (DFFHQNx1_ASAP7_75t_R)           0.00       0.00 r
  fifo_mem_reg_0__6_/QN (DFFHQNx1_ASAP7_75t_R)           48.61      48.61 r
  U444/Y (AOI22xp33_ASAP7_75t_R)                         12.48      61.09 f
  fifo_mem_reg_0__6_/D (DFFHQNx1_ASAP7_75t_R)             0.00      61.09 f
  data arrival time                                                 61.09

  clock clk (rise edge)                                   0.00       0.00
  clock network delay (ideal)                             0.00       0.00
  fifo_mem_reg_0__6_/CLK (DFFHQNx1_ASAP7_75t_R)                      0.00 r
  clock reconvergence pessimism                           0.00       0.00
  clock uncertainty                                     100.00     100.00
  library hold time                                      13.31     113.31
  data required time                                               113.31
  ------------------------------------------------------------------------------
  data required time                                               113.31
  data arrival time                                                -61.09
  ------------------------------------------------------------------------------
  slack (VIOLATED)                                                 -52.22


  Startpoint: fifo_mem_reg_0__5_
               (rising edge-triggered flip-flop clocked by clk)
  Endpoint: fifo_mem_reg_0__5_
               (rising edge-triggered flip-flop clocked by clk)
  Path Group: clk
  Path Type: min

  Point                                                   Incr       Path
  ------------------------------------------------------------------------------
  clock clk (rise edge)                                   0.00       0.00
  clock network delay (ideal)                             0.00       0.00
  fifo_mem_reg_0__5_/CLK (DFFHQNx1_ASAP7_75t_R)           0.00       0.00 r
  fifo_mem_reg_0__5_/QN (DFFHQNx1_ASAP7_75t_R)           48.61      48.61 r
  U445/Y (AOI22xp33_ASAP7_75t_R)                         12.48      61.09 f
  fifo_mem_reg_0__5_/D (DFFHQNx1_ASAP7_75t_R)             0.00      61.09 f
  data arrival time                                                 61.09

  clock clk (rise edge)                                   0.00       0.00
  clock network delay (ideal)                             0.00       0.00
  fifo_mem_reg_0__5_/CLK (DFFHQNx1_ASAP7_75t_R)                      0.00 r
  clock reconvergence pessimism                           0.00       0.00
  clock uncertainty                                     100.00     100.00
  library hold time                                      13.31     113.31
  data required time                                               113.31
  ------------------------------------------------------------------------------
  data required time                                               113.31
  data arrival time                                                -61.09
  ------------------------------------------------------------------------------
  slack (VIOLATED)                                                 -52.22


  Startpoint: fifo_mem_reg_0__4_
               (rising edge-triggered flip-flop clocked by clk)
  Endpoint: fifo_mem_reg_0__4_
               (rising edge-triggered flip-flop clocked by clk)
  Path Group: clk
  Path Type: min

  Point                                                   Incr       Path
  ------------------------------------------------------------------------------
  clock clk (rise edge)                                   0.00       0.00
  clock network delay (ideal)                             0.00       0.00
  fifo_mem_reg_0__4_/CLK (DFFHQNx1_ASAP7_75t_R)           0.00       0.00 r
  fifo_mem_reg_0__4_/QN (DFFHQNx1_ASAP7_75t_R)           48.61      48.61 r
  U446/Y (AOI22xp33_ASAP7_75t_R)                         12.48      61.09 f
  fifo_mem_reg_0__4_/D (DFFHQNx1_ASAP7_75t_R)             0.00      61.09 f
  data arrival time                                                 61.09

  clock clk (rise edge)                                   0.00       0.00
  clock network delay (ideal)                             0.00       0.00
  fifo_mem_reg_0__4_/CLK (DFFHQNx1_ASAP7_75t_R)                      0.00 r
  clock reconvergence pessimism                           0.00       0.00
  clock uncertainty                                     100.00     100.00
  library hold time                                      13.31     113.31
  data required time                                               113.31
  ------------------------------------------------------------------------------
  data required time                                               113.31
  data arrival time                                                -61.09
  ------------------------------------------------------------------------------
  slack (VIOLATED)                                                 -52.22


  Startpoint: fifo_mem_reg_0__3_
               (rising edge-triggered flip-flop clocked by clk)
  Endpoint: fifo_mem_reg_0__3_
               (rising edge-triggered flip-flop clocked by clk)
  Path Group: clk
  Path Type: min

  Point                                                   Incr       Path
  ------------------------------------------------------------------------------
  clock clk (rise edge)                                   0.00       0.00
  clock network delay (ideal)                             0.00       0.00
  fifo_mem_reg_0__3_/CLK (DFFHQNx1_ASAP7_75t_R)           0.00       0.00 r
  fifo_mem_reg_0__3_/QN (DFFHQNx1_ASAP7_75t_R)           48.61      48.61 r
  U447/Y (AOI22xp33_ASAP7_75t_R)                         12.48      61.09 f
  fifo_mem_reg_0__3_/D (DFFHQNx1_ASAP7_75t_R)             0.00      61.09 f
  data arrival time                                                 61.09

  clock clk (rise edge)                                   0.00       0.00
  clock network delay (ideal)                             0.00       0.00
  fifo_mem_reg_0__3_/CLK (DFFHQNx1_ASAP7_75t_R)                      0.00 r
  clock reconvergence pessimism                           0.00       0.00
  clock uncertainty                                     100.00     100.00
  library hold time                                      13.31     113.31
  data required time                                               113.31
  ------------------------------------------------------------------------------
  data required time                                               113.31
  data arrival time                                                -61.09
  ------------------------------------------------------------------------------
  slack (VIOLATED)                                                 -52.22


  Startpoint: fifo_mem_reg_0__2_
               (rising edge-triggered flip-flop clocked by clk)
  Endpoint: fifo_mem_reg_0__2_
               (rising edge-triggered flip-flop clocked by clk)
  Path Group: clk
  Path Type: min

  Point                                                   Incr       Path
  ------------------------------------------------------------------------------
  clock clk (rise edge)                                   0.00       0.00
  clock network delay (ideal)                             0.00       0.00
  fifo_mem_reg_0__2_/CLK (DFFHQNx1_ASAP7_75t_R)           0.00       0.00 r
  fifo_mem_reg_0__2_/QN (DFFHQNx1_ASAP7_75t_R)           48.61      48.61 r
  U448/Y (AOI22xp33_ASAP7_75t_R)                         12.48      61.09 f
  fifo_mem_reg_0__2_/D (DFFHQNx1_ASAP7_75t_R)             0.00      61.09 f
  data arrival time                                                 61.09

  clock clk (rise edge)                                   0.00       0.00
  clock network delay (ideal)                             0.00       0.00
  fifo_mem_reg_0__2_/CLK (DFFHQNx1_ASAP7_75t_R)                      0.00 r
  clock reconvergence pessimism                           0.00       0.00
  clock uncertainty                                     100.00     100.00
  library hold time                                      13.31     113.31
  data required time                                               113.31
  ------------------------------------------------------------------------------
  data required time                                               113.31
  data arrival time                                                -61.09
  ------------------------------------------------------------------------------
  slack (VIOLATED)                                                 -52.22


  Startpoint: fifo_mem_reg_0__1_
               (rising edge-triggered flip-flop clocked by clk)
  Endpoint: fifo_mem_reg_0__1_
               (rising edge-triggered flip-flop clocked by clk)
  Path Group: clk
  Path Type: min

  Point                                                   Incr       Path
  ------------------------------------------------------------------------------
  clock clk (rise edge)                                   0.00       0.00
  clock network delay (ideal)                             0.00       0.00
  fifo_mem_reg_0__1_/CLK (DFFHQNx1_ASAP7_75t_R)           0.00       0.00 r
  fifo_mem_reg_0__1_/QN (DFFHQNx1_ASAP7_75t_R)           48.61      48.61 r
  U449/Y (AOI22xp33_ASAP7_75t_R)                         12.48      61.09 f
  fifo_mem_reg_0__1_/D (DFFHQNx1_ASAP7_75t_R)             0.00      61.09 f
  data arrival time                                                 61.09

  clock clk (rise edge)                                   0.00       0.00
  clock network delay (ideal)                             0.00       0.00
  fifo_mem_reg_0__1_/CLK (DFFHQNx1_ASAP7_75t_R)                      0.00 r
  clock reconvergence pessimism                           0.00       0.00
  clock uncertainty                                     100.00     100.00
  library hold time                                      13.31     113.31
  data required time                                               113.31
  ------------------------------------------------------------------------------
  data required time                                               113.31
  data arrival time                                                -61.09
  ------------------------------------------------------------------------------
  slack (VIOLATED)                                                 -52.22


  Startpoint: fifo_mem_reg_1__22_
               (rising edge-triggered flip-flop clocked by clk)
  Endpoint: fifo_mem_reg_1__22_
               (rising edge-triggered flip-flop clocked by clk)
  Path Group: clk
  Path Type: min

  Point                                                   Incr       Path
  ------------------------------------------------------------------------------
  clock clk (rise edge)                                   0.00       0.00
  clock network delay (ideal)                             0.00       0.00
  fifo_mem_reg_1__22_/CLK (DFFHQNx1_ASAP7_75t_R)          0.00       0.00 r
  fifo_mem_reg_1__22_/QN (DFFHQNx1_ASAP7_75t_R)          48.61      48.61 r
  U454/Y (AOI22xp33_ASAP7_75t_R)                         12.48      61.09 f
  fifo_mem_reg_1__22_/D (DFFHQNx1_ASAP7_75t_R)            0.00      61.09 f
  data arrival time                                                 61.09

  clock clk (rise edge)                                   0.00       0.00
  clock network delay (ideal)                             0.00       0.00
  fifo_mem_reg_1__22_/CLK (DFFHQNx1_ASAP7_75t_R)                     0.00 r
  clock reconvergence pessimism                           0.00       0.00
  clock uncertainty                                     100.00     100.00
  library hold time                                      13.31     113.31
  data required time                                               113.31
  ------------------------------------------------------------------------------
  data required time                                               113.31
  data arrival time                                                -61.09
  ------------------------------------------------------------------------------
  slack (VIOLATED)                                                 -52.22


  Startpoint: fifo_mem_reg_1__21_
               (rising edge-triggered flip-flop clocked by clk)
  Endpoint: fifo_mem_reg_1__21_
               (rising edge-triggered flip-flop clocked by clk)
  Path Group: clk
  Path Type: min

  Point                                                   Incr       Path
  ------------------------------------------------------------------------------
  clock clk (rise edge)                                   0.00       0.00
  clock network delay (ideal)                             0.00       0.00
  fifo_mem_reg_1__21_/CLK (DFFHQNx1_ASAP7_75t_R)          0.00       0.00 r
  fifo_mem_reg_1__21_/QN (DFFHQNx1_ASAP7_75t_R)          48.61      48.61 r
  U455/Y (AOI22xp33_ASAP7_75t_R)                         12.48      61.09 f
  fifo_mem_reg_1__21_/D (DFFHQNx1_ASAP7_75t_R)            0.00      61.09 f
  data arrival time                                                 61.09

  clock clk (rise edge)                                   0.00       0.00
  clock network delay (ideal)                             0.00       0.00
  fifo_mem_reg_1__21_/CLK (DFFHQNx1_ASAP7_75t_R)                     0.00 r
  clock reconvergence pessimism                           0.00       0.00
  clock uncertainty                                     100.00     100.00
  library hold time                                      13.31     113.31
  data required time                                               113.31
  ------------------------------------------------------------------------------
  data required time                                               113.31
  data arrival time                                                -61.09
  ------------------------------------------------------------------------------
  slack (VIOLATED)                                                 -52.22


  Startpoint: fifo_mem_reg_1__20_
               (rising edge-triggered flip-flop clocked by clk)
  Endpoint: fifo_mem_reg_1__20_
               (rising edge-triggered flip-flop clocked by clk)
  Path Group: clk
  Path Type: min

  Point                                                   Incr       Path
  ------------------------------------------------------------------------------
  clock clk (rise edge)                                   0.00       0.00
  clock network delay (ideal)                             0.00       0.00
  fifo_mem_reg_1__20_/CLK (DFFHQNx1_ASAP7_75t_R)          0.00       0.00 r
  fifo_mem_reg_1__20_/QN (DFFHQNx1_ASAP7_75t_R)          48.61      48.61 r
  U456/Y (AOI22xp33_ASAP7_75t_R)                         12.48      61.09 f
  fifo_mem_reg_1__20_/D (DFFHQNx1_ASAP7_75t_R)            0.00      61.09 f
  data arrival time                                                 61.09

  clock clk (rise edge)                                   0.00       0.00
  clock network delay (ideal)                             0.00       0.00
  fifo_mem_reg_1__20_/CLK (DFFHQNx1_ASAP7_75t_R)                     0.00 r
  clock reconvergence pessimism                           0.00       0.00
  clock uncertainty                                     100.00     100.00
  library hold time                                      13.31     113.31
  data required time                                               113.31
  ------------------------------------------------------------------------------
  data required time                                               113.31
  data arrival time                                                -61.09
  ------------------------------------------------------------------------------
  slack (VIOLATED)                                                 -52.22


  Startpoint: fifo_mem_reg_1__19_
               (rising edge-triggered flip-flop clocked by clk)
  Endpoint: fifo_mem_reg_1__19_
               (rising edge-triggered flip-flop clocked by clk)
  Path Group: clk
  Path Type: min

  Point                                                   Incr       Path
  ------------------------------------------------------------------------------
  clock clk (rise edge)                                   0.00       0.00
  clock network delay (ideal)                             0.00       0.00
  fifo_mem_reg_1__19_/CLK (DFFHQNx1_ASAP7_75t_R)          0.00       0.00 r
  fifo_mem_reg_1__19_/QN (DFFHQNx1_ASAP7_75t_R)          48.61      48.61 r
  U457/Y (AOI22xp33_ASAP7_75t_R)                         12.48      61.09 f
  fifo_mem_reg_1__19_/D (DFFHQNx1_ASAP7_75t_R)            0.00      61.09 f
  data arrival time                                                 61.09

  clock clk (rise edge)                                   0.00       0.00
  clock network delay (ideal)                             0.00       0.00
  fifo_mem_reg_1__19_/CLK (DFFHQNx1_ASAP7_75t_R)                     0.00 r
  clock reconvergence pessimism                           0.00       0.00
  clock uncertainty                                     100.00     100.00
  library hold time                                      13.31     113.31
  data required time                                               113.31
  ------------------------------------------------------------------------------
  data required time                                               113.31
  data arrival time                                                -61.09
  ------------------------------------------------------------------------------
  slack (VIOLATED)                                                 -52.22


  Startpoint: fifo_mem_reg_1__18_
               (rising edge-triggered flip-flop clocked by clk)
  Endpoint: fifo_mem_reg_1__18_
               (rising edge-triggered flip-flop clocked by clk)
  Path Group: clk
  Path Type: min

  Point                                                   Incr       Path
  ------------------------------------------------------------------------------
  clock clk (rise edge)                                   0.00       0.00
  clock network delay (ideal)                             0.00       0.00
  fifo_mem_reg_1__18_/CLK (DFFHQNx1_ASAP7_75t_R)          0.00       0.00 r
  fifo_mem_reg_1__18_/QN (DFFHQNx1_ASAP7_75t_R)          48.61      48.61 r
  U458/Y (AOI22xp33_ASAP7_75t_R)                         12.48      61.09 f
  fifo_mem_reg_1__18_/D (DFFHQNx1_ASAP7_75t_R)            0.00      61.09 f
  data arrival time                                                 61.09

  clock clk (rise edge)                                   0.00       0.00
  clock network delay (ideal)                             0.00       0.00
  fifo_mem_reg_1__18_/CLK (DFFHQNx1_ASAP7_75t_R)                     0.00 r
  clock reconvergence pessimism                           0.00       0.00
  clock uncertainty                                     100.00     100.00
  library hold time                                      13.31     113.31
  data required time                                               113.31
  ------------------------------------------------------------------------------
  data required time                                               113.31
  data arrival time                                                -61.09
  ------------------------------------------------------------------------------
  slack (VIOLATED)                                                 -52.22


  Startpoint: fifo_mem_reg_1__17_
               (rising edge-triggered flip-flop clocked by clk)
  Endpoint: fifo_mem_reg_1__17_
               (rising edge-triggered flip-flop clocked by clk)
  Path Group: clk
  Path Type: min

  Point                                                   Incr       Path
  ------------------------------------------------------------------------------
  clock clk (rise edge)                                   0.00       0.00
  clock network delay (ideal)                             0.00       0.00
  fifo_mem_reg_1__17_/CLK (DFFHQNx1_ASAP7_75t_R)          0.00       0.00 r
  fifo_mem_reg_1__17_/QN (DFFHQNx1_ASAP7_75t_R)          48.61      48.61 r
  U481/Y (AOI22xp33_ASAP7_75t_R)                         12.48      61.09 f
  fifo_mem_reg_1__17_/D (DFFHQNx1_ASAP7_75t_R)            0.00      61.09 f
  data arrival time                                                 61.09

  clock clk (rise edge)                                   0.00       0.00
  clock network delay (ideal)                             0.00       0.00
  fifo_mem_reg_1__17_/CLK (DFFHQNx1_ASAP7_75t_R)                     0.00 r
  clock reconvergence pessimism                           0.00       0.00
  clock uncertainty                                     100.00     100.00
  library hold time                                      13.31     113.31
  data required time                                               113.31
  ------------------------------------------------------------------------------
  data required time                                               113.31
  data arrival time                                                -61.09
  ------------------------------------------------------------------------------
  slack (VIOLATED)                                                 -52.22


  Startpoint: fifo_mem_reg_1__16_
               (rising edge-triggered flip-flop clocked by clk)
  Endpoint: fifo_mem_reg_1__16_
               (rising edge-triggered flip-flop clocked by clk)
  Path Group: clk
  Path Type: min

  Point                                                   Incr       Path
  ------------------------------------------------------------------------------
  clock clk (rise edge)                                   0.00       0.00
  clock network delay (ideal)                             0.00       0.00
  fifo_mem_reg_1__16_/CLK (DFFHQNx1_ASAP7_75t_R)          0.00       0.00 r
  fifo_mem_reg_1__16_/QN (DFFHQNx1_ASAP7_75t_R)          48.61      48.61 r
  U459/Y (AOI22xp33_ASAP7_75t_R)                         12.48      61.09 f
  fifo_mem_reg_1__16_/D (DFFHQNx1_ASAP7_75t_R)            0.00      61.09 f
  data arrival time                                                 61.09

  clock clk (rise edge)                                   0.00       0.00
  clock network delay (ideal)                             0.00       0.00
  fifo_mem_reg_1__16_/CLK (DFFHQNx1_ASAP7_75t_R)                     0.00 r
  clock reconvergence pessimism                           0.00       0.00
  clock uncertainty                                     100.00     100.00
  library hold time                                      13.31     113.31
  data required time                                               113.31
  ------------------------------------------------------------------------------
  data required time                                               113.31
  data arrival time                                                -61.09
  ------------------------------------------------------------------------------
  slack (VIOLATED)                                                 -52.22


  Startpoint: fifo_mem_reg_1__15_
               (rising edge-triggered flip-flop clocked by clk)
  Endpoint: fifo_mem_reg_1__15_
               (rising edge-triggered flip-flop clocked by clk)
  Path Group: clk
  Path Type: min

  Point                                                   Incr       Path
  ------------------------------------------------------------------------------
  clock clk (rise edge)                                   0.00       0.00
  clock network delay (ideal)                             0.00       0.00
  fifo_mem_reg_1__15_/CLK (DFFHQNx1_ASAP7_75t_R)          0.00       0.00 r
  fifo_mem_reg_1__15_/QN (DFFHQNx1_ASAP7_75t_R)          48.61      48.61 r
  U460/Y (AOI22xp33_ASAP7_75t_R)                         12.48      61.09 f
  fifo_mem_reg_1__15_/D (DFFHQNx1_ASAP7_75t_R)            0.00      61.09 f
  data arrival time                                                 61.09

  clock clk (rise edge)                                   0.00       0.00
  clock network delay (ideal)                             0.00       0.00
  fifo_mem_reg_1__15_/CLK (DFFHQNx1_ASAP7_75t_R)                     0.00 r
  clock reconvergence pessimism                           0.00       0.00
  clock uncertainty                                     100.00     100.00
  library hold time                                      13.31     113.31
  data required time                                               113.31
  ------------------------------------------------------------------------------
  data required time                                               113.31
  data arrival time                                                -61.09
  ------------------------------------------------------------------------------
  slack (VIOLATED)                                                 -52.22


  Startpoint: fifo_mem_reg_1__14_
               (rising edge-triggered flip-flop clocked by clk)
  Endpoint: fifo_mem_reg_1__14_
               (rising edge-triggered flip-flop clocked by clk)
  Path Group: clk
  Path Type: min

  Point                                                   Incr       Path
  ------------------------------------------------------------------------------
  clock clk (rise edge)                                   0.00       0.00
  clock network delay (ideal)                             0.00       0.00
  fifo_mem_reg_1__14_/CLK (DFFHQNx1_ASAP7_75t_R)          0.00       0.00 r
  fifo_mem_reg_1__14_/QN (DFFHQNx1_ASAP7_75t_R)          48.61      48.61 r
  U461/Y (AOI22xp33_ASAP7_75t_R)                         12.48      61.09 f
  fifo_mem_reg_1__14_/D (DFFHQNx1_ASAP7_75t_R)            0.00      61.09 f
  data arrival time                                                 61.09

  clock clk (rise edge)                                   0.00       0.00
  clock network delay (ideal)                             0.00       0.00
  fifo_mem_reg_1__14_/CLK (DFFHQNx1_ASAP7_75t_R)                     0.00 r
  clock reconvergence pessimism                           0.00       0.00
  clock uncertainty                                     100.00     100.00
  library hold time                                      13.31     113.31
  data required time                                               113.31
  ------------------------------------------------------------------------------
  data required time                                               113.31
  data arrival time                                                -61.09
  ------------------------------------------------------------------------------
  slack (VIOLATED)                                                 -52.22


  Startpoint: fifo_mem_reg_1__13_
               (rising edge-triggered flip-flop clocked by clk)
  Endpoint: fifo_mem_reg_1__13_
               (rising edge-triggered flip-flop clocked by clk)
  Path Group: clk
  Path Type: min

  Point                                                   Incr       Path
  ------------------------------------------------------------------------------
  clock clk (rise edge)                                   0.00       0.00
  clock network delay (ideal)                             0.00       0.00
  fifo_mem_reg_1__13_/CLK (DFFHQNx1_ASAP7_75t_R)          0.00       0.00 r
  fifo_mem_reg_1__13_/QN (DFFHQNx1_ASAP7_75t_R)          48.61      48.61 r
  U462/Y (AOI22xp33_ASAP7_75t_R)                         12.48      61.09 f
  fifo_mem_reg_1__13_/D (DFFHQNx1_ASAP7_75t_R)            0.00      61.09 f
  data arrival time                                                 61.09

  clock clk (rise edge)                                   0.00       0.00
  clock network delay (ideal)                             0.00       0.00
  fifo_mem_reg_1__13_/CLK (DFFHQNx1_ASAP7_75t_R)                     0.00 r
  clock reconvergence pessimism                           0.00       0.00
  clock uncertainty                                     100.00     100.00
  library hold time                                      13.31     113.31
  data required time                                               113.31
  ------------------------------------------------------------------------------
  data required time                                               113.31
  data arrival time                                                -61.09
  ------------------------------------------------------------------------------
  slack (VIOLATED)                                                 -52.22


  Startpoint: fifo_mem_reg_1__12_
               (rising edge-triggered flip-flop clocked by clk)
  Endpoint: fifo_mem_reg_1__12_
               (rising edge-triggered flip-flop clocked by clk)
  Path Group: clk
  Path Type: min

  Point                                                   Incr       Path
  ------------------------------------------------------------------------------
  clock clk (rise edge)                                   0.00       0.00
  clock network delay (ideal)                             0.00       0.00
  fifo_mem_reg_1__12_/CLK (DFFHQNx1_ASAP7_75t_R)          0.00       0.00 r
  fifo_mem_reg_1__12_/QN (DFFHQNx1_ASAP7_75t_R)          48.61      48.61 r
  U463/Y (AOI22xp33_ASAP7_75t_R)                         12.48      61.09 f
  fifo_mem_reg_1__12_/D (DFFHQNx1_ASAP7_75t_R)            0.00      61.09 f
  data arrival time                                                 61.09

  clock clk (rise edge)                                   0.00       0.00
  clock network delay (ideal)                             0.00       0.00
  fifo_mem_reg_1__12_/CLK (DFFHQNx1_ASAP7_75t_R)                     0.00 r
  clock reconvergence pessimism                           0.00       0.00
  clock uncertainty                                     100.00     100.00
  library hold time                                      13.31     113.31
  data required time                                               113.31
  ------------------------------------------------------------------------------
  data required time                                               113.31
  data arrival time                                                -61.09
  ------------------------------------------------------------------------------
  slack (VIOLATED)                                                 -52.22


  Startpoint: fifo_mem_reg_1__11_
               (rising edge-triggered flip-flop clocked by clk)
  Endpoint: fifo_mem_reg_1__11_
               (rising edge-triggered flip-flop clocked by clk)
  Path Group: clk
  Path Type: min

  Point                                                   Incr       Path
  ------------------------------------------------------------------------------
  clock clk (rise edge)                                   0.00       0.00
  clock network delay (ideal)                             0.00       0.00
  fifo_mem_reg_1__11_/CLK (DFFHQNx1_ASAP7_75t_R)          0.00       0.00 r
  fifo_mem_reg_1__11_/QN (DFFHQNx1_ASAP7_75t_R)          48.61      48.61 r
  U464/Y (AOI22xp33_ASAP7_75t_R)                         12.48      61.09 f
  fifo_mem_reg_1__11_/D (DFFHQNx1_ASAP7_75t_R)            0.00      61.09 f
  data arrival time                                                 61.09

  clock clk (rise edge)                                   0.00       0.00
  clock network delay (ideal)                             0.00       0.00
  fifo_mem_reg_1__11_/CLK (DFFHQNx1_ASAP7_75t_R)                     0.00 r
  clock reconvergence pessimism                           0.00       0.00
  clock uncertainty                                     100.00     100.00
  library hold time                                      13.31     113.31
  data required time                                               113.31
  ------------------------------------------------------------------------------
  data required time                                               113.31
  data arrival time                                                -61.09
  ------------------------------------------------------------------------------
  slack (VIOLATED)                                                 -52.22


  Startpoint: fifo_mem_reg_1__10_
               (rising edge-triggered flip-flop clocked by clk)
  Endpoint: fifo_mem_reg_1__10_
               (rising edge-triggered flip-flop clocked by clk)
  Path Group: clk
  Path Type: min

  Point                                                   Incr       Path
  ------------------------------------------------------------------------------
  clock clk (rise edge)                                   0.00       0.00
  clock network delay (ideal)                             0.00       0.00
  fifo_mem_reg_1__10_/CLK (DFFHQNx1_ASAP7_75t_R)          0.00       0.00 r
  fifo_mem_reg_1__10_/QN (DFFHQNx1_ASAP7_75t_R)          48.61      48.61 r
  U465/Y (AOI22xp33_ASAP7_75t_R)                         12.48      61.09 f
  fifo_mem_reg_1__10_/D (DFFHQNx1_ASAP7_75t_R)            0.00      61.09 f
  data arrival time                                                 61.09

  clock clk (rise edge)                                   0.00       0.00
  clock network delay (ideal)                             0.00       0.00
  fifo_mem_reg_1__10_/CLK (DFFHQNx1_ASAP7_75t_R)                     0.00 r
  clock reconvergence pessimism                           0.00       0.00
  clock uncertainty                                     100.00     100.00
  library hold time                                      13.31     113.31
  data required time                                               113.31
  ------------------------------------------------------------------------------
  data required time                                               113.31
  data arrival time                                                -61.09
  ------------------------------------------------------------------------------
  slack (VIOLATED)                                                 -52.22


  Startpoint: fifo_mem_reg_1__9_
               (rising edge-triggered flip-flop clocked by clk)
  Endpoint: fifo_mem_reg_1__9_
               (rising edge-triggered flip-flop clocked by clk)
  Path Group: clk
  Path Type: min

  Point                                                   Incr       Path
  ------------------------------------------------------------------------------
  clock clk (rise edge)                                   0.00       0.00
  clock network delay (ideal)                             0.00       0.00
  fifo_mem_reg_1__9_/CLK (DFFHQNx1_ASAP7_75t_R)           0.00       0.00 r
  fifo_mem_reg_1__9_/QN (DFFHQNx1_ASAP7_75t_R)           48.61      48.61 r
  U466/Y (AOI22xp33_ASAP7_75t_R)                         12.48      61.09 f
  fifo_mem_reg_1__9_/D (DFFHQNx1_ASAP7_75t_R)             0.00      61.09 f
  data arrival time                                                 61.09

  clock clk (rise edge)                                   0.00       0.00
  clock network delay (ideal)                             0.00       0.00
  fifo_mem_reg_1__9_/CLK (DFFHQNx1_ASAP7_75t_R)                      0.00 r
  clock reconvergence pessimism                           0.00       0.00
  clock uncertainty                                     100.00     100.00
  library hold time                                      13.31     113.31
  data required time                                               113.31
  ------------------------------------------------------------------------------
  data required time                                               113.31
  data arrival time                                                -61.09
  ------------------------------------------------------------------------------
  slack (VIOLATED)                                                 -52.22


  Startpoint: fifo_mem_reg_1__8_
               (rising edge-triggered flip-flop clocked by clk)
  Endpoint: fifo_mem_reg_1__8_
               (rising edge-triggered flip-flop clocked by clk)
  Path Group: clk
  Path Type: min

  Point                                                   Incr       Path
  ------------------------------------------------------------------------------
  clock clk (rise edge)                                   0.00       0.00
  clock network delay (ideal)                             0.00       0.00
  fifo_mem_reg_1__8_/CLK (DFFHQNx1_ASAP7_75t_R)           0.00       0.00 r
  fifo_mem_reg_1__8_/QN (DFFHQNx1_ASAP7_75t_R)           48.61      48.61 r
  U467/Y (AOI22xp33_ASAP7_75t_R)                         12.48      61.09 f
  fifo_mem_reg_1__8_/D (DFFHQNx1_ASAP7_75t_R)             0.00      61.09 f
  data arrival time                                                 61.09

  clock clk (rise edge)                                   0.00       0.00
  clock network delay (ideal)                             0.00       0.00
  fifo_mem_reg_1__8_/CLK (DFFHQNx1_ASAP7_75t_R)                      0.00 r
  clock reconvergence pessimism                           0.00       0.00
  clock uncertainty                                     100.00     100.00
  library hold time                                      13.31     113.31
  data required time                                               113.31
  ------------------------------------------------------------------------------
  data required time                                               113.31
  data arrival time                                                -61.09
  ------------------------------------------------------------------------------
  slack (VIOLATED)                                                 -52.22


  Startpoint: fifo_mem_reg_1__7_
               (rising edge-triggered flip-flop clocked by clk)
  Endpoint: fifo_mem_reg_1__7_
               (rising edge-triggered flip-flop clocked by clk)
  Path Group: clk
  Path Type: min

  Point                                                   Incr       Path
  ------------------------------------------------------------------------------
  clock clk (rise edge)                                   0.00       0.00
  clock network delay (ideal)                             0.00       0.00
  fifo_mem_reg_1__7_/CLK (DFFHQNx1_ASAP7_75t_R)           0.00       0.00 r
  fifo_mem_reg_1__7_/QN (DFFHQNx1_ASAP7_75t_R)           48.61      48.61 r
  U468/Y (AOI22xp33_ASAP7_75t_R)                         12.48      61.09 f
  fifo_mem_reg_1__7_/D (DFFHQNx1_ASAP7_75t_R)             0.00      61.09 f
  data arrival time                                                 61.09

  clock clk (rise edge)                                   0.00       0.00
  clock network delay (ideal)                             0.00       0.00
  fifo_mem_reg_1__7_/CLK (DFFHQNx1_ASAP7_75t_R)                      0.00 r
  clock reconvergence pessimism                           0.00       0.00
  clock uncertainty                                     100.00     100.00
  library hold time                                      13.31     113.31
  data required time                                               113.31
  ------------------------------------------------------------------------------
  data required time                                               113.31
  data arrival time                                                -61.09
  ------------------------------------------------------------------------------
  slack (VIOLATED)                                                 -52.22


  Startpoint: fifo_mem_reg_1__6_
               (rising edge-triggered flip-flop clocked by clk)
  Endpoint: fifo_mem_reg_1__6_
               (rising edge-triggered flip-flop clocked by clk)
  Path Group: clk
  Path Type: min

  Point                                                   Incr       Path
  ------------------------------------------------------------------------------
  clock clk (rise edge)                                   0.00       0.00
  clock network delay (ideal)                             0.00       0.00
  fifo_mem_reg_1__6_/CLK (DFFHQNx1_ASAP7_75t_R)           0.00       0.00 r
  fifo_mem_reg_1__6_/QN (DFFHQNx1_ASAP7_75t_R)           48.61      48.61 r
  U469/Y (AOI22xp33_ASAP7_75t_R)                         12.48      61.09 f
  fifo_mem_reg_1__6_/D (DFFHQNx1_ASAP7_75t_R)             0.00      61.09 f
  data arrival time                                                 61.09

  clock clk (rise edge)                                   0.00       0.00
  clock network delay (ideal)                             0.00       0.00
  fifo_mem_reg_1__6_/CLK (DFFHQNx1_ASAP7_75t_R)                      0.00 r
  clock reconvergence pessimism                           0.00       0.00
  clock uncertainty                                     100.00     100.00
  library hold time                                      13.31     113.31
  data required time                                               113.31
  ------------------------------------------------------------------------------
  data required time                                               113.31
  data arrival time                                                -61.09
  ------------------------------------------------------------------------------
  slack (VIOLATED)                                                 -52.22


  Startpoint: fifo_mem_reg_1__5_
               (rising edge-triggered flip-flop clocked by clk)
  Endpoint: fifo_mem_reg_1__5_
               (rising edge-triggered flip-flop clocked by clk)
  Path Group: clk
  Path Type: min

  Point                                                   Incr       Path
  ------------------------------------------------------------------------------
  clock clk (rise edge)                                   0.00       0.00
  clock network delay (ideal)                             0.00       0.00
  fifo_mem_reg_1__5_/CLK (DFFHQNx1_ASAP7_75t_R)           0.00       0.00 r
  fifo_mem_reg_1__5_/QN (DFFHQNx1_ASAP7_75t_R)           48.61      48.61 r
  U470/Y (AOI22xp33_ASAP7_75t_R)                         12.48      61.09 f
  fifo_mem_reg_1__5_/D (DFFHQNx1_ASAP7_75t_R)             0.00      61.09 f
  data arrival time                                                 61.09

  clock clk (rise edge)                                   0.00       0.00
  clock network delay (ideal)                             0.00       0.00
  fifo_mem_reg_1__5_/CLK (DFFHQNx1_ASAP7_75t_R)                      0.00 r
  clock reconvergence pessimism                           0.00       0.00
  clock uncertainty                                     100.00     100.00
  library hold time                                      13.31     113.31
  data required time                                               113.31
  ------------------------------------------------------------------------------
  data required time                                               113.31
  data arrival time                                                -61.09
  ------------------------------------------------------------------------------
  slack (VIOLATED)                                                 -52.22


  Startpoint: fifo_mem_reg_1__4_
               (rising edge-triggered flip-flop clocked by clk)
  Endpoint: fifo_mem_reg_1__4_
               (rising edge-triggered flip-flop clocked by clk)
  Path Group: clk
  Path Type: min

  Point                                                   Incr       Path
  ------------------------------------------------------------------------------
  clock clk (rise edge)                                   0.00       0.00
  clock network delay (ideal)                             0.00       0.00
  fifo_mem_reg_1__4_/CLK (DFFHQNx1_ASAP7_75t_R)           0.00       0.00 r
  fifo_mem_reg_1__4_/QN (DFFHQNx1_ASAP7_75t_R)           48.61      48.61 r
  U471/Y (AOI22xp33_ASAP7_75t_R)                         12.48      61.09 f
  fifo_mem_reg_1__4_/D (DFFHQNx1_ASAP7_75t_R)             0.00      61.09 f
  data arrival time                                                 61.09

  clock clk (rise edge)                                   0.00       0.00
  clock network delay (ideal)                             0.00       0.00
  fifo_mem_reg_1__4_/CLK (DFFHQNx1_ASAP7_75t_R)                      0.00 r
  clock reconvergence pessimism                           0.00       0.00
  clock uncertainty                                     100.00     100.00
  library hold time                                      13.31     113.31
  data required time                                               113.31
  ------------------------------------------------------------------------------
  data required time                                               113.31
  data arrival time                                                -61.09
  ------------------------------------------------------------------------------
  slack (VIOLATED)                                                 -52.22


  Startpoint: fifo_mem_reg_1__3_
               (rising edge-triggered flip-flop clocked by clk)
  Endpoint: fifo_mem_reg_1__3_
               (rising edge-triggered flip-flop clocked by clk)
  Path Group: clk
  Path Type: min

  Point                                                   Incr       Path
  ------------------------------------------------------------------------------
  clock clk (rise edge)                                   0.00       0.00
  clock network delay (ideal)                             0.00       0.00
  fifo_mem_reg_1__3_/CLK (DFFHQNx1_ASAP7_75t_R)           0.00       0.00 r
  fifo_mem_reg_1__3_/QN (DFFHQNx1_ASAP7_75t_R)           48.61      48.61 r
  U472/Y (AOI22xp33_ASAP7_75t_R)                         12.48      61.09 f
  fifo_mem_reg_1__3_/D (DFFHQNx1_ASAP7_75t_R)             0.00      61.09 f
  data arrival time                                                 61.09

  clock clk (rise edge)                                   0.00       0.00
  clock network delay (ideal)                             0.00       0.00
  fifo_mem_reg_1__3_/CLK (DFFHQNx1_ASAP7_75t_R)                      0.00 r
  clock reconvergence pessimism                           0.00       0.00
  clock uncertainty                                     100.00     100.00
  library hold time                                      13.31     113.31
  data required time                                               113.31
  ------------------------------------------------------------------------------
  data required time                                               113.31
  data arrival time                                                -61.09
  ------------------------------------------------------------------------------
  slack (VIOLATED)                                                 -52.22


  Startpoint: fifo_mem_reg_1__2_
               (rising edge-triggered flip-flop clocked by clk)
  Endpoint: fifo_mem_reg_1__2_
               (rising edge-triggered flip-flop clocked by clk)
  Path Group: clk
  Path Type: min

  Point                                                   Incr       Path
  ------------------------------------------------------------------------------
  clock clk (rise edge)                                   0.00       0.00
  clock network delay (ideal)                             0.00       0.00
  fifo_mem_reg_1__2_/CLK (DFFHQNx1_ASAP7_75t_R)           0.00       0.00 r
  fifo_mem_reg_1__2_/QN (DFFHQNx1_ASAP7_75t_R)           48.61      48.61 r
  U473/Y (AOI22xp33_ASAP7_75t_R)                         12.48      61.09 f
  fifo_mem_reg_1__2_/D (DFFHQNx1_ASAP7_75t_R)             0.00      61.09 f
  data arrival time                                                 61.09

  clock clk (rise edge)                                   0.00       0.00
  clock network delay (ideal)                             0.00       0.00
  fifo_mem_reg_1__2_/CLK (DFFHQNx1_ASAP7_75t_R)                      0.00 r
  clock reconvergence pessimism                           0.00       0.00
  clock uncertainty                                     100.00     100.00
  library hold time                                      13.31     113.31
  data required time                                               113.31
  ------------------------------------------------------------------------------
  data required time                                               113.31
  data arrival time                                                -61.09
  ------------------------------------------------------------------------------
  slack (VIOLATED)                                                 -52.22


  Startpoint: fifo_mem_reg_1__1_
               (rising edge-triggered flip-flop clocked by clk)
  Endpoint: fifo_mem_reg_1__1_
               (rising edge-triggered flip-flop clocked by clk)
  Path Group: clk
  Path Type: min

  Point                                                   Incr       Path
  ------------------------------------------------------------------------------
  clock clk (rise edge)                                   0.00       0.00
  clock network delay (ideal)                             0.00       0.00
  fifo_mem_reg_1__1_/CLK (DFFHQNx1_ASAP7_75t_R)           0.00       0.00 r
  fifo_mem_reg_1__1_/QN (DFFHQNx1_ASAP7_75t_R)           48.61      48.61 r
  U474/Y (AOI22xp33_ASAP7_75t_R)                         12.48      61.09 f
  fifo_mem_reg_1__1_/D (DFFHQNx1_ASAP7_75t_R)             0.00      61.09 f
  data arrival time                                                 61.09

  clock clk (rise edge)                                   0.00       0.00
  clock network delay (ideal)                             0.00       0.00
  fifo_mem_reg_1__1_/CLK (DFFHQNx1_ASAP7_75t_R)                      0.00 r
  clock reconvergence pessimism                           0.00       0.00
  clock uncertainty                                     100.00     100.00
  library hold time                                      13.31     113.31
  data required time                                               113.31
  ------------------------------------------------------------------------------
  data required time                                               113.31
  data arrival time                                                -61.09
  ------------------------------------------------------------------------------
  slack (VIOLATED)                                                 -52.22


  Startpoint: fifo_mem_reg_4__22_
               (rising edge-triggered flip-flop clocked by clk)
  Endpoint: fifo_mem_reg_4__22_
               (rising edge-triggered flip-flop clocked by clk)
  Path Group: clk
  Path Type: min

  Point                                                   Incr       Path
  ------------------------------------------------------------------------------
  clock clk (rise edge)                                   0.00       0.00
  clock network delay (ideal)                             0.00       0.00
  fifo_mem_reg_4__22_/CLK (DFFHQNx1_ASAP7_75t_R)          0.00       0.00 r
  fifo_mem_reg_4__22_/QN (DFFHQNx1_ASAP7_75t_R)          48.61      48.61 r
  U619/Y (AOI22xp33_ASAP7_75t_R)                         12.48      61.09 f
  fifo_mem_reg_4__22_/D (DFFHQNx1_ASAP7_75t_R)            0.00      61.09 f
  data arrival time                                                 61.09

  clock clk (rise edge)                                   0.00       0.00
  clock network delay (ideal)                             0.00       0.00
  fifo_mem_reg_4__22_/CLK (DFFHQNx1_ASAP7_75t_R)                     0.00 r
  clock reconvergence pessimism                           0.00       0.00
  clock uncertainty                                     100.00     100.00
  library hold time                                      13.31     113.31
  data required time                                               113.31
  ------------------------------------------------------------------------------
  data required time                                               113.31
  data arrival time                                                -61.09
  ------------------------------------------------------------------------------
  slack (VIOLATED)                                                 -52.22


  Startpoint: fifo_mem_reg_4__21_
               (rising edge-triggered flip-flop clocked by clk)
  Endpoint: fifo_mem_reg_4__21_
               (rising edge-triggered flip-flop clocked by clk)
  Path Group: clk
  Path Type: min

  Point                                                   Incr       Path
  ------------------------------------------------------------------------------
  clock clk (rise edge)                                   0.00       0.00
  clock network delay (ideal)                             0.00       0.00
  fifo_mem_reg_4__21_/CLK (DFFHQNx1_ASAP7_75t_R)          0.00       0.00 r
  fifo_mem_reg_4__21_/QN (DFFHQNx1_ASAP7_75t_R)          48.61      48.61 r
  U616/Y (AOI22xp33_ASAP7_75t_R)                         12.48      61.09 f
  fifo_mem_reg_4__21_/D (DFFHQNx1_ASAP7_75t_R)            0.00      61.09 f
  data arrival time                                                 61.09

  clock clk (rise edge)                                   0.00       0.00
  clock network delay (ideal)                             0.00       0.00
  fifo_mem_reg_4__21_/CLK (DFFHQNx1_ASAP7_75t_R)                     0.00 r
  clock reconvergence pessimism                           0.00       0.00
  clock uncertainty                                     100.00     100.00
  library hold time                                      13.31     113.31
  data required time                                               113.31
  ------------------------------------------------------------------------------
  data required time                                               113.31
  data arrival time                                                -61.09
  ------------------------------------------------------------------------------
  slack (VIOLATED)                                                 -52.22


  Startpoint: fifo_mem_reg_4__20_
               (rising edge-triggered flip-flop clocked by clk)
  Endpoint: fifo_mem_reg_4__20_
               (rising edge-triggered flip-flop clocked by clk)
  Path Group: clk
  Path Type: min

  Point                                                   Incr       Path
  ------------------------------------------------------------------------------
  clock clk (rise edge)                                   0.00       0.00
  clock network delay (ideal)                             0.00       0.00
  fifo_mem_reg_4__20_/CLK (DFFHQNx1_ASAP7_75t_R)          0.00       0.00 r
  fifo_mem_reg_4__20_/QN (DFFHQNx1_ASAP7_75t_R)          48.61      48.61 r
  U624/Y (AOI22xp33_ASAP7_75t_R)                         12.48      61.09 f
  fifo_mem_reg_4__20_/D (DFFHQNx1_ASAP7_75t_R)            0.00      61.09 f
  data arrival time                                                 61.09

  clock clk (rise edge)                                   0.00       0.00
  clock network delay (ideal)                             0.00       0.00
  fifo_mem_reg_4__20_/CLK (DFFHQNx1_ASAP7_75t_R)                     0.00 r
  clock reconvergence pessimism                           0.00       0.00
  clock uncertainty                                     100.00     100.00
  library hold time                                      13.31     113.31
  data required time                                               113.31
  ------------------------------------------------------------------------------
  data required time                                               113.31
  data arrival time                                                -61.09
  ------------------------------------------------------------------------------
  slack (VIOLATED)                                                 -52.22


  Startpoint: fifo_mem_reg_4__19_
               (rising edge-triggered flip-flop clocked by clk)
  Endpoint: fifo_mem_reg_4__19_
               (rising edge-triggered flip-flop clocked by clk)
  Path Group: clk
  Path Type: min

  Point                                                   Incr       Path
  ------------------------------------------------------------------------------
  clock clk (rise edge)                                   0.00       0.00
  clock network delay (ideal)                             0.00       0.00
  fifo_mem_reg_4__19_/CLK (DFFHQNx1_ASAP7_75t_R)          0.00       0.00 r
  fifo_mem_reg_4__19_/QN (DFFHQNx1_ASAP7_75t_R)          48.61      48.61 r
  U609/Y (AOI22xp33_ASAP7_75t_R)                         12.48      61.09 f
  fifo_mem_reg_4__19_/D (DFFHQNx1_ASAP7_75t_R)            0.00      61.09 f
  data arrival time                                                 61.09

  clock clk (rise edge)                                   0.00       0.00
  clock network delay (ideal)                             0.00       0.00
  fifo_mem_reg_4__19_/CLK (DFFHQNx1_ASAP7_75t_R)                     0.00 r
  clock reconvergence pessimism                           0.00       0.00
  clock uncertainty                                     100.00     100.00
  library hold time                                      13.31     113.31
  data required time                                               113.31
  ------------------------------------------------------------------------------
  data required time                                               113.31
  data arrival time                                                -61.09
  ------------------------------------------------------------------------------
  slack (VIOLATED)                                                 -52.22


  Startpoint: fifo_mem_reg_4__18_
               (rising edge-triggered flip-flop clocked by clk)
  Endpoint: fifo_mem_reg_4__18_
               (rising edge-triggered flip-flop clocked by clk)
  Path Group: clk
  Path Type: min

  Point                                                   Incr       Path
  ------------------------------------------------------------------------------
  clock clk (rise edge)                                   0.00       0.00
  clock network delay (ideal)                             0.00       0.00
  fifo_mem_reg_4__18_/CLK (DFFHQNx1_ASAP7_75t_R)          0.00       0.00 r
  fifo_mem_reg_4__18_/QN (DFFHQNx1_ASAP7_75t_R)          48.61      48.61 r
  U622/Y (AOI22xp33_ASAP7_75t_R)                         12.48      61.09 f
  fifo_mem_reg_4__18_/D (DFFHQNx1_ASAP7_75t_R)            0.00      61.09 f
  data arrival time                                                 61.09

  clock clk (rise edge)                                   0.00       0.00
  clock network delay (ideal)                             0.00       0.00
  fifo_mem_reg_4__18_/CLK (DFFHQNx1_ASAP7_75t_R)                     0.00 r
  clock reconvergence pessimism                           0.00       0.00
  clock uncertainty                                     100.00     100.00
  library hold time                                      13.31     113.31
  data required time                                               113.31
  ------------------------------------------------------------------------------
  data required time                                               113.31
  data arrival time                                                -61.09
  ------------------------------------------------------------------------------
  slack (VIOLATED)                                                 -52.22


  Startpoint: fifo_mem_reg_4__17_
               (rising edge-triggered flip-flop clocked by clk)
  Endpoint: fifo_mem_reg_4__17_
               (rising edge-triggered flip-flop clocked by clk)
  Path Group: clk
  Path Type: min

  Point                                                   Incr       Path
  ------------------------------------------------------------------------------
  clock clk (rise edge)                                   0.00       0.00
  clock network delay (ideal)                             0.00       0.00
  fifo_mem_reg_4__17_/CLK (DFFHQNx1_ASAP7_75t_R)          0.00       0.00 r
  fifo_mem_reg_4__17_/QN (DFFHQNx1_ASAP7_75t_R)          48.61      48.61 r
  U620/Y (AOI22xp33_ASAP7_75t_R)                         12.48      61.09 f
  fifo_mem_reg_4__17_/D (DFFHQNx1_ASAP7_75t_R)            0.00      61.09 f
  data arrival time                                                 61.09

  clock clk (rise edge)                                   0.00       0.00
  clock network delay (ideal)                             0.00       0.00
  fifo_mem_reg_4__17_/CLK (DFFHQNx1_ASAP7_75t_R)                     0.00 r
  clock reconvergence pessimism                           0.00       0.00
  clock uncertainty                                     100.00     100.00
  library hold time                                      13.31     113.31
  data required time                                               113.31
  ------------------------------------------------------------------------------
  data required time                                               113.31
  data arrival time                                                -61.09
  ------------------------------------------------------------------------------
  slack (VIOLATED)                                                 -52.22


  Startpoint: fifo_mem_reg_4__16_
               (rising edge-triggered flip-flop clocked by clk)
  Endpoint: fifo_mem_reg_4__16_
               (rising edge-triggered flip-flop clocked by clk)
  Path Group: clk
  Path Type: min

  Point                                                   Incr       Path
  ------------------------------------------------------------------------------
  clock clk (rise edge)                                   0.00       0.00
  clock network delay (ideal)                             0.00       0.00
  fifo_mem_reg_4__16_/CLK (DFFHQNx1_ASAP7_75t_R)          0.00       0.00 r
  fifo_mem_reg_4__16_/QN (DFFHQNx1_ASAP7_75t_R)          48.61      48.61 r
  U610/Y (AOI22xp33_ASAP7_75t_R)                         12.48      61.09 f
  fifo_mem_reg_4__16_/D (DFFHQNx1_ASAP7_75t_R)            0.00      61.09 f
  data arrival time                                                 61.09

  clock clk (rise edge)                                   0.00       0.00
  clock network delay (ideal)                             0.00       0.00
  fifo_mem_reg_4__16_/CLK (DFFHQNx1_ASAP7_75t_R)                     0.00 r
  clock reconvergence pessimism                           0.00       0.00
  clock uncertainty                                     100.00     100.00
  library hold time                                      13.31     113.31
  data required time                                               113.31
  ------------------------------------------------------------------------------
  data required time                                               113.31
  data arrival time                                                -61.09
  ------------------------------------------------------------------------------
  slack (VIOLATED)                                                 -52.22


  Startpoint: fifo_mem_reg_4__15_
               (rising edge-triggered flip-flop clocked by clk)
  Endpoint: fifo_mem_reg_4__15_
               (rising edge-triggered flip-flop clocked by clk)
  Path Group: clk
  Path Type: min

  Point                                                   Incr       Path
  ------------------------------------------------------------------------------
  clock clk (rise edge)                                   0.00       0.00
  clock network delay (ideal)                             0.00       0.00
  fifo_mem_reg_4__15_/CLK (DFFHQNx1_ASAP7_75t_R)          0.00       0.00 r
  fifo_mem_reg_4__15_/QN (DFFHQNx1_ASAP7_75t_R)          48.61      48.61 r
  U623/Y (AOI22xp33_ASAP7_75t_R)                         12.48      61.09 f
  fifo_mem_reg_4__15_/D (DFFHQNx1_ASAP7_75t_R)            0.00      61.09 f
  data arrival time                                                 61.09

  clock clk (rise edge)                                   0.00       0.00
  clock network delay (ideal)                             0.00       0.00
  fifo_mem_reg_4__15_/CLK (DFFHQNx1_ASAP7_75t_R)                     0.00 r
  clock reconvergence pessimism                           0.00       0.00
  clock uncertainty                                     100.00     100.00
  library hold time                                      13.31     113.31
  data required time                                               113.31
  ------------------------------------------------------------------------------
  data required time                                               113.31
  data arrival time                                                -61.09
  ------------------------------------------------------------------------------
  slack (VIOLATED)                                                 -52.22


  Startpoint: fifo_mem_reg_4__14_
               (rising edge-triggered flip-flop clocked by clk)
  Endpoint: fifo_mem_reg_4__14_
               (rising edge-triggered flip-flop clocked by clk)
  Path Group: clk
  Path Type: min

  Point                                                   Incr       Path
  ------------------------------------------------------------------------------
  clock clk (rise edge)                                   0.00       0.00
  clock network delay (ideal)                             0.00       0.00
  fifo_mem_reg_4__14_/CLK (DFFHQNx1_ASAP7_75t_R)          0.00       0.00 r
  fifo_mem_reg_4__14_/QN (DFFHQNx1_ASAP7_75t_R)          48.61      48.61 r
  U607/Y (AOI22xp33_ASAP7_75t_R)                         12.48      61.09 f
  fifo_mem_reg_4__14_/D (DFFHQNx1_ASAP7_75t_R)            0.00      61.09 f
  data arrival time                                                 61.09

  clock clk (rise edge)                                   0.00       0.00
  clock network delay (ideal)                             0.00       0.00
  fifo_mem_reg_4__14_/CLK (DFFHQNx1_ASAP7_75t_R)                     0.00 r
  clock reconvergence pessimism                           0.00       0.00
  clock uncertainty                                     100.00     100.00
  library hold time                                      13.31     113.31
  data required time                                               113.31
  ------------------------------------------------------------------------------
  data required time                                               113.31
  data arrival time                                                -61.09
  ------------------------------------------------------------------------------
  slack (VIOLATED)                                                 -52.22


  Startpoint: fifo_mem_reg_4__13_
               (rising edge-triggered flip-flop clocked by clk)
  Endpoint: fifo_mem_reg_4__13_
               (rising edge-triggered flip-flop clocked by clk)
  Path Group: clk
  Path Type: min

  Point                                                   Incr       Path
  ------------------------------------------------------------------------------
  clock clk (rise edge)                                   0.00       0.00
  clock network delay (ideal)                             0.00       0.00
  fifo_mem_reg_4__13_/CLK (DFFHQNx1_ASAP7_75t_R)          0.00       0.00 r
  fifo_mem_reg_4__13_/QN (DFFHQNx1_ASAP7_75t_R)          48.61      48.61 r
  U621/Y (AOI22xp33_ASAP7_75t_R)                         12.48      61.09 f
  fifo_mem_reg_4__13_/D (DFFHQNx1_ASAP7_75t_R)            0.00      61.09 f
  data arrival time                                                 61.09

  clock clk (rise edge)                                   0.00       0.00
  clock network delay (ideal)                             0.00       0.00
  fifo_mem_reg_4__13_/CLK (DFFHQNx1_ASAP7_75t_R)                     0.00 r
  clock reconvergence pessimism                           0.00       0.00
  clock uncertainty                                     100.00     100.00
  library hold time                                      13.31     113.31
  data required time                                               113.31
  ------------------------------------------------------------------------------
  data required time                                               113.31
  data arrival time                                                -61.09
  ------------------------------------------------------------------------------
  slack (VIOLATED)                                                 -52.22


  Startpoint: fifo_mem_reg_4__12_
               (rising edge-triggered flip-flop clocked by clk)
  Endpoint: fifo_mem_reg_4__12_
               (rising edge-triggered flip-flop clocked by clk)
  Path Group: clk
  Path Type: min

  Point                                                   Incr       Path
  ------------------------------------------------------------------------------
  clock clk (rise edge)                                   0.00       0.00
  clock network delay (ideal)                             0.00       0.00
  fifo_mem_reg_4__12_/CLK (DFFHQNx1_ASAP7_75t_R)          0.00       0.00 r
  fifo_mem_reg_4__12_/QN (DFFHQNx1_ASAP7_75t_R)          48.61      48.61 r
  U613/Y (AOI22xp33_ASAP7_75t_R)                         12.48      61.09 f
  fifo_mem_reg_4__12_/D (DFFHQNx1_ASAP7_75t_R)            0.00      61.09 f
  data arrival time                                                 61.09

  clock clk (rise edge)                                   0.00       0.00
  clock network delay (ideal)                             0.00       0.00
  fifo_mem_reg_4__12_/CLK (DFFHQNx1_ASAP7_75t_R)                     0.00 r
  clock reconvergence pessimism                           0.00       0.00
  clock uncertainty                                     100.00     100.00
  library hold time                                      13.31     113.31
  data required time                                               113.31
  ------------------------------------------------------------------------------
  data required time                                               113.31
  data arrival time                                                -61.09
  ------------------------------------------------------------------------------
  slack (VIOLATED)                                                 -52.22


  Startpoint: fifo_mem_reg_4__11_
               (rising edge-triggered flip-flop clocked by clk)
  Endpoint: fifo_mem_reg_4__11_
               (rising edge-triggered flip-flop clocked by clk)
  Path Group: clk
  Path Type: min

  Point                                                   Incr       Path
  ------------------------------------------------------------------------------
  clock clk (rise edge)                                   0.00       0.00
  clock network delay (ideal)                             0.00       0.00
  fifo_mem_reg_4__11_/CLK (DFFHQNx1_ASAP7_75t_R)          0.00       0.00 r
  fifo_mem_reg_4__11_/QN (DFFHQNx1_ASAP7_75t_R)          48.61      48.61 r
  U618/Y (AOI22xp33_ASAP7_75t_R)                         12.48      61.09 f
  fifo_mem_reg_4__11_/D (DFFHQNx1_ASAP7_75t_R)            0.00      61.09 f
  data arrival time                                                 61.09

  clock clk (rise edge)                                   0.00       0.00
  clock network delay (ideal)                             0.00       0.00
  fifo_mem_reg_4__11_/CLK (DFFHQNx1_ASAP7_75t_R)                     0.00 r
  clock reconvergence pessimism                           0.00       0.00
  clock uncertainty                                     100.00     100.00
  library hold time                                      13.31     113.31
  data required time                                               113.31
  ------------------------------------------------------------------------------
  data required time                                               113.31
  data arrival time                                                -61.09
  ------------------------------------------------------------------------------
  slack (VIOLATED)                                                 -52.22


  Startpoint: fifo_mem_reg_4__10_
               (rising edge-triggered flip-flop clocked by clk)
  Endpoint: fifo_mem_reg_4__10_
               (rising edge-triggered flip-flop clocked by clk)
  Path Group: clk
  Path Type: min

  Point                                                   Incr       Path
  ------------------------------------------------------------------------------
  clock clk (rise edge)                                   0.00       0.00
  clock network delay (ideal)                             0.00       0.00
  fifo_mem_reg_4__10_/CLK (DFFHQNx1_ASAP7_75t_R)          0.00       0.00 r
  fifo_mem_reg_4__10_/QN (DFFHQNx1_ASAP7_75t_R)          48.61      48.61 r
  U617/Y (AOI22xp33_ASAP7_75t_R)                         12.48      61.09 f
  fifo_mem_reg_4__10_/D (DFFHQNx1_ASAP7_75t_R)            0.00      61.09 f
  data arrival time                                                 61.09

  clock clk (rise edge)                                   0.00       0.00
  clock network delay (ideal)                             0.00       0.00
  fifo_mem_reg_4__10_/CLK (DFFHQNx1_ASAP7_75t_R)                     0.00 r
  clock reconvergence pessimism                           0.00       0.00
  clock uncertainty                                     100.00     100.00
  library hold time                                      13.31     113.31
  data required time                                               113.31
  ------------------------------------------------------------------------------
  data required time                                               113.31
  data arrival time                                                -61.09
  ------------------------------------------------------------------------------
  slack (VIOLATED)                                                 -52.22


  Startpoint: fifo_mem_reg_4__9_
               (rising edge-triggered flip-flop clocked by clk)
  Endpoint: fifo_mem_reg_4__9_
               (rising edge-triggered flip-flop clocked by clk)
  Path Group: clk
  Path Type: min

  Point                                                   Incr       Path
  ------------------------------------------------------------------------------
  clock clk (rise edge)                                   0.00       0.00
  clock network delay (ideal)                             0.00       0.00
  fifo_mem_reg_4__9_/CLK (DFFHQNx1_ASAP7_75t_R)           0.00       0.00 r
  fifo_mem_reg_4__9_/QN (DFFHQNx1_ASAP7_75t_R)           48.61      48.61 r
  U615/Y (AOI22xp33_ASAP7_75t_R)                         12.48      61.09 f
  fifo_mem_reg_4__9_/D (DFFHQNx1_ASAP7_75t_R)             0.00      61.09 f
  data arrival time                                                 61.09

  clock clk (rise edge)                                   0.00       0.00
  clock network delay (ideal)                             0.00       0.00
  fifo_mem_reg_4__9_/CLK (DFFHQNx1_ASAP7_75t_R)                      0.00 r
  clock reconvergence pessimism                           0.00       0.00
  clock uncertainty                                     100.00     100.00
  library hold time                                      13.31     113.31
  data required time                                               113.31
  ------------------------------------------------------------------------------
  data required time                                               113.31
  data arrival time                                                -61.09
  ------------------------------------------------------------------------------
  slack (VIOLATED)                                                 -52.22


  Startpoint: fifo_mem_reg_4__8_
               (rising edge-triggered flip-flop clocked by clk)
  Endpoint: fifo_mem_reg_4__8_
               (rising edge-triggered flip-flop clocked by clk)
  Path Group: clk
  Path Type: min

  Point                                                   Incr       Path
  ------------------------------------------------------------------------------
  clock clk (rise edge)                                   0.00       0.00
  clock network delay (ideal)                             0.00       0.00
  fifo_mem_reg_4__8_/CLK (DFFHQNx1_ASAP7_75t_R)           0.00       0.00 r
  fifo_mem_reg_4__8_/QN (DFFHQNx1_ASAP7_75t_R)           48.61      48.61 r
  U614/Y (AOI22xp33_ASAP7_75t_R)                         12.48      61.09 f
  fifo_mem_reg_4__8_/D (DFFHQNx1_ASAP7_75t_R)             0.00      61.09 f
  data arrival time                                                 61.09

  clock clk (rise edge)                                   0.00       0.00
  clock network delay (ideal)                             0.00       0.00
  fifo_mem_reg_4__8_/CLK (DFFHQNx1_ASAP7_75t_R)                      0.00 r
  clock reconvergence pessimism                           0.00       0.00
  clock uncertainty                                     100.00     100.00
  library hold time                                      13.31     113.31
  data required time                                               113.31
  ------------------------------------------------------------------------------
  data required time                                               113.31
  data arrival time                                                -61.09
  ------------------------------------------------------------------------------
  slack (VIOLATED)                                                 -52.22


  Startpoint: fifo_mem_reg_4__7_
               (rising edge-triggered flip-flop clocked by clk)
  Endpoint: fifo_mem_reg_4__7_
               (rising edge-triggered flip-flop clocked by clk)
  Path Group: clk
  Path Type: min

  Point                                                   Incr       Path
  ------------------------------------------------------------------------------
  clock clk (rise edge)                                   0.00       0.00
  clock network delay (ideal)                             0.00       0.00
  fifo_mem_reg_4__7_/CLK (DFFHQNx1_ASAP7_75t_R)           0.00       0.00 r
  fifo_mem_reg_4__7_/QN (DFFHQNx1_ASAP7_75t_R)           48.61      48.61 r
  U612/Y (AOI22xp33_ASAP7_75t_R)                         12.48      61.09 f
  fifo_mem_reg_4__7_/D (DFFHQNx1_ASAP7_75t_R)             0.00      61.09 f
  data arrival time                                                 61.09

  clock clk (rise edge)                                   0.00       0.00
  clock network delay (ideal)                             0.00       0.00
  fifo_mem_reg_4__7_/CLK (DFFHQNx1_ASAP7_75t_R)                      0.00 r
  clock reconvergence pessimism                           0.00       0.00
  clock uncertainty                                     100.00     100.00
  library hold time                                      13.31     113.31
  data required time                                               113.31
  ------------------------------------------------------------------------------
  data required time                                               113.31
  data arrival time                                                -61.09
  ------------------------------------------------------------------------------
  slack (VIOLATED)                                                 -52.22


  Startpoint: fifo_mem_reg_4__6_
               (rising edge-triggered flip-flop clocked by clk)
  Endpoint: fifo_mem_reg_4__6_
               (rising edge-triggered flip-flop clocked by clk)
  Path Group: clk
  Path Type: min

  Point                                                   Incr       Path
  ------------------------------------------------------------------------------
  clock clk (rise edge)                                   0.00       0.00
  clock network delay (ideal)                             0.00       0.00
  fifo_mem_reg_4__6_/CLK (DFFHQNx1_ASAP7_75t_R)           0.00       0.00 r
  fifo_mem_reg_4__6_/QN (DFFHQNx1_ASAP7_75t_R)           48.61      48.61 r
  U611/Y (AOI22xp33_ASAP7_75t_R)                         12.48      61.09 f
  fifo_mem_reg_4__6_/D (DFFHQNx1_ASAP7_75t_R)             0.00      61.09 f
  data arrival time                                                 61.09

  clock clk (rise edge)                                   0.00       0.00
  clock network delay (ideal)                             0.00       0.00
  fifo_mem_reg_4__6_/CLK (DFFHQNx1_ASAP7_75t_R)                      0.00 r
  clock reconvergence pessimism                           0.00       0.00
  clock uncertainty                                     100.00     100.00
  library hold time                                      13.31     113.31
  data required time                                               113.31
  ------------------------------------------------------------------------------
  data required time                                               113.31
  data arrival time                                                -61.09
  ------------------------------------------------------------------------------
  slack (VIOLATED)                                                 -52.22


  Startpoint: fifo_mem_reg_4__5_
               (rising edge-triggered flip-flop clocked by clk)
  Endpoint: fifo_mem_reg_4__5_
               (rising edge-triggered flip-flop clocked by clk)
  Path Group: clk
  Path Type: min

  Point                                                   Incr       Path
  ------------------------------------------------------------------------------
  clock clk (rise edge)                                   0.00       0.00
  clock network delay (ideal)                             0.00       0.00
  fifo_mem_reg_4__5_/CLK (DFFHQNx1_ASAP7_75t_R)           0.00       0.00 r
  fifo_mem_reg_4__5_/QN (DFFHQNx1_ASAP7_75t_R)           48.61      48.61 r
  U580/Y (AOI22xp33_ASAP7_75t_R)                         12.48      61.09 f
  fifo_mem_reg_4__5_/D (DFFHQNx1_ASAP7_75t_R)             0.00      61.09 f
  data arrival time                                                 61.09

  clock clk (rise edge)                                   0.00       0.00
  clock network delay (ideal)                             0.00       0.00
  fifo_mem_reg_4__5_/CLK (DFFHQNx1_ASAP7_75t_R)                      0.00 r
  clock reconvergence pessimism                           0.00       0.00
  clock uncertainty                                     100.00     100.00
  library hold time                                      13.31     113.31
  data required time                                               113.31
  ------------------------------------------------------------------------------
  data required time                                               113.31
  data arrival time                                                -61.09
  ------------------------------------------------------------------------------
  slack (VIOLATED)                                                 -52.22


  Startpoint: fifo_mem_reg_4__4_
               (rising edge-triggered flip-flop clocked by clk)
  Endpoint: fifo_mem_reg_4__4_
               (rising edge-triggered flip-flop clocked by clk)
  Path Group: clk
  Path Type: min

  Point                                                   Incr       Path
  ------------------------------------------------------------------------------
  clock clk (rise edge)                                   0.00       0.00
  clock network delay (ideal)                             0.00       0.00
  fifo_mem_reg_4__4_/CLK (DFFHQNx1_ASAP7_75t_R)           0.00       0.00 r
  fifo_mem_reg_4__4_/QN (DFFHQNx1_ASAP7_75t_R)           48.61      48.61 r
  U608/Y (AOI22xp33_ASAP7_75t_R)                         12.48      61.09 f
  fifo_mem_reg_4__4_/D (DFFHQNx1_ASAP7_75t_R)             0.00      61.09 f
  data arrival time                                                 61.09

  clock clk (rise edge)                                   0.00       0.00
  clock network delay (ideal)                             0.00       0.00
  fifo_mem_reg_4__4_/CLK (DFFHQNx1_ASAP7_75t_R)                      0.00 r
  clock reconvergence pessimism                           0.00       0.00
  clock uncertainty                                     100.00     100.00
  library hold time                                      13.31     113.31
  data required time                                               113.31
  ------------------------------------------------------------------------------
  data required time                                               113.31
  data arrival time                                                -61.09
  ------------------------------------------------------------------------------
  slack (VIOLATED)                                                 -52.22


  Startpoint: fifo_mem_reg_4__3_
               (rising edge-triggered flip-flop clocked by clk)
  Endpoint: fifo_mem_reg_4__3_
               (rising edge-triggered flip-flop clocked by clk)
  Path Group: clk
  Path Type: min

  Point                                                   Incr       Path
  ------------------------------------------------------------------------------
  clock clk (rise edge)                                   0.00       0.00
  clock network delay (ideal)                             0.00       0.00
  fifo_mem_reg_4__3_/CLK (DFFHQNx1_ASAP7_75t_R)           0.00       0.00 r
  fifo_mem_reg_4__3_/QN (DFFHQNx1_ASAP7_75t_R)           48.61      48.61 r
  U606/Y (AOI22xp33_ASAP7_75t_R)                         12.48      61.09 f
  fifo_mem_reg_4__3_/D (DFFHQNx1_ASAP7_75t_R)             0.00      61.09 f
  data arrival time                                                 61.09

  clock clk (rise edge)                                   0.00       0.00
  clock network delay (ideal)                             0.00       0.00
  fifo_mem_reg_4__3_/CLK (DFFHQNx1_ASAP7_75t_R)                      0.00 r
  clock reconvergence pessimism                           0.00       0.00
  clock uncertainty                                     100.00     100.00
  library hold time                                      13.31     113.31
  data required time                                               113.31
  ------------------------------------------------------------------------------
  data required time                                               113.31
  data arrival time                                                -61.09
  ------------------------------------------------------------------------------
  slack (VIOLATED)                                                 -52.22


  Startpoint: fifo_mem_reg_4__2_
               (rising edge-triggered flip-flop clocked by clk)
  Endpoint: fifo_mem_reg_4__2_
               (rising edge-triggered flip-flop clocked by clk)
  Path Group: clk
  Path Type: min

  Point                                                   Incr       Path
  ------------------------------------------------------------------------------
  clock clk (rise edge)                                   0.00       0.00
  clock network delay (ideal)                             0.00       0.00
  fifo_mem_reg_4__2_/CLK (DFFHQNx1_ASAP7_75t_R)           0.00       0.00 r
  fifo_mem_reg_4__2_/QN (DFFHQNx1_ASAP7_75t_R)           48.61      48.61 r
  U605/Y (AOI22xp33_ASAP7_75t_R)                         12.48      61.09 f
  fifo_mem_reg_4__2_/D (DFFHQNx1_ASAP7_75t_R)             0.00      61.09 f
  data arrival time                                                 61.09

  clock clk (rise edge)                                   0.00       0.00
  clock network delay (ideal)                             0.00       0.00
  fifo_mem_reg_4__2_/CLK (DFFHQNx1_ASAP7_75t_R)                      0.00 r
  clock reconvergence pessimism                           0.00       0.00
  clock uncertainty                                     100.00     100.00
  library hold time                                      13.31     113.31
  data required time                                               113.31
  ------------------------------------------------------------------------------
  data required time                                               113.31
  data arrival time                                                -61.09
  ------------------------------------------------------------------------------
  slack (VIOLATED)                                                 -52.22


  Startpoint: fifo_mem_reg_4__1_
               (rising edge-triggered flip-flop clocked by clk)
  Endpoint: fifo_mem_reg_4__1_
               (rising edge-triggered flip-flop clocked by clk)
  Path Group: clk
  Path Type: min

  Point                                                   Incr       Path
  ------------------------------------------------------------------------------
  clock clk (rise edge)                                   0.00       0.00
  clock network delay (ideal)                             0.00       0.00
  fifo_mem_reg_4__1_/CLK (DFFHQNx1_ASAP7_75t_R)           0.00       0.00 r
  fifo_mem_reg_4__1_/QN (DFFHQNx1_ASAP7_75t_R)           48.61      48.61 r
  U604/Y (AOI22xp33_ASAP7_75t_R)                         12.48      61.09 f
  fifo_mem_reg_4__1_/D (DFFHQNx1_ASAP7_75t_R)             0.00      61.09 f
  data arrival time                                                 61.09

  clock clk (rise edge)                                   0.00       0.00
  clock network delay (ideal)                             0.00       0.00
  fifo_mem_reg_4__1_/CLK (DFFHQNx1_ASAP7_75t_R)                      0.00 r
  clock reconvergence pessimism                           0.00       0.00
  clock uncertainty                                     100.00     100.00
  library hold time                                      13.31     113.31
  data required time                                               113.31
  ------------------------------------------------------------------------------
  data required time                                               113.31
  data arrival time                                                -61.09
  ------------------------------------------------------------------------------
  slack (VIOLATED)                                                 -52.22


  Startpoint: fifo_mem_reg_5__22_
               (rising edge-triggered flip-flop clocked by clk)
  Endpoint: fifo_mem_reg_5__22_
               (rising edge-triggered flip-flop clocked by clk)
  Path Group: clk
  Path Type: min

  Point                                                   Incr       Path
  ------------------------------------------------------------------------------
  clock clk (rise edge)                                   0.00       0.00
  clock network delay (ideal)                             0.00       0.00
  fifo_mem_reg_5__22_/CLK (DFFHQNx1_ASAP7_75t_R)          0.00       0.00 r
  fifo_mem_reg_5__22_/QN (DFFHQNx1_ASAP7_75t_R)          48.61      48.61 r
  U602/Y (AOI22xp33_ASAP7_75t_R)                         12.48      61.09 f
  fifo_mem_reg_5__22_/D (DFFHQNx1_ASAP7_75t_R)            0.00      61.09 f
  data arrival time                                                 61.09

  clock clk (rise edge)                                   0.00       0.00
  clock network delay (ideal)                             0.00       0.00
  fifo_mem_reg_5__22_/CLK (DFFHQNx1_ASAP7_75t_R)                     0.00 r
  clock reconvergence pessimism                           0.00       0.00
  clock uncertainty                                     100.00     100.00
  library hold time                                      13.31     113.31
  data required time                                               113.31
  ------------------------------------------------------------------------------
  data required time                                               113.31
  data arrival time                                                -61.09
  ------------------------------------------------------------------------------
  slack (VIOLATED)                                                 -52.22


  Startpoint: fifo_mem_reg_5__21_
               (rising edge-triggered flip-flop clocked by clk)
  Endpoint: fifo_mem_reg_5__21_
               (rising edge-triggered flip-flop clocked by clk)
  Path Group: clk
  Path Type: min

  Point                                                   Incr       Path
  ------------------------------------------------------------------------------
  clock clk (rise edge)                                   0.00       0.00
  clock network delay (ideal)                             0.00       0.00
  fifo_mem_reg_5__21_/CLK (DFFHQNx1_ASAP7_75t_R)          0.00       0.00 r
  fifo_mem_reg_5__21_/QN (DFFHQNx1_ASAP7_75t_R)          48.61      48.61 r
  U601/Y (AOI22xp33_ASAP7_75t_R)                         12.48      61.09 f
  fifo_mem_reg_5__21_/D (DFFHQNx1_ASAP7_75t_R)            0.00      61.09 f
  data arrival time                                                 61.09

  clock clk (rise edge)                                   0.00       0.00
  clock network delay (ideal)                             0.00       0.00
  fifo_mem_reg_5__21_/CLK (DFFHQNx1_ASAP7_75t_R)                     0.00 r
  clock reconvergence pessimism                           0.00       0.00
  clock uncertainty                                     100.00     100.00
  library hold time                                      13.31     113.31
  data required time                                               113.31
  ------------------------------------------------------------------------------
  data required time                                               113.31
  data arrival time                                                -61.09
  ------------------------------------------------------------------------------
  slack (VIOLATED)                                                 -52.22


  Startpoint: fifo_mem_reg_5__20_
               (rising edge-triggered flip-flop clocked by clk)
  Endpoint: fifo_mem_reg_5__20_
               (rising edge-triggered flip-flop clocked by clk)
  Path Group: clk
  Path Type: min

  Point                                                   Incr       Path
  ------------------------------------------------------------------------------
  clock clk (rise edge)                                   0.00       0.00
  clock network delay (ideal)                             0.00       0.00
  fifo_mem_reg_5__20_/CLK (DFFHQNx1_ASAP7_75t_R)          0.00       0.00 r
  fifo_mem_reg_5__20_/QN (DFFHQNx1_ASAP7_75t_R)          48.61      48.61 r
  U600/Y (AOI22xp33_ASAP7_75t_R)                         12.48      61.09 f
  fifo_mem_reg_5__20_/D (DFFHQNx1_ASAP7_75t_R)            0.00      61.09 f
  data arrival time                                                 61.09

  clock clk (rise edge)                                   0.00       0.00
  clock network delay (ideal)                             0.00       0.00
  fifo_mem_reg_5__20_/CLK (DFFHQNx1_ASAP7_75t_R)                     0.00 r
  clock reconvergence pessimism                           0.00       0.00
  clock uncertainty                                     100.00     100.00
  library hold time                                      13.31     113.31
  data required time                                               113.31
  ------------------------------------------------------------------------------
  data required time                                               113.31
  data arrival time                                                -61.09
  ------------------------------------------------------------------------------
  slack (VIOLATED)                                                 -52.22


  Startpoint: fifo_mem_reg_5__19_
               (rising edge-triggered flip-flop clocked by clk)
  Endpoint: fifo_mem_reg_5__19_
               (rising edge-triggered flip-flop clocked by clk)
  Path Group: clk
  Path Type: min

  Point                                                   Incr       Path
  ------------------------------------------------------------------------------
  clock clk (rise edge)                                   0.00       0.00
  clock network delay (ideal)                             0.00       0.00
  fifo_mem_reg_5__19_/CLK (DFFHQNx1_ASAP7_75t_R)          0.00       0.00 r
  fifo_mem_reg_5__19_/QN (DFFHQNx1_ASAP7_75t_R)          48.61      48.61 r
  U599/Y (AOI22xp33_ASAP7_75t_R)                         12.48      61.09 f
  fifo_mem_reg_5__19_/D (DFFHQNx1_ASAP7_75t_R)            0.00      61.09 f
  data arrival time                                                 61.09

  clock clk (rise edge)                                   0.00       0.00
  clock network delay (ideal)                             0.00       0.00
  fifo_mem_reg_5__19_/CLK (DFFHQNx1_ASAP7_75t_R)                     0.00 r
  clock reconvergence pessimism                           0.00       0.00
  clock uncertainty                                     100.00     100.00
  library hold time                                      13.31     113.31
  data required time                                               113.31
  ------------------------------------------------------------------------------
  data required time                                               113.31
  data arrival time                                                -61.09
  ------------------------------------------------------------------------------
  slack (VIOLATED)                                                 -52.22


  Startpoint: fifo_mem_reg_5__18_
               (rising edge-triggered flip-flop clocked by clk)
  Endpoint: fifo_mem_reg_5__18_
               (rising edge-triggered flip-flop clocked by clk)
  Path Group: clk
  Path Type: min

  Point                                                   Incr       Path
  ------------------------------------------------------------------------------
  clock clk (rise edge)                                   0.00       0.00
  clock network delay (ideal)                             0.00       0.00
  fifo_mem_reg_5__18_/CLK (DFFHQNx1_ASAP7_75t_R)          0.00       0.00 r
  fifo_mem_reg_5__18_/QN (DFFHQNx1_ASAP7_75t_R)          48.61      48.61 r
  U598/Y (AOI22xp33_ASAP7_75t_R)                         12.48      61.09 f
  fifo_mem_reg_5__18_/D (DFFHQNx1_ASAP7_75t_R)            0.00      61.09 f
  data arrival time                                                 61.09

  clock clk (rise edge)                                   0.00       0.00
  clock network delay (ideal)                             0.00       0.00
  fifo_mem_reg_5__18_/CLK (DFFHQNx1_ASAP7_75t_R)                     0.00 r
  clock reconvergence pessimism                           0.00       0.00
  clock uncertainty                                     100.00     100.00
  library hold time                                      13.31     113.31
  data required time                                               113.31
  ------------------------------------------------------------------------------
  data required time                                               113.31
  data arrival time                                                -61.09
  ------------------------------------------------------------------------------
  slack (VIOLATED)                                                 -52.22


  Startpoint: fifo_mem_reg_5__17_
               (rising edge-triggered flip-flop clocked by clk)
  Endpoint: fifo_mem_reg_5__17_
               (rising edge-triggered flip-flop clocked by clk)
  Path Group: clk
  Path Type: min

  Point                                                   Incr       Path
  ------------------------------------------------------------------------------
  clock clk (rise edge)                                   0.00       0.00
  clock network delay (ideal)                             0.00       0.00
  fifo_mem_reg_5__17_/CLK (DFFHQNx1_ASAP7_75t_R)          0.00       0.00 r
  fifo_mem_reg_5__17_/QN (DFFHQNx1_ASAP7_75t_R)          48.61      48.61 r
  U597/Y (AOI22xp33_ASAP7_75t_R)                         12.48      61.09 f
  fifo_mem_reg_5__17_/D (DFFHQNx1_ASAP7_75t_R)            0.00      61.09 f
  data arrival time                                                 61.09

  clock clk (rise edge)                                   0.00       0.00
  clock network delay (ideal)                             0.00       0.00
  fifo_mem_reg_5__17_/CLK (DFFHQNx1_ASAP7_75t_R)                     0.00 r
  clock reconvergence pessimism                           0.00       0.00
  clock uncertainty                                     100.00     100.00
  library hold time                                      13.31     113.31
  data required time                                               113.31
  ------------------------------------------------------------------------------
  data required time                                               113.31
  data arrival time                                                -61.09
  ------------------------------------------------------------------------------
  slack (VIOLATED)                                                 -52.22


  Startpoint: fifo_mem_reg_5__16_
               (rising edge-triggered flip-flop clocked by clk)
  Endpoint: fifo_mem_reg_5__16_
               (rising edge-triggered flip-flop clocked by clk)
  Path Group: clk
  Path Type: min

  Point                                                   Incr       Path
  ------------------------------------------------------------------------------
  clock clk (rise edge)                                   0.00       0.00
  clock network delay (ideal)                             0.00       0.00
  fifo_mem_reg_5__16_/CLK (DFFHQNx1_ASAP7_75t_R)          0.00       0.00 r
  fifo_mem_reg_5__16_/QN (DFFHQNx1_ASAP7_75t_R)          48.61      48.61 r
  U596/Y (AOI22xp33_ASAP7_75t_R)                         12.48      61.09 f
  fifo_mem_reg_5__16_/D (DFFHQNx1_ASAP7_75t_R)            0.00      61.09 f
  data arrival time                                                 61.09

  clock clk (rise edge)                                   0.00       0.00
  clock network delay (ideal)                             0.00       0.00
  fifo_mem_reg_5__16_/CLK (DFFHQNx1_ASAP7_75t_R)                     0.00 r
  clock reconvergence pessimism                           0.00       0.00
  clock uncertainty                                     100.00     100.00
  library hold time                                      13.31     113.31
  data required time                                               113.31
  ------------------------------------------------------------------------------
  data required time                                               113.31
  data arrival time                                                -61.09
  ------------------------------------------------------------------------------
  slack (VIOLATED)                                                 -52.22


  Startpoint: fifo_mem_reg_5__15_
               (rising edge-triggered flip-flop clocked by clk)
  Endpoint: fifo_mem_reg_5__15_
               (rising edge-triggered flip-flop clocked by clk)
  Path Group: clk
  Path Type: min

  Point                                                   Incr       Path
  ------------------------------------------------------------------------------
  clock clk (rise edge)                                   0.00       0.00
  clock network delay (ideal)                             0.00       0.00
  fifo_mem_reg_5__15_/CLK (DFFHQNx1_ASAP7_75t_R)          0.00       0.00 r
  fifo_mem_reg_5__15_/QN (DFFHQNx1_ASAP7_75t_R)          48.61      48.61 r
  U595/Y (AOI22xp33_ASAP7_75t_R)                         12.48      61.09 f
  fifo_mem_reg_5__15_/D (DFFHQNx1_ASAP7_75t_R)            0.00      61.09 f
  data arrival time                                                 61.09

  clock clk (rise edge)                                   0.00       0.00
  clock network delay (ideal)                             0.00       0.00
  fifo_mem_reg_5__15_/CLK (DFFHQNx1_ASAP7_75t_R)                     0.00 r
  clock reconvergence pessimism                           0.00       0.00
  clock uncertainty                                     100.00     100.00
  library hold time                                      13.31     113.31
  data required time                                               113.31
  ------------------------------------------------------------------------------
  data required time                                               113.31
  data arrival time                                                -61.09
  ------------------------------------------------------------------------------
  slack (VIOLATED)                                                 -52.22


  Startpoint: fifo_mem_reg_5__14_
               (rising edge-triggered flip-flop clocked by clk)
  Endpoint: fifo_mem_reg_5__14_
               (rising edge-triggered flip-flop clocked by clk)
  Path Group: clk
  Path Type: min

  Point                                                   Incr       Path
  ------------------------------------------------------------------------------
  clock clk (rise edge)                                   0.00       0.00
  clock network delay (ideal)                             0.00       0.00
  fifo_mem_reg_5__14_/CLK (DFFHQNx1_ASAP7_75t_R)          0.00       0.00 r
  fifo_mem_reg_5__14_/QN (DFFHQNx1_ASAP7_75t_R)          48.61      48.61 r
  U594/Y (AOI22xp33_ASAP7_75t_R)                         12.48      61.09 f
  fifo_mem_reg_5__14_/D (DFFHQNx1_ASAP7_75t_R)            0.00      61.09 f
  data arrival time                                                 61.09

  clock clk (rise edge)                                   0.00       0.00
  clock network delay (ideal)                             0.00       0.00
  fifo_mem_reg_5__14_/CLK (DFFHQNx1_ASAP7_75t_R)                     0.00 r
  clock reconvergence pessimism                           0.00       0.00
  clock uncertainty                                     100.00     100.00
  library hold time                                      13.31     113.31
  data required time                                               113.31
  ------------------------------------------------------------------------------
  data required time                                               113.31
  data arrival time                                                -61.09
  ------------------------------------------------------------------------------
  slack (VIOLATED)                                                 -52.22


  Startpoint: fifo_mem_reg_5__13_
               (rising edge-triggered flip-flop clocked by clk)
  Endpoint: fifo_mem_reg_5__13_
               (rising edge-triggered flip-flop clocked by clk)
  Path Group: clk
  Path Type: min

  Point                                                   Incr       Path
  ------------------------------------------------------------------------------
  clock clk (rise edge)                                   0.00       0.00
  clock network delay (ideal)                             0.00       0.00
  fifo_mem_reg_5__13_/CLK (DFFHQNx1_ASAP7_75t_R)          0.00       0.00 r
  fifo_mem_reg_5__13_/QN (DFFHQNx1_ASAP7_75t_R)          48.61      48.61 r
  U593/Y (AOI22xp33_ASAP7_75t_R)                         12.48      61.09 f
  fifo_mem_reg_5__13_/D (DFFHQNx1_ASAP7_75t_R)            0.00      61.09 f
  data arrival time                                                 61.09

  clock clk (rise edge)                                   0.00       0.00
  clock network delay (ideal)                             0.00       0.00
  fifo_mem_reg_5__13_/CLK (DFFHQNx1_ASAP7_75t_R)                     0.00 r
  clock reconvergence pessimism                           0.00       0.00
  clock uncertainty                                     100.00     100.00
  library hold time                                      13.31     113.31
  data required time                                               113.31
  ------------------------------------------------------------------------------
  data required time                                               113.31
  data arrival time                                                -61.09
  ------------------------------------------------------------------------------
  slack (VIOLATED)                                                 -52.22


  Startpoint: fifo_mem_reg_5__12_
               (rising edge-triggered flip-flop clocked by clk)
  Endpoint: fifo_mem_reg_5__12_
               (rising edge-triggered flip-flop clocked by clk)
  Path Group: clk
  Path Type: min

  Point                                                   Incr       Path
  ------------------------------------------------------------------------------
  clock clk (rise edge)                                   0.00       0.00
  clock network delay (ideal)                             0.00       0.00
  fifo_mem_reg_5__12_/CLK (DFFHQNx1_ASAP7_75t_R)          0.00       0.00 r
  fifo_mem_reg_5__12_/QN (DFFHQNx1_ASAP7_75t_R)          48.61      48.61 r
  U592/Y (AOI22xp33_ASAP7_75t_R)                         12.48      61.09 f
  fifo_mem_reg_5__12_/D (DFFHQNx1_ASAP7_75t_R)            0.00      61.09 f
  data arrival time                                                 61.09

  clock clk (rise edge)                                   0.00       0.00
  clock network delay (ideal)                             0.00       0.00
  fifo_mem_reg_5__12_/CLK (DFFHQNx1_ASAP7_75t_R)                     0.00 r
  clock reconvergence pessimism                           0.00       0.00
  clock uncertainty                                     100.00     100.00
  library hold time                                      13.31     113.31
  data required time                                               113.31
  ------------------------------------------------------------------------------
  data required time                                               113.31
  data arrival time                                                -61.09
  ------------------------------------------------------------------------------
  slack (VIOLATED)                                                 -52.22


  Startpoint: fifo_mem_reg_5__11_
               (rising edge-triggered flip-flop clocked by clk)
  Endpoint: fifo_mem_reg_5__11_
               (rising edge-triggered flip-flop clocked by clk)
  Path Group: clk
  Path Type: min

  Point                                                   Incr       Path
  ------------------------------------------------------------------------------
  clock clk (rise edge)                                   0.00       0.00
  clock network delay (ideal)                             0.00       0.00
  fifo_mem_reg_5__11_/CLK (DFFHQNx1_ASAP7_75t_R)          0.00       0.00 r
  fifo_mem_reg_5__11_/QN (DFFHQNx1_ASAP7_75t_R)          48.61      48.61 r
  U591/Y (AOI22xp33_ASAP7_75t_R)                         12.48      61.09 f
  fifo_mem_reg_5__11_/D (DFFHQNx1_ASAP7_75t_R)            0.00      61.09 f
  data arrival time                                                 61.09

  clock clk (rise edge)                                   0.00       0.00
  clock network delay (ideal)                             0.00       0.00
  fifo_mem_reg_5__11_/CLK (DFFHQNx1_ASAP7_75t_R)                     0.00 r
  clock reconvergence pessimism                           0.00       0.00
  clock uncertainty                                     100.00     100.00
  library hold time                                      13.31     113.31
  data required time                                               113.31
  ------------------------------------------------------------------------------
  data required time                                               113.31
  data arrival time                                                -61.09
  ------------------------------------------------------------------------------
  slack (VIOLATED)                                                 -52.22


  Startpoint: fifo_mem_reg_5__10_
               (rising edge-triggered flip-flop clocked by clk)
  Endpoint: fifo_mem_reg_5__10_
               (rising edge-triggered flip-flop clocked by clk)
  Path Group: clk
  Path Type: min

  Point                                                   Incr       Path
  ------------------------------------------------------------------------------
  clock clk (rise edge)                                   0.00       0.00
  clock network delay (ideal)                             0.00       0.00
  fifo_mem_reg_5__10_/CLK (DFFHQNx1_ASAP7_75t_R)          0.00       0.00 r
  fifo_mem_reg_5__10_/QN (DFFHQNx1_ASAP7_75t_R)          48.61      48.61 r
  U590/Y (AOI22xp33_ASAP7_75t_R)                         12.48      61.09 f
  fifo_mem_reg_5__10_/D (DFFHQNx1_ASAP7_75t_R)            0.00      61.09 f
  data arrival time                                                 61.09

  clock clk (rise edge)                                   0.00       0.00
  clock network delay (ideal)                             0.00       0.00
  fifo_mem_reg_5__10_/CLK (DFFHQNx1_ASAP7_75t_R)                     0.00 r
  clock reconvergence pessimism                           0.00       0.00
  clock uncertainty                                     100.00     100.00
  library hold time                                      13.31     113.31
  data required time                                               113.31
  ------------------------------------------------------------------------------
  data required time                                               113.31
  data arrival time                                                -61.09
  ------------------------------------------------------------------------------
  slack (VIOLATED)                                                 -52.22


  Startpoint: fifo_mem_reg_5__9_
               (rising edge-triggered flip-flop clocked by clk)
  Endpoint: fifo_mem_reg_5__9_
               (rising edge-triggered flip-flop clocked by clk)
  Path Group: clk
  Path Type: min

  Point                                                   Incr       Path
  ------------------------------------------------------------------------------
  clock clk (rise edge)                                   0.00       0.00
  clock network delay (ideal)                             0.00       0.00
  fifo_mem_reg_5__9_/CLK (DFFHQNx1_ASAP7_75t_R)           0.00       0.00 r
  fifo_mem_reg_5__9_/QN (DFFHQNx1_ASAP7_75t_R)           48.61      48.61 r
  U589/Y (AOI22xp33_ASAP7_75t_R)                         12.48      61.09 f
  fifo_mem_reg_5__9_/D (DFFHQNx1_ASAP7_75t_R)             0.00      61.09 f
  data arrival time                                                 61.09

  clock clk (rise edge)                                   0.00       0.00
  clock network delay (ideal)                             0.00       0.00
  fifo_mem_reg_5__9_/CLK (DFFHQNx1_ASAP7_75t_R)                      0.00 r
  clock reconvergence pessimism                           0.00       0.00
  clock uncertainty                                     100.00     100.00
  library hold time                                      13.31     113.31
  data required time                                               113.31
  ------------------------------------------------------------------------------
  data required time                                               113.31
  data arrival time                                                -61.09
  ------------------------------------------------------------------------------
  slack (VIOLATED)                                                 -52.22


  Startpoint: fifo_mem_reg_5__8_
               (rising edge-triggered flip-flop clocked by clk)
  Endpoint: fifo_mem_reg_5__8_
               (rising edge-triggered flip-flop clocked by clk)
  Path Group: clk
  Path Type: min

  Point                                                   Incr       Path
  ------------------------------------------------------------------------------
  clock clk (rise edge)                                   0.00       0.00
  clock network delay (ideal)                             0.00       0.00
  fifo_mem_reg_5__8_/CLK (DFFHQNx1_ASAP7_75t_R)           0.00       0.00 r
  fifo_mem_reg_5__8_/QN (DFFHQNx1_ASAP7_75t_R)           48.61      48.61 r
  U588/Y (AOI22xp33_ASAP7_75t_R)                         12.48      61.09 f
  fifo_mem_reg_5__8_/D (DFFHQNx1_ASAP7_75t_R)             0.00      61.09 f
  data arrival time                                                 61.09

  clock clk (rise edge)                                   0.00       0.00
  clock network delay (ideal)                             0.00       0.00
  fifo_mem_reg_5__8_/CLK (DFFHQNx1_ASAP7_75t_R)                      0.00 r
  clock reconvergence pessimism                           0.00       0.00
  clock uncertainty                                     100.00     100.00
  library hold time                                      13.31     113.31
  data required time                                               113.31
  ------------------------------------------------------------------------------
  data required time                                               113.31
  data arrival time                                                -61.09
  ------------------------------------------------------------------------------
  slack (VIOLATED)                                                 -52.22


  Startpoint: fifo_mem_reg_5__7_
               (rising edge-triggered flip-flop clocked by clk)
  Endpoint: fifo_mem_reg_5__7_
               (rising edge-triggered flip-flop clocked by clk)
  Path Group: clk
  Path Type: min

  Point                                                   Incr       Path
  ------------------------------------------------------------------------------
  clock clk (rise edge)                                   0.00       0.00
  clock network delay (ideal)                             0.00       0.00
  fifo_mem_reg_5__7_/CLK (DFFHQNx1_ASAP7_75t_R)           0.00       0.00 r
  fifo_mem_reg_5__7_/QN (DFFHQNx1_ASAP7_75t_R)           48.61      48.61 r
  U587/Y (AOI22xp33_ASAP7_75t_R)                         12.48      61.09 f
  fifo_mem_reg_5__7_/D (DFFHQNx1_ASAP7_75t_R)             0.00      61.09 f
  data arrival time                                                 61.09

  clock clk (rise edge)                                   0.00       0.00
  clock network delay (ideal)                             0.00       0.00
  fifo_mem_reg_5__7_/CLK (DFFHQNx1_ASAP7_75t_R)                      0.00 r
  clock reconvergence pessimism                           0.00       0.00
  clock uncertainty                                     100.00     100.00
  library hold time                                      13.31     113.31
  data required time                                               113.31
  ------------------------------------------------------------------------------
  data required time                                               113.31
  data arrival time                                                -61.09
  ------------------------------------------------------------------------------
  slack (VIOLATED)                                                 -52.22


  Startpoint: fifo_mem_reg_5__6_
               (rising edge-triggered flip-flop clocked by clk)
  Endpoint: fifo_mem_reg_5__6_
               (rising edge-triggered flip-flop clocked by clk)
  Path Group: clk
  Path Type: min

  Point                                                   Incr       Path
  ------------------------------------------------------------------------------
  clock clk (rise edge)                                   0.00       0.00
  clock network delay (ideal)                             0.00       0.00
  fifo_mem_reg_5__6_/CLK (DFFHQNx1_ASAP7_75t_R)           0.00       0.00 r
  fifo_mem_reg_5__6_/QN (DFFHQNx1_ASAP7_75t_R)           48.61      48.61 r
  U586/Y (AOI22xp33_ASAP7_75t_R)                         12.48      61.09 f
  fifo_mem_reg_5__6_/D (DFFHQNx1_ASAP7_75t_R)             0.00      61.09 f
  data arrival time                                                 61.09

  clock clk (rise edge)                                   0.00       0.00
  clock network delay (ideal)                             0.00       0.00
  fifo_mem_reg_5__6_/CLK (DFFHQNx1_ASAP7_75t_R)                      0.00 r
  clock reconvergence pessimism                           0.00       0.00
  clock uncertainty                                     100.00     100.00
  library hold time                                      13.31     113.31
  data required time                                               113.31
  ------------------------------------------------------------------------------
  data required time                                               113.31
  data arrival time                                                -61.09
  ------------------------------------------------------------------------------
  slack (VIOLATED)                                                 -52.22


  Startpoint: fifo_mem_reg_5__5_
               (rising edge-triggered flip-flop clocked by clk)
  Endpoint: fifo_mem_reg_5__5_
               (rising edge-triggered flip-flop clocked by clk)
  Path Group: clk
  Path Type: min

  Point                                                   Incr       Path
  ------------------------------------------------------------------------------
  clock clk (rise edge)                                   0.00       0.00
  clock network delay (ideal)                             0.00       0.00
  fifo_mem_reg_5__5_/CLK (DFFHQNx1_ASAP7_75t_R)           0.00       0.00 r
  fifo_mem_reg_5__5_/QN (DFFHQNx1_ASAP7_75t_R)           48.61      48.61 r
  U585/Y (AOI22xp33_ASAP7_75t_R)                         12.48      61.09 f
  fifo_mem_reg_5__5_/D (DFFHQNx1_ASAP7_75t_R)             0.00      61.09 f
  data arrival time                                                 61.09

  clock clk (rise edge)                                   0.00       0.00
  clock network delay (ideal)                             0.00       0.00
  fifo_mem_reg_5__5_/CLK (DFFHQNx1_ASAP7_75t_R)                      0.00 r
  clock reconvergence pessimism                           0.00       0.00
  clock uncertainty                                     100.00     100.00
  library hold time                                      13.31     113.31
  data required time                                               113.31
  ------------------------------------------------------------------------------
  data required time                                               113.31
  data arrival time                                                -61.09
  ------------------------------------------------------------------------------
  slack (VIOLATED)                                                 -52.22


  Startpoint: fifo_mem_reg_5__4_
               (rising edge-triggered flip-flop clocked by clk)
  Endpoint: fifo_mem_reg_5__4_
               (rising edge-triggered flip-flop clocked by clk)
  Path Group: clk
  Path Type: min

  Point                                                   Incr       Path
  ------------------------------------------------------------------------------
  clock clk (rise edge)                                   0.00       0.00
  clock network delay (ideal)                             0.00       0.00
  fifo_mem_reg_5__4_/CLK (DFFHQNx1_ASAP7_75t_R)           0.00       0.00 r
  fifo_mem_reg_5__4_/QN (DFFHQNx1_ASAP7_75t_R)           48.61      48.61 r
  U584/Y (AOI22xp33_ASAP7_75t_R)                         12.48      61.09 f
  fifo_mem_reg_5__4_/D (DFFHQNx1_ASAP7_75t_R)             0.00      61.09 f
  data arrival time                                                 61.09

  clock clk (rise edge)                                   0.00       0.00
  clock network delay (ideal)                             0.00       0.00
  fifo_mem_reg_5__4_/CLK (DFFHQNx1_ASAP7_75t_R)                      0.00 r
  clock reconvergence pessimism                           0.00       0.00
  clock uncertainty                                     100.00     100.00
  library hold time                                      13.31     113.31
  data required time                                               113.31
  ------------------------------------------------------------------------------
  data required time                                               113.31
  data arrival time                                                -61.09
  ------------------------------------------------------------------------------
  slack (VIOLATED)                                                 -52.22


  Startpoint: fifo_mem_reg_5__3_
               (rising edge-triggered flip-flop clocked by clk)
  Endpoint: fifo_mem_reg_5__3_
               (rising edge-triggered flip-flop clocked by clk)
  Path Group: clk
  Path Type: min

  Point                                                   Incr       Path
  ------------------------------------------------------------------------------
  clock clk (rise edge)                                   0.00       0.00
  clock network delay (ideal)                             0.00       0.00
  fifo_mem_reg_5__3_/CLK (DFFHQNx1_ASAP7_75t_R)           0.00       0.00 r
  fifo_mem_reg_5__3_/QN (DFFHQNx1_ASAP7_75t_R)           48.61      48.61 r
  U583/Y (AOI22xp33_ASAP7_75t_R)                         12.48      61.09 f
  fifo_mem_reg_5__3_/D (DFFHQNx1_ASAP7_75t_R)             0.00      61.09 f
  data arrival time                                                 61.09

  clock clk (rise edge)                                   0.00       0.00
  clock network delay (ideal)                             0.00       0.00
  fifo_mem_reg_5__3_/CLK (DFFHQNx1_ASAP7_75t_R)                      0.00 r
  clock reconvergence pessimism                           0.00       0.00
  clock uncertainty                                     100.00     100.00
  library hold time                                      13.31     113.31
  data required time                                               113.31
  ------------------------------------------------------------------------------
  data required time                                               113.31
  data arrival time                                                -61.09
  ------------------------------------------------------------------------------
  slack (VIOLATED)                                                 -52.22


  Startpoint: fifo_mem_reg_5__2_
               (rising edge-triggered flip-flop clocked by clk)
  Endpoint: fifo_mem_reg_5__2_
               (rising edge-triggered flip-flop clocked by clk)
  Path Group: clk
  Path Type: min

  Point                                                   Incr       Path
  ------------------------------------------------------------------------------
  clock clk (rise edge)                                   0.00       0.00
  clock network delay (ideal)                             0.00       0.00
  fifo_mem_reg_5__2_/CLK (DFFHQNx1_ASAP7_75t_R)           0.00       0.00 r
  fifo_mem_reg_5__2_/QN (DFFHQNx1_ASAP7_75t_R)           48.61      48.61 r
  U582/Y (AOI22xp33_ASAP7_75t_R)                         12.48      61.09 f
  fifo_mem_reg_5__2_/D (DFFHQNx1_ASAP7_75t_R)             0.00      61.09 f
  data arrival time                                                 61.09

  clock clk (rise edge)                                   0.00       0.00
  clock network delay (ideal)                             0.00       0.00
  fifo_mem_reg_5__2_/CLK (DFFHQNx1_ASAP7_75t_R)                      0.00 r
  clock reconvergence pessimism                           0.00       0.00
  clock uncertainty                                     100.00     100.00
  library hold time                                      13.31     113.31
  data required time                                               113.31
  ------------------------------------------------------------------------------
  data required time                                               113.31
  data arrival time                                                -61.09
  ------------------------------------------------------------------------------
  slack (VIOLATED)                                                 -52.22


  Startpoint: fifo_mem_reg_5__1_
               (rising edge-triggered flip-flop clocked by clk)
  Endpoint: fifo_mem_reg_5__1_
               (rising edge-triggered flip-flop clocked by clk)
  Path Group: clk
  Path Type: min

  Point                                                   Incr       Path
  ------------------------------------------------------------------------------
  clock clk (rise edge)                                   0.00       0.00
  clock network delay (ideal)                             0.00       0.00
  fifo_mem_reg_5__1_/CLK (DFFHQNx1_ASAP7_75t_R)           0.00       0.00 r
  fifo_mem_reg_5__1_/QN (DFFHQNx1_ASAP7_75t_R)           48.61      48.61 r
  U581/Y (AOI22xp33_ASAP7_75t_R)                         12.48      61.09 f
  fifo_mem_reg_5__1_/D (DFFHQNx1_ASAP7_75t_R)             0.00      61.09 f
  data arrival time                                                 61.09

  clock clk (rise edge)                                   0.00       0.00
  clock network delay (ideal)                             0.00       0.00
  fifo_mem_reg_5__1_/CLK (DFFHQNx1_ASAP7_75t_R)                      0.00 r
  clock reconvergence pessimism                           0.00       0.00
  clock uncertainty                                     100.00     100.00
  library hold time                                      13.31     113.31
  data required time                                               113.31
  ------------------------------------------------------------------------------
  data required time                                               113.31
  data arrival time                                                -61.09
  ------------------------------------------------------------------------------
  slack (VIOLATED)                                                 -52.22


  Startpoint: fifo_mem_reg_7__0_
               (rising edge-triggered flip-flop clocked by clk)
  Endpoint: fifo_mem_reg_7__0_
               (rising edge-triggered flip-flop clocked by clk)
  Path Group: clk
  Path Type: min

  Point                                                   Incr       Path
  ------------------------------------------------------------------------------
  clock clk (rise edge)                                   0.00       0.00
  clock network delay (ideal)                             0.00       0.00
  fifo_mem_reg_7__0_/CLK (DFFHQNx1_ASAP7_75t_R)           0.00       0.00 r
  fifo_mem_reg_7__0_/QN (DFFHQNx1_ASAP7_75t_R)           48.73      48.73 r
  U530/Y (AOI22xp33_ASAP7_75t_R)                         12.51      61.24 f
  fifo_mem_reg_7__0_/D (DFFHQNx1_ASAP7_75t_R)             0.00      61.24 f
  data arrival time                                                 61.24

  clock clk (rise edge)                                   0.00       0.00
  clock network delay (ideal)                             0.00       0.00
  fifo_mem_reg_7__0_/CLK (DFFHQNx1_ASAP7_75t_R)                      0.00 r
  clock reconvergence pessimism                           0.00       0.00
  clock uncertainty                                     100.00     100.00
  library hold time                                      13.30     113.30
  data required time                                               113.30
  ------------------------------------------------------------------------------
  data required time                                               113.30
  data arrival time                                                -61.24
  ------------------------------------------------------------------------------
  slack (VIOLATED)                                                 -52.06


  Startpoint: fifo_mem_reg_2__0_
               (rising edge-triggered flip-flop clocked by clk)
  Endpoint: fifo_mem_reg_2__0_
               (rising edge-triggered flip-flop clocked by clk)
  Path Group: clk
  Path Type: min

  Point                                                   Incr       Path
  ------------------------------------------------------------------------------
  clock clk (rise edge)                                   0.00       0.00
  clock network delay (ideal)                             0.00       0.00
  fifo_mem_reg_2__0_/CLK (DFFHQNx1_ASAP7_75t_R)           0.00       0.00 r
  fifo_mem_reg_2__0_/QN (DFFHQNx1_ASAP7_75t_R)           48.73      48.73 r
  U504/Y (AOI22xp33_ASAP7_75t_R)                         12.51      61.24 f
  fifo_mem_reg_2__0_/D (DFFHQNx1_ASAP7_75t_R)             0.00      61.24 f
  data arrival time                                                 61.24

  clock clk (rise edge)                                   0.00       0.00
  clock network delay (ideal)                             0.00       0.00
  fifo_mem_reg_2__0_/CLK (DFFHQNx1_ASAP7_75t_R)                      0.00 r
  clock reconvergence pessimism                           0.00       0.00
  clock uncertainty                                     100.00     100.00
  library hold time                                      13.30     113.30
  data required time                                               113.30
  ------------------------------------------------------------------------------
  data required time                                               113.30
  data arrival time                                                -61.24
  ------------------------------------------------------------------------------
  slack (VIOLATED)                                                 -52.06


  Startpoint: fifo_mem_reg_3__0_
               (rising edge-triggered flip-flop clocked by clk)
  Endpoint: fifo_mem_reg_3__0_
               (rising edge-triggered flip-flop clocked by clk)
  Path Group: clk
  Path Type: min

  Point                                                   Incr       Path
  ------------------------------------------------------------------------------
  clock clk (rise edge)                                   0.00       0.00
  clock network delay (ideal)                             0.00       0.00
  fifo_mem_reg_3__0_/CLK (DFFHQNx1_ASAP7_75t_R)           0.00       0.00 r
  fifo_mem_reg_3__0_/QN (DFFHQNx1_ASAP7_75t_R)           48.73      48.73 r
  U523/Y (AOI22xp33_ASAP7_75t_R)                         12.51      61.24 f
  fifo_mem_reg_3__0_/D (DFFHQNx1_ASAP7_75t_R)             0.00      61.24 f
  data arrival time                                                 61.24

  clock clk (rise edge)                                   0.00       0.00
  clock network delay (ideal)                             0.00       0.00
  fifo_mem_reg_3__0_/CLK (DFFHQNx1_ASAP7_75t_R)                      0.00 r
  clock reconvergence pessimism                           0.00       0.00
  clock uncertainty                                     100.00     100.00
  library hold time                                      13.30     113.30
  data required time                                               113.30
  ------------------------------------------------------------------------------
  data required time                                               113.30
  data arrival time                                                -61.24
  ------------------------------------------------------------------------------
  slack (VIOLATED)                                                 -52.06


  Startpoint: fifo_mem_reg_6__0_
               (rising edge-triggered flip-flop clocked by clk)
  Endpoint: fifo_mem_reg_6__0_
               (rising edge-triggered flip-flop clocked by clk)
  Path Group: clk
  Path Type: min

  Point                                                   Incr       Path
  ------------------------------------------------------------------------------
  clock clk (rise edge)                                   0.00       0.00
  clock network delay (ideal)                             0.00       0.00
  fifo_mem_reg_6__0_/CLK (DFFHQNx1_ASAP7_75t_R)           0.00       0.00 r
  fifo_mem_reg_6__0_/QN (DFFHQNx1_ASAP7_75t_R)           48.73      48.73 r
  U554/Y (AOI22xp33_ASAP7_75t_R)                         12.51      61.24 f
  fifo_mem_reg_6__0_/D (DFFHQNx1_ASAP7_75t_R)             0.00      61.24 f
  data arrival time                                                 61.24

  clock clk (rise edge)                                   0.00       0.00
  clock network delay (ideal)                             0.00       0.00
  fifo_mem_reg_6__0_/CLK (DFFHQNx1_ASAP7_75t_R)                      0.00 r
  clock reconvergence pessimism                           0.00       0.00
  clock uncertainty                                     100.00     100.00
  library hold time                                      13.30     113.30
  data required time                                               113.30
  ------------------------------------------------------------------------------
  data required time                                               113.30
  data arrival time                                                -61.24
  ------------------------------------------------------------------------------
  slack (VIOLATED)                                                 -52.06


  Startpoint: fifo_mem_reg_0__0_
               (rising edge-triggered flip-flop clocked by clk)
  Endpoint: fifo_mem_reg_0__0_
               (rising edge-triggered flip-flop clocked by clk)
  Path Group: clk
  Path Type: min

  Point                                                   Incr       Path
  ------------------------------------------------------------------------------
  clock clk (rise edge)                                   0.00       0.00
  clock network delay (ideal)                             0.00       0.00
  fifo_mem_reg_0__0_/CLK (DFFHQNx1_ASAP7_75t_R)           0.00       0.00 r
  fifo_mem_reg_0__0_/QN (DFFHQNx1_ASAP7_75t_R)           48.82      48.82 r
  U450/Y (AOI22xp33_ASAP7_75t_R)                         12.53      61.36 f
  fifo_mem_reg_0__0_/D (DFFHQNx1_ASAP7_75t_R)             0.00      61.36 f
  data arrival time                                                 61.36

  clock clk (rise edge)                                   0.00       0.00
  clock network delay (ideal)                             0.00       0.00
  fifo_mem_reg_0__0_/CLK (DFFHQNx1_ASAP7_75t_R)                      0.00 r
  clock reconvergence pessimism                           0.00       0.00
  clock uncertainty                                     100.00     100.00
  library hold time                                      13.29     113.29
  data required time                                               113.29
  ------------------------------------------------------------------------------
  data required time                                               113.29
  data arrival time                                                -61.36
  ------------------------------------------------------------------------------
  slack (VIOLATED)                                                 -51.93


  Startpoint: fifo_mem_reg_1__0_
               (rising edge-triggered flip-flop clocked by clk)
  Endpoint: fifo_mem_reg_1__0_
               (rising edge-triggered flip-flop clocked by clk)
  Path Group: clk
  Path Type: min

  Point                                                   Incr       Path
  ------------------------------------------------------------------------------
  clock clk (rise edge)                                   0.00       0.00
  clock network delay (ideal)                             0.00       0.00
  fifo_mem_reg_1__0_/CLK (DFFHQNx1_ASAP7_75t_R)           0.00       0.00 r
  fifo_mem_reg_1__0_/QN (DFFHQNx1_ASAP7_75t_R)           48.82      48.82 r
  U475/Y (AOI22xp33_ASAP7_75t_R)                         12.53      61.36 f
  fifo_mem_reg_1__0_/D (DFFHQNx1_ASAP7_75t_R)             0.00      61.36 f
  data arrival time                                                 61.36

  clock clk (rise edge)                                   0.00       0.00
  clock network delay (ideal)                             0.00       0.00
  fifo_mem_reg_1__0_/CLK (DFFHQNx1_ASAP7_75t_R)                      0.00 r
  clock reconvergence pessimism                           0.00       0.00
  clock uncertainty                                     100.00     100.00
  library hold time                                      13.29     113.29
  data required time                                               113.29
  ------------------------------------------------------------------------------
  data required time                                               113.29
  data arrival time                                                -61.36
  ------------------------------------------------------------------------------
  slack (VIOLATED)                                                 -51.93


  Startpoint: fifo_mem_reg_4__0_
               (rising edge-triggered flip-flop clocked by clk)
  Endpoint: fifo_mem_reg_4__0_
               (rising edge-triggered flip-flop clocked by clk)
  Path Group: clk
  Path Type: min

  Point                                                   Incr       Path
  ------------------------------------------------------------------------------
  clock clk (rise edge)                                   0.00       0.00
  clock network delay (ideal)                             0.00       0.00
  fifo_mem_reg_4__0_/CLK (DFFHQNx1_ASAP7_75t_R)           0.00       0.00 r
  fifo_mem_reg_4__0_/QN (DFFHQNx1_ASAP7_75t_R)           48.82      48.82 r
  U603/Y (AOI22xp33_ASAP7_75t_R)                         12.53      61.36 f
  fifo_mem_reg_4__0_/D (DFFHQNx1_ASAP7_75t_R)             0.00      61.36 f
  data arrival time                                                 61.36

  clock clk (rise edge)                                   0.00       0.00
  clock network delay (ideal)                             0.00       0.00
  fifo_mem_reg_4__0_/CLK (DFFHQNx1_ASAP7_75t_R)                      0.00 r
  clock reconvergence pessimism                           0.00       0.00
  clock uncertainty                                     100.00     100.00
  library hold time                                      13.29     113.29
  data required time                                               113.29
  ------------------------------------------------------------------------------
  data required time                                               113.29
  data arrival time                                                -61.36
  ------------------------------------------------------------------------------
  slack (VIOLATED)                                                 -51.93


  Startpoint: fifo_mem_reg_5__0_
               (rising edge-triggered flip-flop clocked by clk)
  Endpoint: fifo_mem_reg_5__0_
               (rising edge-triggered flip-flop clocked by clk)
  Path Group: clk
  Path Type: min

  Point                                                   Incr       Path
  ------------------------------------------------------------------------------
  clock clk (rise edge)                                   0.00       0.00
  clock network delay (ideal)                             0.00       0.00
  fifo_mem_reg_5__0_/CLK (DFFHQNx1_ASAP7_75t_R)           0.00       0.00 r
  fifo_mem_reg_5__0_/QN (DFFHQNx1_ASAP7_75t_R)           48.82      48.82 r
  U578/Y (AOI22xp33_ASAP7_75t_R)                         12.53      61.36 f
  fifo_mem_reg_5__0_/D (DFFHQNx1_ASAP7_75t_R)             0.00      61.36 f
  data arrival time                                                 61.36

  clock clk (rise edge)                                   0.00       0.00
  clock network delay (ideal)                             0.00       0.00
  fifo_mem_reg_5__0_/CLK (DFFHQNx1_ASAP7_75t_R)                      0.00 r
  clock reconvergence pessimism                           0.00       0.00
  clock uncertainty                                     100.00     100.00
  library hold time                                      13.29     113.29
  data required time                                               113.29
  ------------------------------------------------------------------------------
  data required time                                               113.29
  data arrival time                                                -61.36
  ------------------------------------------------------------------------------
  slack (VIOLATED)                                                 -51.93


  Startpoint: fifo_full_o_reg
               (rising edge-triggered flip-flop clocked by clk)
  Endpoint: fifo_full_o_reg
               (rising edge-triggered flip-flop clocked by clk)
  Path Group: clk
  Path Type: min

  Point                                                   Incr       Path
  ------------------------------------------------------------------------------
  clock clk (rise edge)                                   0.00       0.00
  clock network delay (ideal)                             0.00       0.00
  fifo_full_o_reg/CLK (ASYNC_DFFHx1_ASAP7_75t_R)          0.00       0.00 r
  fifo_full_o_reg/QN (ASYNC_DFFHx1_ASAP7_75t_R)          56.05      56.05 r
  U761/Y (OAI32xp33_ASAP7_75t_R)                         12.16      68.21 f
  fifo_full_o_reg/D (ASYNC_DFFHx1_ASAP7_75t_R)            0.00      68.21 f
  data arrival time                                                 68.21

  clock clk (rise edge)                                   0.00       0.00
  clock network delay (ideal)                             0.00       0.00
  fifo_full_o_reg/CLK (ASYNC_DFFHx1_ASAP7_75t_R)                     0.00 r
  clock reconvergence pessimism                           0.00       0.00
  clock uncertainty                                     100.00     100.00
  library hold time                                       7.21     107.21
  data required time                                               107.21
  ------------------------------------------------------------------------------
  data required time                                               107.21
  data arrival time                                                -68.21
  ------------------------------------------------------------------------------
  slack (VIOLATED)                                                 -39.00


  Startpoint: write_pointer_reg_3_
               (rising edge-triggered flip-flop clocked by clk)
  Endpoint: write_pointer_reg_3_
               (rising edge-triggered flip-flop clocked by clk)
  Path Group: clk
  Path Type: min

  Point                                                   Incr       Path
  ------------------------------------------------------------------------------
  clock clk (rise edge)                                   0.00       0.00
  clock network delay (ideal)                             0.00       0.00
  write_pointer_reg_3_/CLK (ASYNC_DFFHx1_ASAP7_75t_R)     0.00       0.00 r
  write_pointer_reg_3_/QN (ASYNC_DFFHx1_ASAP7_75t_R)     55.94      55.94 r
  U627/SN (HAxp5_ASAP7_75t_R)                            17.67      73.61 f
  write_pointer_reg_3_/D (ASYNC_DFFHx1_ASAP7_75t_R)       0.00      73.61 f
  data arrival time                                                 73.61

  clock clk (rise edge)                                   0.00       0.00
  clock network delay (ideal)                             0.00       0.00
  write_pointer_reg_3_/CLK (ASYNC_DFFHx1_ASAP7_75t_R)                0.00 r
  clock reconvergence pessimism                           0.00       0.00
  clock uncertainty                                     100.00     100.00
  library hold time                                       6.77     106.77
  data required time                                               106.77
  ------------------------------------------------------------------------------
  data required time                                               106.77
  data arrival time                                                -73.61
  ------------------------------------------------------------------------------
  slack (VIOLATED)                                                 -33.16


  Startpoint: fifo_mem_reg_2__1_
               (rising edge-triggered flip-flop clocked by clk)
  Endpoint: read_data_q_reg_1_
               (rising edge-triggered flip-flop clocked by clk)
  Path Group: clk
  Path Type: min

  Point                                                   Incr       Path
  ------------------------------------------------------------------------------
  clock clk (rise edge)                                   0.00       0.00
  clock network delay (ideal)                             0.00       0.00
  fifo_mem_reg_2__1_/CLK (DFFHQNx1_ASAP7_75t_R)           0.00       0.00 r
  fifo_mem_reg_2__1_/QN (DFFHQNx1_ASAP7_75t_R)           47.35      47.35 f
  U641/Y (AOI22xp33_ASAP7_75t_R)                         11.23      58.58 r
  U645/Y (NAND4xp25_ASAP7_75t_R)                         14.30      72.88 f
  read_data_q_reg_1_/D (ASYNC_DFFHx1_ASAP7_75t_R)         0.00      72.88 f
  data arrival time                                                 72.88

  clock clk (rise edge)                                   0.00       0.00
  clock network delay (ideal)                             0.00       0.00
  read_data_q_reg_1_/CLK (ASYNC_DFFHx1_ASAP7_75t_R)                  0.00 r
  clock reconvergence pessimism                           0.00       0.00
  clock uncertainty                                     100.00     100.00
  library hold time                                       5.18     105.18
  data required time                                               105.18
  ------------------------------------------------------------------------------
  data required time                                               105.18
  data arrival time                                                -72.88
  ------------------------------------------------------------------------------
  slack (VIOLATED)                                                 -32.31


  Startpoint: fifo_mem_reg_2__2_
               (rising edge-triggered flip-flop clocked by clk)
  Endpoint: read_data_q_reg_2_
               (rising edge-triggered flip-flop clocked by clk)
  Path Group: clk
  Path Type: min

  Point                                                   Incr       Path
  ------------------------------------------------------------------------------
  clock clk (rise edge)                                   0.00       0.00
  clock network delay (ideal)                             0.00       0.00
  fifo_mem_reg_2__2_/CLK (DFFHQNx1_ASAP7_75t_R)           0.00       0.00 r
  fifo_mem_reg_2__2_/QN (DFFHQNx1_ASAP7_75t_R)           47.35      47.35 f
  U646/Y (AOI22xp33_ASAP7_75t_R)                         11.23      58.58 r
  U650/Y (NAND4xp25_ASAP7_75t_R)                         14.30      72.88 f
  read_data_q_reg_2_/D (ASYNC_DFFHx1_ASAP7_75t_R)         0.00      72.88 f
  data arrival time                                                 72.88

  clock clk (rise edge)                                   0.00       0.00
  clock network delay (ideal)                             0.00       0.00
  read_data_q_reg_2_/CLK (ASYNC_DFFHx1_ASAP7_75t_R)                  0.00 r
  clock reconvergence pessimism                           0.00       0.00
  clock uncertainty                                     100.00     100.00
  library hold time                                       5.18     105.18
  data required time                                               105.18
  ------------------------------------------------------------------------------
  data required time                                               105.18
  data arrival time                                                -72.88
  ------------------------------------------------------------------------------
  slack (VIOLATED)                                                 -32.31


  Startpoint: fifo_mem_reg_2__3_
               (rising edge-triggered flip-flop clocked by clk)
  Endpoint: read_data_q_reg_3_
               (rising edge-triggered flip-flop clocked by clk)
  Path Group: clk
  Path Type: min

  Point                                                   Incr       Path
  ------------------------------------------------------------------------------
  clock clk (rise edge)                                   0.00       0.00
  clock network delay (ideal)                             0.00       0.00
  fifo_mem_reg_2__3_/CLK (DFFHQNx1_ASAP7_75t_R)           0.00       0.00 r
  fifo_mem_reg_2__3_/QN (DFFHQNx1_ASAP7_75t_R)           47.35      47.35 f
  U651/Y (AOI22xp33_ASAP7_75t_R)                         11.23      58.58 r
  U655/Y (NAND4xp25_ASAP7_75t_R)                         14.30      72.88 f
  read_data_q_reg_3_/D (ASYNC_DFFHx1_ASAP7_75t_R)         0.00      72.88 f
  data arrival time                                                 72.88

  clock clk (rise edge)                                   0.00       0.00
  clock network delay (ideal)                             0.00       0.00
  read_data_q_reg_3_/CLK (ASYNC_DFFHx1_ASAP7_75t_R)                  0.00 r
  clock reconvergence pessimism                           0.00       0.00
  clock uncertainty                                     100.00     100.00
  library hold time                                       5.18     105.18
  data required time                                               105.18
  ------------------------------------------------------------------------------
  data required time                                               105.18
  data arrival time                                                -72.88
  ------------------------------------------------------------------------------
  slack (VIOLATED)                                                 -32.31


  Startpoint: fifo_mem_reg_2__4_
               (rising edge-triggered flip-flop clocked by clk)
  Endpoint: read_data_q_reg_4_
               (rising edge-triggered flip-flop clocked by clk)
  Path Group: clk
  Path Type: min

  Point                                                   Incr       Path
  ------------------------------------------------------------------------------
  clock clk (rise edge)                                   0.00       0.00
  clock network delay (ideal)                             0.00       0.00
  fifo_mem_reg_2__4_/CLK (DFFHQNx1_ASAP7_75t_R)           0.00       0.00 r
  fifo_mem_reg_2__4_/QN (DFFHQNx1_ASAP7_75t_R)           47.35      47.35 f
  U656/Y (AOI22xp33_ASAP7_75t_R)                         11.23      58.58 r
  U660/Y (NAND4xp25_ASAP7_75t_R)                         14.30      72.88 f
  read_data_q_reg_4_/D (ASYNC_DFFHx1_ASAP7_75t_R)         0.00      72.88 f
  data arrival time                                                 72.88

  clock clk (rise edge)                                   0.00       0.00
  clock network delay (ideal)                             0.00       0.00
  read_data_q_reg_4_/CLK (ASYNC_DFFHx1_ASAP7_75t_R)                  0.00 r
  clock reconvergence pessimism                           0.00       0.00
  clock uncertainty                                     100.00     100.00
  library hold time                                       5.18     105.18
  data required time                                               105.18
  ------------------------------------------------------------------------------
  data required time                                               105.18
  data arrival time                                                -72.88
  ------------------------------------------------------------------------------
  slack (VIOLATED)                                                 -32.31


  Startpoint: fifo_mem_reg_2__5_
               (rising edge-triggered flip-flop clocked by clk)
  Endpoint: read_data_q_reg_5_
               (rising edge-triggered flip-flop clocked by clk)
  Path Group: clk
  Path Type: min

  Point                                                   Incr       Path
  ------------------------------------------------------------------------------
  clock clk (rise edge)                                   0.00       0.00
  clock network delay (ideal)                             0.00       0.00
  fifo_mem_reg_2__5_/CLK (DFFHQNx1_ASAP7_75t_R)           0.00       0.00 r
  fifo_mem_reg_2__5_/QN (DFFHQNx1_ASAP7_75t_R)           47.35      47.35 f
  U661/Y (AOI22xp33_ASAP7_75t_R)                         11.23      58.58 r
  U665/Y (NAND4xp25_ASAP7_75t_R)                         14.30      72.88 f
  read_data_q_reg_5_/D (ASYNC_DFFHx1_ASAP7_75t_R)         0.00      72.88 f
  data arrival time                                                 72.88

  clock clk (rise edge)                                   0.00       0.00
  clock network delay (ideal)                             0.00       0.00
  read_data_q_reg_5_/CLK (ASYNC_DFFHx1_ASAP7_75t_R)                  0.00 r
  clock reconvergence pessimism                           0.00       0.00
  clock uncertainty                                     100.00     100.00
  library hold time                                       5.18     105.18
  data required time                                               105.18
  ------------------------------------------------------------------------------
  data required time                                               105.18
  data arrival time                                                -72.88
  ------------------------------------------------------------------------------
  slack (VIOLATED)                                                 -32.31


  Startpoint: fifo_mem_reg_2__6_
               (rising edge-triggered flip-flop clocked by clk)
  Endpoint: read_data_q_reg_6_
               (rising edge-triggered flip-flop clocked by clk)
  Path Group: clk
  Path Type: min

  Point                                                   Incr       Path
  ------------------------------------------------------------------------------
  clock clk (rise edge)                                   0.00       0.00
  clock network delay (ideal)                             0.00       0.00
  fifo_mem_reg_2__6_/CLK (DFFHQNx1_ASAP7_75t_R)           0.00       0.00 r
  fifo_mem_reg_2__6_/QN (DFFHQNx1_ASAP7_75t_R)           47.35      47.35 f
  U666/Y (AOI22xp33_ASAP7_75t_R)                         11.23      58.58 r
  U670/Y (NAND4xp25_ASAP7_75t_R)                         14.30      72.88 f
  read_data_q_reg_6_/D (ASYNC_DFFHx1_ASAP7_75t_R)         0.00      72.88 f
  data arrival time                                                 72.88

  clock clk (rise edge)                                   0.00       0.00
  clock network delay (ideal)                             0.00       0.00
  read_data_q_reg_6_/CLK (ASYNC_DFFHx1_ASAP7_75t_R)                  0.00 r
  clock reconvergence pessimism                           0.00       0.00
  clock uncertainty                                     100.00     100.00
  library hold time                                       5.18     105.18
  data required time                                               105.18
  ------------------------------------------------------------------------------
  data required time                                               105.18
  data arrival time                                                -72.88
  ------------------------------------------------------------------------------
  slack (VIOLATED)                                                 -32.31


  Startpoint: fifo_mem_reg_2__7_
               (rising edge-triggered flip-flop clocked by clk)
  Endpoint: read_data_q_reg_7_
               (rising edge-triggered flip-flop clocked by clk)
  Path Group: clk
  Path Type: min

  Point                                                   Incr       Path
  ------------------------------------------------------------------------------
  clock clk (rise edge)                                   0.00       0.00
  clock network delay (ideal)                             0.00       0.00
  fifo_mem_reg_2__7_/CLK (DFFHQNx1_ASAP7_75t_R)           0.00       0.00 r
  fifo_mem_reg_2__7_/QN (DFFHQNx1_ASAP7_75t_R)           47.35      47.35 f
  U671/Y (AOI22xp33_ASAP7_75t_R)                         11.23      58.58 r
  U675/Y (NAND4xp25_ASAP7_75t_R)                         14.30      72.88 f
  read_data_q_reg_7_/D (ASYNC_DFFHx1_ASAP7_75t_R)         0.00      72.88 f
  data arrival time                                                 72.88

  clock clk (rise edge)                                   0.00       0.00
  clock network delay (ideal)                             0.00       0.00
  read_data_q_reg_7_/CLK (ASYNC_DFFHx1_ASAP7_75t_R)                  0.00 r
  clock reconvergence pessimism                           0.00       0.00
  clock uncertainty                                     100.00     100.00
  library hold time                                       5.18     105.18
  data required time                                               105.18
  ------------------------------------------------------------------------------
  data required time                                               105.18
  data arrival time                                                -72.88
  ------------------------------------------------------------------------------
  slack (VIOLATED)                                                 -32.31


  Startpoint: fifo_mem_reg_2__8_
               (rising edge-triggered flip-flop clocked by clk)
  Endpoint: read_data_q_reg_8_
               (rising edge-triggered flip-flop clocked by clk)
  Path Group: clk
  Path Type: min

  Point                                                   Incr       Path
  ------------------------------------------------------------------------------
  clock clk (rise edge)                                   0.00       0.00
  clock network delay (ideal)                             0.00       0.00
  fifo_mem_reg_2__8_/CLK (DFFHQNx1_ASAP7_75t_R)           0.00       0.00 r
  fifo_mem_reg_2__8_/QN (DFFHQNx1_ASAP7_75t_R)           47.35      47.35 f
  U676/Y (AOI22xp33_ASAP7_75t_R)                         11.23      58.58 r
  U680/Y (NAND4xp25_ASAP7_75t_R)                         14.30      72.88 f
  read_data_q_reg_8_/D (ASYNC_DFFHx1_ASAP7_75t_R)         0.00      72.88 f
  data arrival time                                                 72.88

  clock clk (rise edge)                                   0.00       0.00
  clock network delay (ideal)                             0.00       0.00
  read_data_q_reg_8_/CLK (ASYNC_DFFHx1_ASAP7_75t_R)                  0.00 r
  clock reconvergence pessimism                           0.00       0.00
  clock uncertainty                                     100.00     100.00
  library hold time                                       5.18     105.18
  data required time                                               105.18
  ------------------------------------------------------------------------------
  data required time                                               105.18
  data arrival time                                                -72.88
  ------------------------------------------------------------------------------
  slack (VIOLATED)                                                 -32.31


  Startpoint: fifo_mem_reg_2__9_
               (rising edge-triggered flip-flop clocked by clk)
  Endpoint: read_data_q_reg_9_
               (rising edge-triggered flip-flop clocked by clk)
  Path Group: clk
  Path Type: min

  Point                                                   Incr       Path
  ------------------------------------------------------------------------------
  clock clk (rise edge)                                   0.00       0.00
  clock network delay (ideal)                             0.00       0.00
  fifo_mem_reg_2__9_/CLK (DFFHQNx1_ASAP7_75t_R)           0.00       0.00 r
  fifo_mem_reg_2__9_/QN (DFFHQNx1_ASAP7_75t_R)           47.35      47.35 f
  U681/Y (AOI22xp33_ASAP7_75t_R)                         11.23      58.58 r
  U685/Y (NAND4xp25_ASAP7_75t_R)                         14.30      72.88 f
  read_data_q_reg_9_/D (ASYNC_DFFHx1_ASAP7_75t_R)         0.00      72.88 f
  data arrival time                                                 72.88

  clock clk (rise edge)                                   0.00       0.00
  clock network delay (ideal)                             0.00       0.00
  read_data_q_reg_9_/CLK (ASYNC_DFFHx1_ASAP7_75t_R)                  0.00 r
  clock reconvergence pessimism                           0.00       0.00
  clock uncertainty                                     100.00     100.00
  library hold time                                       5.18     105.18
  data required time                                               105.18
  ------------------------------------------------------------------------------
  data required time                                               105.18
  data arrival time                                                -72.88
  ------------------------------------------------------------------------------
  slack (VIOLATED)                                                 -32.31


  Startpoint: fifo_mem_reg_2__10_
               (rising edge-triggered flip-flop clocked by clk)
  Endpoint: read_data_q_reg_10_
               (rising edge-triggered flip-flop clocked by clk)
  Path Group: clk
  Path Type: min

  Point                                                   Incr       Path
  ------------------------------------------------------------------------------
  clock clk (rise edge)                                   0.00       0.00
  clock network delay (ideal)                             0.00       0.00
  fifo_mem_reg_2__10_/CLK (DFFHQNx1_ASAP7_75t_R)          0.00       0.00 r
  fifo_mem_reg_2__10_/QN (DFFHQNx1_ASAP7_75t_R)          47.35      47.35 f
  U686/Y (AOI22xp33_ASAP7_75t_R)                         11.23      58.58 r
  U690/Y (NAND4xp25_ASAP7_75t_R)                         14.30      72.88 f
  read_data_q_reg_10_/D (ASYNC_DFFHx1_ASAP7_75t_R)        0.00      72.88 f
  data arrival time                                                 72.88

  clock clk (rise edge)                                   0.00       0.00
  clock network delay (ideal)                             0.00       0.00
  read_data_q_reg_10_/CLK (ASYNC_DFFHx1_ASAP7_75t_R)                 0.00 r
  clock reconvergence pessimism                           0.00       0.00
  clock uncertainty                                     100.00     100.00
  library hold time                                       5.18     105.18
  data required time                                               105.18
  ------------------------------------------------------------------------------
  data required time                                               105.18
  data arrival time                                                -72.88
  ------------------------------------------------------------------------------
  slack (VIOLATED)                                                 -32.31


  Startpoint: fifo_mem_reg_2__11_
               (rising edge-triggered flip-flop clocked by clk)
  Endpoint: read_data_q_reg_11_
               (rising edge-triggered flip-flop clocked by clk)
  Path Group: clk
  Path Type: min

  Point                                                   Incr       Path
  ------------------------------------------------------------------------------
  clock clk (rise edge)                                   0.00       0.00
  clock network delay (ideal)                             0.00       0.00
  fifo_mem_reg_2__11_/CLK (DFFHQNx1_ASAP7_75t_R)          0.00       0.00 r
  fifo_mem_reg_2__11_/QN (DFFHQNx1_ASAP7_75t_R)          47.35      47.35 f
  U691/Y (AOI22xp33_ASAP7_75t_R)                         11.23      58.58 r
  U695/Y (NAND4xp25_ASAP7_75t_R)                         14.30      72.88 f
  read_data_q_reg_11_/D (ASYNC_DFFHx1_ASAP7_75t_R)        0.00      72.88 f
  data arrival time                                                 72.88

  clock clk (rise edge)                                   0.00       0.00
  clock network delay (ideal)                             0.00       0.00
  read_data_q_reg_11_/CLK (ASYNC_DFFHx1_ASAP7_75t_R)                 0.00 r
  clock reconvergence pessimism                           0.00       0.00
  clock uncertainty                                     100.00     100.00
  library hold time                                       5.18     105.18
  data required time                                               105.18
  ------------------------------------------------------------------------------
  data required time                                               105.18
  data arrival time                                                -72.88
  ------------------------------------------------------------------------------
  slack (VIOLATED)                                                 -32.31


  Startpoint: fifo_mem_reg_2__12_
               (rising edge-triggered flip-flop clocked by clk)
  Endpoint: read_data_q_reg_12_
               (rising edge-triggered flip-flop clocked by clk)
  Path Group: clk
  Path Type: min

  Point                                                   Incr       Path
  ------------------------------------------------------------------------------
  clock clk (rise edge)                                   0.00       0.00
  clock network delay (ideal)                             0.00       0.00
  fifo_mem_reg_2__12_/CLK (DFFHQNx1_ASAP7_75t_R)          0.00       0.00 r
  fifo_mem_reg_2__12_/QN (DFFHQNx1_ASAP7_75t_R)          47.35      47.35 f
  U696/Y (AOI22xp33_ASAP7_75t_R)                         11.23      58.58 r
  U700/Y (NAND4xp25_ASAP7_75t_R)                         14.30      72.88 f
  read_data_q_reg_12_/D (ASYNC_DFFHx1_ASAP7_75t_R)        0.00      72.88 f
  data arrival time                                                 72.88

  clock clk (rise edge)                                   0.00       0.00
  clock network delay (ideal)                             0.00       0.00
  read_data_q_reg_12_/CLK (ASYNC_DFFHx1_ASAP7_75t_R)                 0.00 r
  clock reconvergence pessimism                           0.00       0.00
  clock uncertainty                                     100.00     100.00
  library hold time                                       5.18     105.18
  data required time                                               105.18
  ------------------------------------------------------------------------------
  data required time                                               105.18
  data arrival time                                                -72.88
  ------------------------------------------------------------------------------
  slack (VIOLATED)                                                 -32.31


  Startpoint: fifo_mem_reg_2__13_
               (rising edge-triggered flip-flop clocked by clk)
  Endpoint: read_data_q_reg_13_
               (rising edge-triggered flip-flop clocked by clk)
  Path Group: clk
  Path Type: min

  Point                                                   Incr       Path
  ------------------------------------------------------------------------------
  clock clk (rise edge)                                   0.00       0.00
  clock network delay (ideal)                             0.00       0.00
  fifo_mem_reg_2__13_/CLK (DFFHQNx1_ASAP7_75t_R)          0.00       0.00 r
  fifo_mem_reg_2__13_/QN (DFFHQNx1_ASAP7_75t_R)          47.35      47.35 f
  U701/Y (AOI22xp33_ASAP7_75t_R)                         11.23      58.58 r
  U705/Y (NAND4xp25_ASAP7_75t_R)                         14.30      72.88 f
  read_data_q_reg_13_/D (ASYNC_DFFHx1_ASAP7_75t_R)        0.00      72.88 f
  data arrival time                                                 72.88

  clock clk (rise edge)                                   0.00       0.00
  clock network delay (ideal)                             0.00       0.00
  read_data_q_reg_13_/CLK (ASYNC_DFFHx1_ASAP7_75t_R)                 0.00 r
  clock reconvergence pessimism                           0.00       0.00
  clock uncertainty                                     100.00     100.00
  library hold time                                       5.18     105.18
  data required time                                               105.18
  ------------------------------------------------------------------------------
  data required time                                               105.18
  data arrival time                                                -72.88
  ------------------------------------------------------------------------------
  slack (VIOLATED)                                                 -32.31


  Startpoint: fifo_mem_reg_2__14_
               (rising edge-triggered flip-flop clocked by clk)
  Endpoint: read_data_q_reg_14_
               (rising edge-triggered flip-flop clocked by clk)
  Path Group: clk
  Path Type: min

  Point                                                   Incr       Path
  ------------------------------------------------------------------------------
  clock clk (rise edge)                                   0.00       0.00
  clock network delay (ideal)                             0.00       0.00
  fifo_mem_reg_2__14_/CLK (DFFHQNx1_ASAP7_75t_R)          0.00       0.00 r
  fifo_mem_reg_2__14_/QN (DFFHQNx1_ASAP7_75t_R)          47.35      47.35 f
  U706/Y (AOI22xp33_ASAP7_75t_R)                         11.23      58.58 r
  U710/Y (NAND4xp25_ASAP7_75t_R)                         14.30      72.88 f
  read_data_q_reg_14_/D (ASYNC_DFFHx1_ASAP7_75t_R)        0.00      72.88 f
  data arrival time                                                 72.88

  clock clk (rise edge)                                   0.00       0.00
  clock network delay (ideal)                             0.00       0.00
  read_data_q_reg_14_/CLK (ASYNC_DFFHx1_ASAP7_75t_R)                 0.00 r
  clock reconvergence pessimism                           0.00       0.00
  clock uncertainty                                     100.00     100.00
  library hold time                                       5.18     105.18
  data required time                                               105.18
  ------------------------------------------------------------------------------
  data required time                                               105.18
  data arrival time                                                -72.88
  ------------------------------------------------------------------------------
  slack (VIOLATED)                                                 -32.31


  Startpoint: fifo_mem_reg_2__15_
               (rising edge-triggered flip-flop clocked by clk)
  Endpoint: read_data_q_reg_15_
               (rising edge-triggered flip-flop clocked by clk)
  Path Group: clk
  Path Type: min

  Point                                                   Incr       Path
  ------------------------------------------------------------------------------
  clock clk (rise edge)                                   0.00       0.00
  clock network delay (ideal)                             0.00       0.00
  fifo_mem_reg_2__15_/CLK (DFFHQNx1_ASAP7_75t_R)          0.00       0.00 r
  fifo_mem_reg_2__15_/QN (DFFHQNx1_ASAP7_75t_R)          47.35      47.35 f
  U711/Y (AOI22xp33_ASAP7_75t_R)                         11.23      58.58 r
  U715/Y (NAND4xp25_ASAP7_75t_R)                         14.30      72.88 f
  read_data_q_reg_15_/D (ASYNC_DFFHx1_ASAP7_75t_R)        0.00      72.88 f
  data arrival time                                                 72.88

  clock clk (rise edge)                                   0.00       0.00
  clock network delay (ideal)                             0.00       0.00
  read_data_q_reg_15_/CLK (ASYNC_DFFHx1_ASAP7_75t_R)                 0.00 r
  clock reconvergence pessimism                           0.00       0.00
  clock uncertainty                                     100.00     100.00
  library hold time                                       5.18     105.18
  data required time                                               105.18
  ------------------------------------------------------------------------------
  data required time                                               105.18
  data arrival time                                                -72.88
  ------------------------------------------------------------------------------
  slack (VIOLATED)                                                 -32.31


  Startpoint: fifo_mem_reg_2__16_
               (rising edge-triggered flip-flop clocked by clk)
  Endpoint: read_data_q_reg_16_
               (rising edge-triggered flip-flop clocked by clk)
  Path Group: clk
  Path Type: min

  Point                                                   Incr       Path
  ------------------------------------------------------------------------------
  clock clk (rise edge)                                   0.00       0.00
  clock network delay (ideal)                             0.00       0.00
  fifo_mem_reg_2__16_/CLK (DFFHQNx1_ASAP7_75t_R)          0.00       0.00 r
  fifo_mem_reg_2__16_/QN (DFFHQNx1_ASAP7_75t_R)          47.35      47.35 f
  U716/Y (AOI22xp33_ASAP7_75t_R)                         11.23      58.58 r
  U720/Y (NAND4xp25_ASAP7_75t_R)                         14.30      72.88 f
  read_data_q_reg_16_/D (ASYNC_DFFHx1_ASAP7_75t_R)        0.00      72.88 f
  data arrival time                                                 72.88

  clock clk (rise edge)                                   0.00       0.00
  clock network delay (ideal)                             0.00       0.00
  read_data_q_reg_16_/CLK (ASYNC_DFFHx1_ASAP7_75t_R)                 0.00 r
  clock reconvergence pessimism                           0.00       0.00
  clock uncertainty                                     100.00     100.00
  library hold time                                       5.18     105.18
  data required time                                               105.18
  ------------------------------------------------------------------------------
  data required time                                               105.18
  data arrival time                                                -72.88
  ------------------------------------------------------------------------------
  slack (VIOLATED)                                                 -32.31


  Startpoint: fifo_mem_reg_2__17_
               (rising edge-triggered flip-flop clocked by clk)
  Endpoint: read_data_q_reg_17_
               (rising edge-triggered flip-flop clocked by clk)
  Path Group: clk
  Path Type: min

  Point                                                   Incr       Path
  ------------------------------------------------------------------------------
  clock clk (rise edge)                                   0.00       0.00
  clock network delay (ideal)                             0.00       0.00
  fifo_mem_reg_2__17_/CLK (DFFHQNx1_ASAP7_75t_R)          0.00       0.00 r
  fifo_mem_reg_2__17_/QN (DFFHQNx1_ASAP7_75t_R)          47.35      47.35 f
  U721/Y (AOI22xp33_ASAP7_75t_R)                         11.23      58.58 r
  U725/Y (NAND4xp25_ASAP7_75t_R)                         14.30      72.88 f
  read_data_q_reg_17_/D (ASYNC_DFFHx1_ASAP7_75t_R)        0.00      72.88 f
  data arrival time                                                 72.88

  clock clk (rise edge)                                   0.00       0.00
  clock network delay (ideal)                             0.00       0.00
  read_data_q_reg_17_/CLK (ASYNC_DFFHx1_ASAP7_75t_R)                 0.00 r
  clock reconvergence pessimism                           0.00       0.00
  clock uncertainty                                     100.00     100.00
  library hold time                                       5.18     105.18
  data required time                                               105.18
  ------------------------------------------------------------------------------
  data required time                                               105.18
  data arrival time                                                -72.88
  ------------------------------------------------------------------------------
  slack (VIOLATED)                                                 -32.31


  Startpoint: fifo_mem_reg_2__18_
               (rising edge-triggered flip-flop clocked by clk)
  Endpoint: read_data_q_reg_18_
               (rising edge-triggered flip-flop clocked by clk)
  Path Group: clk
  Path Type: min

  Point                                                   Incr       Path
  ------------------------------------------------------------------------------
  clock clk (rise edge)                                   0.00       0.00
  clock network delay (ideal)                             0.00       0.00
  fifo_mem_reg_2__18_/CLK (DFFHQNx1_ASAP7_75t_R)          0.00       0.00 r
  fifo_mem_reg_2__18_/QN (DFFHQNx1_ASAP7_75t_R)          47.35      47.35 f
  U726/Y (AOI22xp33_ASAP7_75t_R)                         11.23      58.58 r
  U730/Y (NAND4xp25_ASAP7_75t_R)                         14.30      72.88 f
  read_data_q_reg_18_/D (ASYNC_DFFHx1_ASAP7_75t_R)        0.00      72.88 f
  data arrival time                                                 72.88

  clock clk (rise edge)                                   0.00       0.00
  clock network delay (ideal)                             0.00       0.00
  read_data_q_reg_18_/CLK (ASYNC_DFFHx1_ASAP7_75t_R)                 0.00 r
  clock reconvergence pessimism                           0.00       0.00
  clock uncertainty                                     100.00     100.00
  library hold time                                       5.18     105.18
  data required time                                               105.18
  ------------------------------------------------------------------------------
  data required time                                               105.18
  data arrival time                                                -72.88
  ------------------------------------------------------------------------------
  slack (VIOLATED)                                                 -32.31


  Startpoint: fifo_mem_reg_2__19_
               (rising edge-triggered flip-flop clocked by clk)
  Endpoint: read_data_q_reg_19_
               (rising edge-triggered flip-flop clocked by clk)
  Path Group: clk
  Path Type: min

  Point                                                   Incr       Path
  ------------------------------------------------------------------------------
  clock clk (rise edge)                                   0.00       0.00
  clock network delay (ideal)                             0.00       0.00
  fifo_mem_reg_2__19_/CLK (DFFHQNx1_ASAP7_75t_R)          0.00       0.00 r
  fifo_mem_reg_2__19_/QN (DFFHQNx1_ASAP7_75t_R)          47.35      47.35 f
  U731/Y (AOI22xp33_ASAP7_75t_R)                         11.23      58.58 r
  U735/Y (NAND4xp25_ASAP7_75t_R)                         14.30      72.88 f
  read_data_q_reg_19_/D (ASYNC_DFFHx1_ASAP7_75t_R)        0.00      72.88 f
  data arrival time                                                 72.88

  clock clk (rise edge)                                   0.00       0.00
  clock network delay (ideal)                             0.00       0.00
  read_data_q_reg_19_/CLK (ASYNC_DFFHx1_ASAP7_75t_R)                 0.00 r
  clock reconvergence pessimism                           0.00       0.00
  clock uncertainty                                     100.00     100.00
  library hold time                                       5.18     105.18
  data required time                                               105.18
  ------------------------------------------------------------------------------
  data required time                                               105.18
  data arrival time                                                -72.88
  ------------------------------------------------------------------------------
  slack (VIOLATED)                                                 -32.31


  Startpoint: fifo_mem_reg_2__20_
               (rising edge-triggered flip-flop clocked by clk)
  Endpoint: read_data_q_reg_20_
               (rising edge-triggered flip-flop clocked by clk)
  Path Group: clk
  Path Type: min

  Point                                                   Incr       Path
  ------------------------------------------------------------------------------
  clock clk (rise edge)                                   0.00       0.00
  clock network delay (ideal)                             0.00       0.00
  fifo_mem_reg_2__20_/CLK (DFFHQNx1_ASAP7_75t_R)          0.00       0.00 r
  fifo_mem_reg_2__20_/QN (DFFHQNx1_ASAP7_75t_R)          47.35      47.35 f
  U736/Y (AOI22xp33_ASAP7_75t_R)                         11.23      58.58 r
  U740/Y (NAND4xp25_ASAP7_75t_R)                         14.30      72.88 f
  read_data_q_reg_20_/D (ASYNC_DFFHx1_ASAP7_75t_R)        0.00      72.88 f
  data arrival time                                                 72.88

  clock clk (rise edge)                                   0.00       0.00
  clock network delay (ideal)                             0.00       0.00
  read_data_q_reg_20_/CLK (ASYNC_DFFHx1_ASAP7_75t_R)                 0.00 r
  clock reconvergence pessimism                           0.00       0.00
  clock uncertainty                                     100.00     100.00
  library hold time                                       5.18     105.18
  data required time                                               105.18
  ------------------------------------------------------------------------------
  data required time                                               105.18
  data arrival time                                                -72.88
  ------------------------------------------------------------------------------
  slack (VIOLATED)                                                 -32.31


  Startpoint: fifo_mem_reg_2__21_
               (rising edge-triggered flip-flop clocked by clk)
  Endpoint: read_data_q_reg_21_
               (rising edge-triggered flip-flop clocked by clk)
  Path Group: clk
  Path Type: min

  Point                                                   Incr       Path
  ------------------------------------------------------------------------------
  clock clk (rise edge)                                   0.00       0.00
  clock network delay (ideal)                             0.00       0.00
  fifo_mem_reg_2__21_/CLK (DFFHQNx1_ASAP7_75t_R)          0.00       0.00 r
  fifo_mem_reg_2__21_/QN (DFFHQNx1_ASAP7_75t_R)          47.35      47.35 f
  U741/Y (AOI22xp33_ASAP7_75t_R)                         11.23      58.58 r
  U745/Y (NAND4xp25_ASAP7_75t_R)                         14.30      72.88 f
  read_data_q_reg_21_/D (ASYNC_DFFHx1_ASAP7_75t_R)        0.00      72.88 f
  data arrival time                                                 72.88

  clock clk (rise edge)                                   0.00       0.00
  clock network delay (ideal)                             0.00       0.00
  read_data_q_reg_21_/CLK (ASYNC_DFFHx1_ASAP7_75t_R)                 0.00 r
  clock reconvergence pessimism                           0.00       0.00
  clock uncertainty                                     100.00     100.00
  library hold time                                       5.18     105.18
  data required time                                               105.18
  ------------------------------------------------------------------------------
  data required time                                               105.18
  data arrival time                                                -72.88
  ------------------------------------------------------------------------------
  slack (VIOLATED)                                                 -32.31


  Startpoint: fifo_mem_reg_2__22_
               (rising edge-triggered flip-flop clocked by clk)
  Endpoint: read_data_q_reg_22_
               (rising edge-triggered flip-flop clocked by clk)
  Path Group: clk
  Path Type: min

  Point                                                   Incr       Path
  ------------------------------------------------------------------------------
  clock clk (rise edge)                                   0.00       0.00
  clock network delay (ideal)                             0.00       0.00
  fifo_mem_reg_2__22_/CLK (DFFHQNx1_ASAP7_75t_R)          0.00       0.00 r
  fifo_mem_reg_2__22_/QN (DFFHQNx1_ASAP7_75t_R)          47.35      47.35 f
  U746/Y (AOI22xp33_ASAP7_75t_R)                         11.23      58.58 r
  U750/Y (NAND4xp25_ASAP7_75t_R)                         14.30      72.88 f
  read_data_q_reg_22_/D (ASYNC_DFFHx1_ASAP7_75t_R)        0.00      72.88 f
  data arrival time                                                 72.88

  clock clk (rise edge)                                   0.00       0.00
  clock network delay (ideal)                             0.00       0.00
  read_data_q_reg_22_/CLK (ASYNC_DFFHx1_ASAP7_75t_R)                 0.00 r
  clock reconvergence pessimism                           0.00       0.00
  clock uncertainty                                     100.00     100.00
  library hold time                                       5.18     105.18
  data required time                                               105.18
  ------------------------------------------------------------------------------
  data required time                                               105.18
  data arrival time                                                -72.88
  ------------------------------------------------------------------------------
  slack (VIOLATED)                                                 -32.31


  Startpoint: fifo_mem_reg_2__0_
               (rising edge-triggered flip-flop clocked by clk)
  Endpoint: read_data_q_reg_0_
               (rising edge-triggered flip-flop clocked by clk)
  Path Group: clk
  Path Type: min

  Point                                                   Incr       Path
  ------------------------------------------------------------------------------
  clock clk (rise edge)                                   0.00       0.00
  clock network delay (ideal)                             0.00       0.00
  fifo_mem_reg_2__0_/CLK (DFFHQNx1_ASAP7_75t_R)           0.00       0.00 r
  fifo_mem_reg_2__0_/QN (DFFHQNx1_ASAP7_75t_R)           48.73      48.73 r
  U634/Y (AOI22xp33_ASAP7_75t_R)                         10.64      59.37 f
  U640/Y (NAND4xp25_ASAP7_75t_R)                         10.35      69.72 r
  read_data_q_reg_0_/D (ASYNC_DFFHx1_ASAP7_75t_R)         0.00      69.72 r
  data arrival time                                                 69.72

  clock clk (rise edge)                                   0.00       0.00
  clock network delay (ideal)                             0.00       0.00
  read_data_q_reg_0_/CLK (ASYNC_DFFHx1_ASAP7_75t_R)                  0.00 r
  clock reconvergence pessimism                           0.00       0.00
  clock uncertainty                                     100.00     100.00
  library hold time                                       1.77     101.77
  data required time                                               101.77
  ------------------------------------------------------------------------------
  data required time                                               101.77
  data arrival time                                                -69.72
  ------------------------------------------------------------------------------
  slack (VIOLATED)                                                 -32.04


  Startpoint: read_pointer_reg_3_
               (rising edge-triggered flip-flop clocked by clk)
  Endpoint: read_pointer_reg_3_
               (rising edge-triggered flip-flop clocked by clk)
  Path Group: clk
  Path Type: min

  Point                                                   Incr       Path
  ------------------------------------------------------------------------------
  clock clk (rise edge)                                   0.00       0.00
  clock network delay (ideal)                             0.00       0.00
  read_pointer_reg_3_/CLK (ASYNC_DFFHx1_ASAP7_75t_R)      0.00       0.00 r
  read_pointer_reg_3_/QN (ASYNC_DFFHx1_ASAP7_75t_R)      55.94      55.94 r
  U628/SN (HAxp5_ASAP7_75t_R)                            18.72      74.66 f
  read_pointer_reg_3_/D (ASYNC_DFFHx1_ASAP7_75t_R)        0.00      74.66 f
  data arrival time                                                 74.66

  clock clk (rise edge)                                   0.00       0.00
  clock network delay (ideal)                             0.00       0.00
  read_pointer_reg_3_/CLK (ASYNC_DFFHx1_ASAP7_75t_R)                 0.00 r
  clock reconvergence pessimism                           0.00       0.00
  clock uncertainty                                     100.00     100.00
  library hold time                                       6.49     106.49
  data required time                                               106.49
  ------------------------------------------------------------------------------
  data required time                                               106.49
  data arrival time                                                -74.66
  ------------------------------------------------------------------------------
  slack (VIOLATED)                                                 -31.83


  Startpoint: fifo_full_o_reg
               (rising edge-triggered flip-flop clocked by clk)
  Endpoint: u_write_clock_gate_en_latched_reg
               (negative level-sensitive latch clocked by clk)
  Path Group: clk
  Path Type: min

  Point                                                   Incr       Path
  ------------------------------------------------------------------------------
  clock clk (rise edge)                               10000.00   10000.00
  clock network delay (ideal)                             0.00   10000.00
  fifo_full_o_reg/CLK (ASYNC_DFFHx1_ASAP7_75t_R)          0.00   10000.00 r
  fifo_full_o_reg/QN (ASYNC_DFFHx1_ASAP7_75t_R)          56.05   10056.05 r
  U423/Y (A2O1A1Ixp33_ASAP7_75t_R)                       21.60   10077.65 f
  u_write_clock_gate_en_latched_reg/D (DLLx1_ASAP7_75t_R)
                                                          0.00   10077.65 f
  data arrival time                                              10077.65

  clock clk (rise edge)                               10000.00   10000.00
  clock network delay (ideal)                             0.00   10000.00
  u_write_clock_gate_en_latched_reg/CLK (DLLx1_ASAP7_75t_R)      10000.00 r
  clock reconvergence pessimism                           0.00   10000.00
  clock uncertainty                                     100.00   10100.00
  library hold time                                       4.61   10104.61
  data required time                                             10104.61
  ------------------------------------------------------------------------------
  data required time                                             10104.61
  data arrival time                                              -10077.65
  ------------------------------------------------------------------------------
  slack (VIOLATED)                                                 -26.96


  Startpoint: read_pointer_reg_1_
               (rising edge-triggered flip-flop clocked by clk)
  Endpoint: read_pointer_reg_1_
               (rising edge-triggered flip-flop clocked by clk)
  Path Group: clk
  Path Type: min

  Point                                                   Incr       Path
  ------------------------------------------------------------------------------
  clock clk (rise edge)                                   0.00       0.00
  clock network delay (ideal)                             0.00       0.00
  read_pointer_reg_1_/CLK (ASYNC_DFFHx1_ASAP7_75t_R)      0.00       0.00 r
  read_pointer_reg_1_/QN (ASYNC_DFFHx1_ASAP7_75t_R)      63.16      63.16 r
  U419/Y (AOI21xp33_ASAP7_75t_R)                         19.50      82.67 f
  read_pointer_reg_1_/D (ASYNC_DFFHx1_ASAP7_75t_R)        0.00      82.67 f
  data arrival time                                                 82.67

  clock clk (rise edge)                                   0.00       0.00
  clock network delay (ideal)                             0.00       0.00
  read_pointer_reg_1_/CLK (ASYNC_DFFHx1_ASAP7_75t_R)                 0.00 r
  clock reconvergence pessimism                           0.00       0.00
  clock uncertainty                                     100.00     100.00
  library hold time                                       7.57     107.57
  data required time                                               107.57
  ------------------------------------------------------------------------------
  data required time                                               107.57
  data arrival time                                                -82.67
  ------------------------------------------------------------------------------
  slack (VIOLATED)                                                 -24.91


  Startpoint: read_pointer_reg_2_
               (rising edge-triggered flip-flop clocked by clk)
  Endpoint: read_pointer_reg_2_
               (rising edge-triggered flip-flop clocked by clk)
  Path Group: clk
  Path Type: min

  Point                                                   Incr       Path
  ------------------------------------------------------------------------------
  clock clk (rise edge)                                   0.00       0.00
  clock network delay (ideal)                             0.00       0.00
  read_pointer_reg_2_/CLK (ASYNC_DFFHx1_ASAP7_75t_R)      0.00       0.00 r
  read_pointer_reg_2_/QN (ASYNC_DFFHx1_ASAP7_75t_R)      62.83      62.83 r
  U422/Y (AOI21xp33_ASAP7_75t_R)                         22.71      85.54 f
  read_pointer_reg_2_/D (ASYNC_DFFHx1_ASAP7_75t_R)        0.00      85.54 f
  data arrival time                                                 85.54

  clock clk (rise edge)                                   0.00       0.00
  clock network delay (ideal)                             0.00       0.00
  read_pointer_reg_2_/CLK (ASYNC_DFFHx1_ASAP7_75t_R)                 0.00 r
  clock reconvergence pessimism                           0.00       0.00
  clock uncertainty                                     100.00     100.00
  library hold time                                       6.48     106.48
  data required time                                               106.48
  ------------------------------------------------------------------------------
  data required time                                               106.48
  data arrival time                                                -85.54
  ------------------------------------------------------------------------------
  slack (VIOLATED)                                                 -20.95


  Startpoint: write_pointer_reg_0_
               (rising edge-triggered flip-flop clocked by clk)
  Endpoint: write_pointer_reg_0_
               (rising edge-triggered flip-flop clocked by clk)
  Path Group: clk
  Path Type: min

  Point                                                   Incr       Path
  ------------------------------------------------------------------------------
  clock clk (rise edge)                                   0.00       0.00
  clock network delay (ideal)                             0.00       0.00
  write_pointer_reg_0_/CLK (ASYNC_DFFHx1_ASAP7_75t_R)     0.00       0.00 r
  write_pointer_reg_0_/QN (ASYNC_DFFHx1_ASAP7_75t_R)     65.35      65.35 r
  U625/Y (AOI21xp33_ASAP7_75t_R)                         24.73      90.08 f
  write_pointer_reg_0_/D (ASYNC_DFFHx1_ASAP7_75t_R)       0.00      90.08 f
  data arrival time                                                 90.08

  clock clk (rise edge)                                   0.00       0.00
  clock network delay (ideal)                             0.00       0.00
  write_pointer_reg_0_/CLK (ASYNC_DFFHx1_ASAP7_75t_R)                0.00 r
  clock reconvergence pessimism                           0.00       0.00
  clock uncertainty                                     100.00     100.00
  library hold time                                       6.34     106.34
  data required time                                               106.34
  ------------------------------------------------------------------------------
  data required time                                               106.34
  data arrival time                                                -90.08
  ------------------------------------------------------------------------------
  slack (VIOLATED)                                                 -16.25


  Startpoint: write_pointer_reg_2_
               (rising edge-triggered flip-flop clocked by clk)
  Endpoint: write_pointer_reg_2_
               (rising edge-triggered flip-flop clocked by clk)
  Path Group: clk
  Path Type: min

  Point                                                   Incr       Path
  ------------------------------------------------------------------------------
  clock clk (rise edge)                                   0.00       0.00
  clock network delay (ideal)                             0.00       0.00
  write_pointer_reg_2_/CLK (ASYNC_DFFHx1_ASAP7_75t_R)     0.00       0.00 r
  write_pointer_reg_2_/QN (ASYNC_DFFHx1_ASAP7_75t_R)     70.76      70.76 r
  U427/Y (AOI21xp33_ASAP7_75t_R)                         25.33      96.09 f
  write_pointer_reg_2_/D (ASYNC_DFFHx1_ASAP7_75t_R)       0.00      96.09 f
  data arrival time                                                 96.09

  clock clk (rise edge)                                   0.00       0.00
  clock network delay (ideal)                             0.00       0.00
  write_pointer_reg_2_/CLK (ASYNC_DFFHx1_ASAP7_75t_R)                0.00 r
  clock reconvergence pessimism                           0.00       0.00
  clock uncertainty                                     100.00     100.00
  library hold time                                       6.53     106.53
  data required time                                               106.53
  ------------------------------------------------------------------------------
  data required time                                               106.53
  data arrival time                                                -96.09
  ------------------------------------------------------------------------------
  slack (VIOLATED)                                                 -10.44


  Startpoint: fifo_empty_o_reg
               (rising edge-triggered flip-flop clocked by clk)
  Endpoint: fifo_empty_o_reg
               (rising edge-triggered flip-flop clocked by clk)
  Path Group: clk
  Path Type: min

  Point                                                   Incr       Path
  ------------------------------------------------------------------------------
  clock clk (rise edge)                                   0.00       0.00
  clock network delay (ideal)                             0.00       0.00
  fifo_empty_o_reg/CLK (ASYNC_DFFHx1_ASAP7_75t_R)         0.00       0.00 r
  fifo_empty_o_reg/QN (ASYNC_DFFHx1_ASAP7_75t_R)         82.10      82.10 r
  U759/Y (AOI32xp33_ASAP7_75t_R)                         19.55     101.65 f
  fifo_empty_o_reg/D (ASYNC_DFFHx1_ASAP7_75t_R)           0.00     101.65 f
  data arrival time                                                101.65

  clock clk (rise edge)                                   0.00       0.00
  clock network delay (ideal)                             0.00       0.00
  fifo_empty_o_reg/CLK (ASYNC_DFFHx1_ASAP7_75t_R)                    0.00 r
  clock reconvergence pessimism                           0.00       0.00
  clock uncertainty                                     100.00     100.00
  library hold time                                       6.10     106.10
  data required time                                               106.10
  ------------------------------------------------------------------------------
  data required time                                               106.10
  data arrival time                                               -101.65
  ------------------------------------------------------------------------------
  slack (VIOLATED)                                                  -4.44


1
